INFO | 2026-07-05 18:39:43,231 | views | User Dmytro registered successfully!
WARNING | 2026-07-05 19:41:55,485 | log | Not Found: /favicon.ico
WARNING | 2026-07-05 19:41:55,486 | log | "GET /favicon.ico HTTP/1.1" 404 20432
ERROR | 2026-07-05 19:42:07,371 | log | Internal Server Error: /users/login/
Traceback (most recent call last):
  File "/Users/rozhchenko/PycharmProjects/Book_shop/.venv/lib/python3.14/site-packages/django/db/backends/utils.py", line 105, in _execute
    return self.cursor.execute(sql, params)
           ~~~~~~~~~~~~~~~~~~~^^^^^^^^^^^^^
  File "/Users/rozhchenko/PycharmProjects/Book_shop/.venv/lib/python3.14/site-packages/django/db/backends/sqlite3/base.py", line 359, in execute
    return super().execute(query, params)
           ~~~~~~~~~~~~~~~^^^^^^^^^^^^^^^
sqlite3.OperationalError: no such table: django_site

The above exception was the direct cause of the following exception:

Traceback (most recent call last):
  File "/Users/rozhchenko/PycharmProjects/Book_shop/.venv/lib/python3.14/site-packages/django/core/handlers/exception.py", line 55, in inner
    response = get_response(request)
  File "/Users/rozhchenko/PycharmProjects/Book_shop/.venv/lib/python3.14/site-packages/django/core/handlers/base.py", line 198, in _get_response
    response = wrapped_callback(request, *callback_args, **callback_kwargs)
  File "/Users/rozhchenko/PycharmProjects/Book_shop/.venv/lib/python3.14/site-packages/django/views/generic/base.py", line 106, in view
    return self.dispatch(request, *args, **kwargs)
           ~~~~~~~~~~~~~^^^^^^^^^^^^^^^^^^^^^^^^^^
  File "/Users/rozhchenko/PycharmProjects/Book_shop/.venv/lib/python3.14/site-packages/django/utils/decorators.py", line 48, in _wrapper
    return bound_method(*args, **kwargs)
  File "/Users/rozhchenko/PycharmProjects/Book_shop/.venv/lib/python3.14/site-packages/django/views/decorators/debug.py", line 143, in sensitive_post_parameters_wrapper
    return view(request, *args, **kwargs)
  File "/Users/rozhchenko/PycharmProjects/Book_shop/.venv/lib/python3.14/site-packages/django/utils/decorators.py", line 192, in _view_wrapper
    result = _process_exception(request, e)
  File "/Users/rozhchenko/PycharmProjects/Book_shop/.venv/lib/python3.14/site-packages/django/utils/decorators.py", line 190, in _view_wrapper
    response = view_func(request, *args, **kwargs)
  File "/Users/rozhchenko/PycharmProjects/Book_shop/.venv/lib/python3.14/site-packages/django/views/decorators/cache.py", line 80, in _view_wrapper
    response = view_func(request, *args, **kwargs)
  File "/Users/rozhchenko/PycharmProjects/Book_shop/.venv/lib/python3.14/site-packages/django/contrib/auth/views.py", line 89, in dispatch
    return super().dispatch(request, *args, **kwargs)
           ~~~~~~~~~~~~~~~~^^^^^^^^^^^^^^^^^^^^^^^^^^
  File "/Users/rozhchenko/PycharmProjects/Book_shop/.venv/lib/python3.14/site-packages/django/views/generic/base.py", line 145, in dispatch
    return handler(request, *args, **kwargs)
  File "/Users/rozhchenko/PycharmProjects/Book_shop/.venv/lib/python3.14/site-packages/django/views/generic/edit.py", line 142, in get
    return self.render_to_response(self.get_context_data())
                                   ~~~~~~~~~~~~~~~~~~~~~^^
  File "/Users/rozhchenko/PycharmProjects/Book_shop/.venv/lib/python3.14/site-packages/django/contrib/auth/views.py", line 113, in get_context_data
    current_site = get_current_site(self.request)
  File "/Users/rozhchenko/PycharmProjects/Book_shop/.venv/lib/python3.14/site-packages/django/contrib/sites/shortcuts.py", line 16, in get_current_site
    return Site.objects.get_current(request)
           ~~~~~~~~~~~~~~~~~~~~~~~~^^^^^^^^^
  File "/Users/rozhchenko/PycharmProjects/Book_shop/.venv/lib/python3.14/site-packages/django/contrib/sites/models.py", line 59, in get_current
    return self._get_site_by_id(site_id)
           ~~~~~~~~~~~~~~~~~~~~^^^^^^^^^
  File "/Users/rozhchenko/PycharmProjects/Book_shop/.venv/lib/python3.14/site-packages/django/contrib/sites/models.py", line 30, in _get_site_by_id
    site = self.get(pk=site_id)
  File "/Users/rozhchenko/PycharmProjects/Book_shop/.venv/lib/python3.14/site-packages/django/db/models/manager.py", line 87, in manager_method
    return getattr(self.get_queryset(), name)(*args, **kwargs)
           ~~~~~~~~~~~~~~~~~~~~~~~~~~~~~~~~~~^^^^^^^^^^^^^^^^^
  File "/Users/rozhchenko/PycharmProjects/Book_shop/.venv/lib/python3.14/site-packages/django/db/models/query.py", line 635, in get
    num = len(clone)
  File "/Users/rozhchenko/PycharmProjects/Book_shop/.venv/lib/python3.14/site-packages/django/db/models/query.py", line 372, in __len__
    self._fetch_all()
    ~~~~~~~~~~~~~~~^^
  File "/Users/rozhchenko/PycharmProjects/Book_shop/.venv/lib/python3.14/site-packages/django/db/models/query.py", line 2000, in _fetch_all
    self._result_cache = list(self._iterable_class(self))
                         ~~~~^^^^^^^^^^^^^^^^^^^^^^^^^^^^
  File "/Users/rozhchenko/PycharmProjects/Book_shop/.venv/lib/python3.14/site-packages/django/db/models/query.py", line 95, in __iter__
    results = compiler.execute_sql(
        chunked_fetch=self.chunked_fetch, chunk_size=self.chunk_size
    )
  File "/Users/rozhchenko/PycharmProjects/Book_shop/.venv/lib/python3.14/site-packages/django/db/models/sql/compiler.py", line 1624, in execute_sql
    cursor.execute(sql, params)
    ~~~~~~~~~~~~~~^^^^^^^^^^^^^
  File "/Users/rozhchenko/PycharmProjects/Book_shop/.venv/lib/python3.14/site-packages/debug_toolbar/panels/sql/tracking.py", line 281, in execute
    return self._record(super().execute, sql, params)
           ~~~~~~~~~~~~^^^^^^^^^^^^^^^^^^^^^^^^^^^^^^
  File "/Users/rozhchenko/PycharmProjects/Book_shop/.venv/lib/python3.14/site-packages/debug_toolbar/panels/sql/tracking.py", line 201, in _record
    return method(sql, params)
  File "/Users/rozhchenko/PycharmProjects/Book_shop/.venv/lib/python3.14/site-packages/django/db/backends/utils.py", line 122, in execute
    return super().execute(sql, params)
           ~~~~~~~~~~~~~~~^^^^^^^^^^^^^
  File "/Users/rozhchenko/PycharmProjects/Book_shop/.venv/lib/python3.14/site-packages/django/db/backends/utils.py", line 79, in execute
    return self._execute_with_wrappers(
           ~~~~~~~~~~~~~~~~~~~~~~~~~~~^
        sql, params, many=False, executor=self._execute
        ^^^^^^^^^^^^^^^^^^^^^^^^^^^^^^^^^^^^^^^^^^^^^^^
    )
    ^
  File "/Users/rozhchenko/PycharmProjects/Book_shop/.venv/lib/python3.14/site-packages/django/db/backends/utils.py", line 92, in _execute_with_wrappers
    return executor(sql, params, many, context)
  File "/Users/rozhchenko/PycharmProjects/Book_shop/.venv/lib/python3.14/site-packages/django/db/backends/utils.py", line 100, in _execute
    with self.db.wrap_database_errors:
         ^^^^^^^^^^^^^^^^^^^^^^^^^^^^
  File "/Users/rozhchenko/PycharmProjects/Book_shop/.venv/lib/python3.14/site-packages/django/db/utils.py", line 94, in __exit__
    raise dj_exc_value.with_traceback(traceback) from exc_value
  File "/Users/rozhchenko/PycharmProjects/Book_shop/.venv/lib/python3.14/site-packages/django/db/backends/utils.py", line 105, in _execute
    return self.cursor.execute(sql, params)
           ~~~~~~~~~~~~~~~~~~~^^^^^^^^^^^^^
  File "/Users/rozhchenko/PycharmProjects/Book_shop/.venv/lib/python3.14/site-packages/django/db/backends/sqlite3/base.py", line 359, in execute
    return super().execute(query, params)
           ~~~~~~~~~~~~~~~^^^^^^^^^^^^^^^
django.db.utils.OperationalError: no such table: django_site
ERROR | 2026-07-05 19:42:07,446 | log | "GET /users/login/ HTTP/1.1" 500 217685
WARNING | 2026-07-08 17:17:00,698 | log | Not Found: /favicon.ico
WARNING | 2026-07-08 17:17:00,699 | log | "GET /favicon.ico HTTP/1.1" 404 20432
WARNING | 2026-07-09 18:34:22,966 | log | Not Found: /favicon.ico
WARNING | 2026-07-09 18:34:22,967 | log | "GET /favicon.ico HTTP/1.1" 404 5807
WARNING | 2026-07-15 19:01:04,545 | log | Not Found: /favicon.ico
WARNING | 2026-07-15 19:01:04,545 | log | "GET /favicon.ico HTTP/1.1" 404 5807
ERROR | 2026-07-16 18:51:55,410 | log | Invalid HTTP_HOST header: '0.0.0.0:8000'. You may need to add '0.0.0.0' to ALLOWED_HOSTS.
Traceback (most recent call last):
  File "/usr/local/lib/python3.12/site-packages/django/core/handlers/exception.py", line 55, in inner
    response = get_response(request)
               ^^^^^^^^^^^^^^^^^^^^^
  File "/usr/local/lib/python3.12/site-packages/django/utils/deprecation.py", line 308, in __call__
    response = self.process_request(request)
               ^^^^^^^^^^^^^^^^^^^^^^^^^^^^^
  File "/usr/local/lib/python3.12/site-packages/django/middleware/common.py", line 48, in process_request
    host = request.get_host()
           ^^^^^^^^^^^^^^^^^^
  File "/usr/local/lib/python3.12/site-packages/django/http/request.py", line 206, in get_host
    raise DisallowedHost(msg)
django.core.exceptions.DisallowedHost: Invalid HTTP_HOST header: '0.0.0.0:8000'. You may need to add '0.0.0.0' to ALLOWED_HOSTS.
WARNING | 2026-07-16 18:51:55,424 | log | "GET / HTTP/1.1" 400 63625
ERROR | 2026-07-16 18:51:55,725 | log | Invalid HTTP_HOST header: '0.0.0.0:8000'. You may need to add '0.0.0.0' to ALLOWED_HOSTS.
Traceback (most recent call last):
  File "/usr/local/lib/python3.12/site-packages/django/core/handlers/exception.py", line 55, in inner
    response = get_response(request)
               ^^^^^^^^^^^^^^^^^^^^^
  File "/usr/local/lib/python3.12/site-packages/django/utils/deprecation.py", line 308, in __call__
    response = self.process_request(request)
               ^^^^^^^^^^^^^^^^^^^^^^^^^^^^^
  File "/usr/local/lib/python3.12/site-packages/django/middleware/common.py", line 48, in process_request
    host = request.get_host()
           ^^^^^^^^^^^^^^^^^^
  File "/usr/local/lib/python3.12/site-packages/django/http/request.py", line 206, in get_host
    raise DisallowedHost(msg)
django.core.exceptions.DisallowedHost: Invalid HTTP_HOST header: '0.0.0.0:8000'. You may need to add '0.0.0.0' to ALLOWED_HOSTS.
WARNING | 2026-07-16 18:51:55,727 | log | "GET /favicon.ico HTTP/1.1" 400 63575
ERROR | 2026-07-16 18:54:36,505 | log | Internal Server Error: /
Traceback (most recent call last):
  File "/usr/local/lib/python3.12/site-packages/django/db/backends/utils.py", line 105, in _execute
    return self.cursor.execute(sql, params)
           ^^^^^^^^^^^^^^^^^^^^^^^^^^^^^^^^
psycopg2.errors.UndefinedTable: relation "shop_book" does not exist
LINE 1: SELECT COUNT(*) AS "__count" FROM "shop_book" WHERE ("shop_b...
                                          ^


The above exception was the direct cause of the following exception:

Traceback (most recent call last):
  File "/usr/local/lib/python3.12/site-packages/django/core/handlers/exception.py", line 55, in inner
    response = get_response(request)
               ^^^^^^^^^^^^^^^^^^^^^
  File "/usr/local/lib/python3.12/site-packages/django/core/handlers/base.py", line 198, in _get_response
    response = wrapped_callback(request, *callback_args, **callback_kwargs)
               ^^^^^^^^^^^^^^^^^^^^^^^^^^^^^^^^^^^^^^^^^^^^^^^^^^^^^^^^^^^^
  File "/usr/local/lib/python3.12/site-packages/django/views/generic/base.py", line 106, in view
    return self.dispatch(request, *args, **kwargs)
           ^^^^^^^^^^^^^^^^^^^^^^^^^^^^^^^^^^^^^^^
  File "/usr/local/lib/python3.12/site-packages/django/views/generic/base.py", line 145, in dispatch
    return handler(request, *args, **kwargs)
           ^^^^^^^^^^^^^^^^^^^^^^^^^^^^^^^^^
  File "/usr/local/lib/python3.12/site-packages/django/views/generic/list.py", line 178, in get
    context = self.get_context_data()
              ^^^^^^^^^^^^^^^^^^^^^^^
  File "/app/shop/views.py", line 64, in get_context_data
    context = super(BookListView, self).get_context_data(**kwargs)
              ^^^^^^^^^^^^^^^^^^^^^^^^^^^^^^^^^^^^^^^^^^^^^^^^^^^^
  File "/usr/local/lib/python3.12/site-packages/django/views/generic/list.py", line 128, in get_context_data
    paginator, page, queryset, is_paginated = self.paginate_queryset(
                                              ^^^^^^^^^^^^^^^^^^^^^^^
  File "/usr/local/lib/python3.12/site-packages/django/views/generic/list.py", line 73, in paginate_queryset
    page = paginator.page(page_number)
           ^^^^^^^^^^^^^^^^^^^^^^^^^^^
  File "/usr/local/lib/python3.12/site-packages/django/core/paginator.py", line 177, in page
    number = self.validate_number(number)
             ^^^^^^^^^^^^^^^^^^^^^^^^^^^^
  File "/usr/local/lib/python3.12/site-packages/django/core/paginator.py", line 160, in validate_number
    return self._validate_number(number, self.num_pages)
                                         ^^^^^^^^^^^^^^
  File "/usr/local/lib/python3.12/site-packages/django/utils/functional.py", line 47, in __get__
    res = instance.__dict__[self.name] = self.func(instance)
                                         ^^^^^^^^^^^^^^^^^^^
  File "/usr/local/lib/python3.12/site-packages/django/core/paginator.py", line 195, in num_pages
    if self.count == 0 and not self.allow_empty_first_page:
       ^^^^^^^^^^
  File "/usr/local/lib/python3.12/site-packages/django/utils/functional.py", line 47, in __get__
    res = instance.__dict__[self.name] = self.func(instance)
                                         ^^^^^^^^^^^^^^^^^^^
  File "/usr/local/lib/python3.12/site-packages/django/core/paginator.py", line 189, in count
    return c()
           ^^^
  File "/usr/local/lib/python3.12/site-packages/django/db/models/query.py", line 610, in count
    return self.query.get_count(using=self.db)
           ^^^^^^^^^^^^^^^^^^^^^^^^^^^^^^^^^^^
  File "/usr/local/lib/python3.12/site-packages/django/db/models/sql/query.py", line 656, in get_count
    return obj.get_aggregation(using, {"__count": Count("*")})["__count"]
           ^^^^^^^^^^^^^^^^^^^^^^^^^^^^^^^^^^^^^^^^^^^^^^^^^^^
  File "/usr/local/lib/python3.12/site-packages/django/db/models/sql/query.py", line 638, in get_aggregation
    result = compiler.execute_sql(SINGLE)
             ^^^^^^^^^^^^^^^^^^^^^^^^^^^^
  File "/usr/local/lib/python3.12/site-packages/django/db/models/sql/compiler.py", line 1624, in execute_sql
    cursor.execute(sql, params)
  File "/usr/local/lib/python3.12/site-packages/django/db/backends/utils.py", line 122, in execute
    return super().execute(sql, params)
           ^^^^^^^^^^^^^^^^^^^^^^^^^^^^
  File "/usr/local/lib/python3.12/site-packages/django/db/backends/utils.py", line 79, in execute
    return self._execute_with_wrappers(
           ^^^^^^^^^^^^^^^^^^^^^^^^^^^^
  File "/usr/local/lib/python3.12/site-packages/django/db/backends/utils.py", line 92, in _execute_with_wrappers
    return executor(sql, params, many, context)
           ^^^^^^^^^^^^^^^^^^^^^^^^^^^^^^^^^^^^
  File "/usr/local/lib/python3.12/site-packages/django/db/backends/utils.py", line 100, in _execute
    with self.db.wrap_database_errors:
         ^^^^^^^^^^^^^^^^^^^^^^^^^^^^
  File "/usr/local/lib/python3.12/site-packages/django/db/utils.py", line 94, in __exit__
    raise dj_exc_value.with_traceback(traceback) from exc_value
  File "/usr/local/lib/python3.12/site-packages/django/db/backends/utils.py", line 105, in _execute
    return self.cursor.execute(sql, params)
           ^^^^^^^^^^^^^^^^^^^^^^^^^^^^^^^^
django.db.utils.ProgrammingError: relation "shop_book" does not exist
LINE 1: SELECT COUNT(*) AS "__count" FROM "shop_book" WHERE ("shop_b...
                                          ^

ERROR | 2026-07-16 18:54:36,513 | log | "GET / HTTP/1.1" 500 164755
WARNING | 2026-07-16 18:54:36,681 | log | Not Found: /favicon.ico
WARNING | 2026-07-16 18:54:36,683 | log | "GET /favicon.ico HTTP/1.1" 404 5805
WARNING | 2026-07-26 05:56:17,828 | log | Not Found: /favicon.ico
WARNING | 2026-07-26 05:56:17,830 | log | "GET /favicon.ico HTTP/1.1" 404 6103
ERROR | 2026-07-26 06:17:01,772 | log | Internal Server Error: /users/register/
Traceback (most recent call last):
  File "/usr/local/lib/python3.12/site-packages/django/contrib/auth/__init__.py", line 57, in _get_backend_from_user
    backend = backend or user.backend
                         ^^^^^^^^^^^^
AttributeError: 'CustomUser' object has no attribute 'backend'

During handling of the above exception, another exception occurred:

Traceback (most recent call last):
  File "/usr/local/lib/python3.12/site-packages/django/core/handlers/exception.py", line 55, in inner
    response = get_response(request)
               ^^^^^^^^^^^^^^^^^^^^^
  File "/usr/local/lib/python3.12/site-packages/django/core/handlers/base.py", line 198, in _get_response
    response = wrapped_callback(request, *callback_args, **callback_kwargs)
               ^^^^^^^^^^^^^^^^^^^^^^^^^^^^^^^^^^^^^^^^^^^^^^^^^^^^^^^^^^^^
  File "/usr/local/lib/python3.12/site-packages/django/views/generic/base.py", line 106, in view
    return self.dispatch(request, *args, **kwargs)
           ^^^^^^^^^^^^^^^^^^^^^^^^^^^^^^^^^^^^^^^
  File "/usr/local/lib/python3.12/site-packages/django/views/generic/base.py", line 145, in dispatch
    return handler(request, *args, **kwargs)
           ^^^^^^^^^^^^^^^^^^^^^^^^^^^^^^^^^
  File "/usr/local/lib/python3.12/site-packages/django/views/generic/edit.py", line 182, in post
    return super().post(request, *args, **kwargs)
           ^^^^^^^^^^^^^^^^^^^^^^^^^^^^^^^^^^^^^^
  File "/usr/local/lib/python3.12/site-packages/django/views/generic/edit.py", line 151, in post
    return self.form_valid(form)
           ^^^^^^^^^^^^^^^^^^^^^
  File "/app/user_management/views.py", line 17, in form_valid
    login(self.request, self.object)
  File "/usr/local/lib/python3.12/site-packages/django/contrib/auth/__init__.py", line 189, in login
    backend = _get_backend_from_user(user=user, backend=backend)
              ^^^^^^^^^^^^^^^^^^^^^^^^^^^^^^^^^^^^^^^^^^^^^^^^^^
  File "/usr/local/lib/python3.12/site-packages/django/contrib/auth/__init__.py", line 63, in _get_backend_from_user
    raise ValueError(
ValueError: You have multiple authentication backends configured and therefore must provide the `backend` argument or set the `backend` attribute on the user.
ERROR | 2026-07-26 06:17:01,777 | log | "POST /users/register/ HTTP/1.1" 500 94502
ERROR | 2026-07-26 06:22:45,161 | log | Internal Server Error: /users/register/
Traceback (most recent call last):
  File "/usr/local/lib/python3.12/site-packages/django/contrib/auth/__init__.py", line 57, in _get_backend_from_user
    backend = backend or user.backend
                         ^^^^^^^^^^^^
AttributeError: 'CustomUser' object has no attribute 'backend'

During handling of the above exception, another exception occurred:

Traceback (most recent call last):
  File "/usr/local/lib/python3.12/site-packages/django/core/handlers/exception.py", line 55, in inner
    response = get_response(request)
               ^^^^^^^^^^^^^^^^^^^^^
  File "/usr/local/lib/python3.12/site-packages/django/core/handlers/base.py", line 198, in _get_response
    response = wrapped_callback(request, *callback_args, **callback_kwargs)
               ^^^^^^^^^^^^^^^^^^^^^^^^^^^^^^^^^^^^^^^^^^^^^^^^^^^^^^^^^^^^
  File "/usr/local/lib/python3.12/site-packages/django/views/generic/base.py", line 106, in view
    return self.dispatch(request, *args, **kwargs)
           ^^^^^^^^^^^^^^^^^^^^^^^^^^^^^^^^^^^^^^^
  File "/usr/local/lib/python3.12/site-packages/django/views/generic/base.py", line 145, in dispatch
    return handler(request, *args, **kwargs)
           ^^^^^^^^^^^^^^^^^^^^^^^^^^^^^^^^^
  File "/usr/local/lib/python3.12/site-packages/django/views/generic/edit.py", line 182, in post
    return super().post(request, *args, **kwargs)
           ^^^^^^^^^^^^^^^^^^^^^^^^^^^^^^^^^^^^^^
  File "/usr/local/lib/python3.12/site-packages/django/views/generic/edit.py", line 151, in post
    return self.form_valid(form)
           ^^^^^^^^^^^^^^^^^^^^^
  File "/app/user_management/views.py", line 17, in form_valid
    login(self.request, self.object)
  File "/usr/local/lib/python3.12/site-packages/django/contrib/auth/__init__.py", line 189, in login
    backend = _get_backend_from_user(user=user, backend=backend)
              ^^^^^^^^^^^^^^^^^^^^^^^^^^^^^^^^^^^^^^^^^^^^^^^^^^
  File "/usr/local/lib/python3.12/site-packages/django/contrib/auth/__init__.py", line 63, in _get_backend_from_user
    raise ValueError(
ValueError: You have multiple authentication backends configured and therefore must provide the `backend` argument or set the `backend` attribute on the user.
ERROR | 2026-07-26 06:22:45,166 | log | "POST /users/register/ HTTP/1.1" 500 94591
INFO | 2026-07-26 06:27:02,059 | views | User Nikitta registered successfully!
ERROR | 2026-07-26 07:53:39,551 | log | Internal Server Error: /
Traceback (most recent call last):
  File "/usr/local/lib/python3.12/site-packages/django/core/handlers/exception.py", line 55, in inner
    response = get_response(request)
               ^^^^^^^^^^^^^^^^^^^^^
  File "/usr/local/lib/python3.12/site-packages/django/core/handlers/base.py", line 221, in _get_response
    response = response.render()
               ^^^^^^^^^^^^^^^^^
  File "/usr/local/lib/python3.12/site-packages/django/template/response.py", line 114, in render
    self.content = self.rendered_content
                   ^^^^^^^^^^^^^^^^^^^^^
  File "/usr/local/lib/python3.12/site-packages/django/template/response.py", line 92, in rendered_content
    return template.render(context, self._request)
           ^^^^^^^^^^^^^^^^^^^^^^^^^^^^^^^^^^^^^^^
  File "/usr/local/lib/python3.12/site-packages/django/template/backends/django.py", line 107, in render
    return self.template.render(context)
           ^^^^^^^^^^^^^^^^^^^^^^^^^^^^^
  File "/usr/local/lib/python3.12/site-packages/django/template/base.py", line 174, in render
    return self._render(context)
           ^^^^^^^^^^^^^^^^^^^^^
  File "/usr/local/lib/python3.12/site-packages/django/test/utils.py", line 114, in instrumented_test_render
    return self.nodelist.render(context)
           ^^^^^^^^^^^^^^^^^^^^^^^^^^^^^
  File "/usr/local/lib/python3.12/site-packages/django/template/base.py", line 1091, in render
    return SafeString("".join([node.render_annotated(context) for node in self]))
                               ^^^^^^^^^^^^^^^^^^^^^^^^^^^^^^
  File "/usr/local/lib/python3.12/site-packages/django/template/base.py", line 1052, in render_annotated
    return self.render(context)
           ^^^^^^^^^^^^^^^^^^^^
  File "/usr/local/lib/python3.12/site-packages/django/template/loader_tags.py", line 160, in render
    return compiled_parent._render(context)
           ^^^^^^^^^^^^^^^^^^^^^^^^^^^^^^^^
  File "/usr/local/lib/python3.12/site-packages/django/test/utils.py", line 114, in instrumented_test_render
    return self.nodelist.render(context)
           ^^^^^^^^^^^^^^^^^^^^^^^^^^^^^
  File "/usr/local/lib/python3.12/site-packages/django/template/base.py", line 1091, in render
    return SafeString("".join([node.render_annotated(context) for node in self]))
                               ^^^^^^^^^^^^^^^^^^^^^^^^^^^^^^
  File "/usr/local/lib/python3.12/site-packages/django/template/base.py", line 1052, in render_annotated
    return self.render(context)
           ^^^^^^^^^^^^^^^^^^^^
  File "/usr/local/lib/python3.12/site-packages/django/template/loader_tags.py", line 66, in render
    result = block.nodelist.render(context)
             ^^^^^^^^^^^^^^^^^^^^^^^^^^^^^^
  File "/usr/local/lib/python3.12/site-packages/django/template/base.py", line 1091, in render
    return SafeString("".join([node.render_annotated(context) for node in self]))
                               ^^^^^^^^^^^^^^^^^^^^^^^^^^^^^^
  File "/usr/local/lib/python3.12/site-packages/django/template/base.py", line 1052, in render_annotated
    return self.render(context)
           ^^^^^^^^^^^^^^^^^^^^
  File "/usr/local/lib/python3.12/site-packages/django/template/defaulttags.py", line 249, in render
    nodelist.append(node.render_annotated(context))
                    ^^^^^^^^^^^^^^^^^^^^^^^^^^^^^^
  File "/usr/local/lib/python3.12/site-packages/django/template/base.py", line 1052, in render_annotated
    return self.render(context)
           ^^^^^^^^^^^^^^^^^^^^
  File "/usr/local/lib/python3.12/site-packages/django/template/defaulttags.py", line 333, in render
    return nodelist.render(context)
           ^^^^^^^^^^^^^^^^^^^^^^^^
  File "/usr/local/lib/python3.12/site-packages/django/template/base.py", line 1091, in render
    return SafeString("".join([node.render_annotated(context) for node in self]))
                               ^^^^^^^^^^^^^^^^^^^^^^^^^^^^^^
  File "/usr/local/lib/python3.12/site-packages/django/template/base.py", line 1052, in render_annotated
    return self.render(context)
           ^^^^^^^^^^^^^^^^^^^^
  File "/usr/local/lib/python3.12/site-packages/django/template/defaulttags.py", line 511, in render
    url = reverse(view_name, args=args, kwargs=kwargs, current_app=current_app)
          ^^^^^^^^^^^^^^^^^^^^^^^^^^^^^^^^^^^^^^^^^^^^^^^^^^^^^^^^^^^^^^^^^^^^^
  File "/usr/local/lib/python3.12/site-packages/django/urls/base.py", line 98, in reverse
    resolved_url = resolver._reverse_with_prefix(view, prefix, *args, **kwargs)
                   ^^^^^^^^^^^^^^^^^^^^^^^^^^^^^^^^^^^^^^^^^^^^^^^^^^^^^^^^^^^^
  File "/usr/local/lib/python3.12/site-packages/django/urls/resolvers.py", line 842, in _reverse_with_prefix
    raise NoReverseMatch(msg)
django.urls.exceptions.NoReverseMatch: Reverse for 'add_to_cart' with arguments '(1,)' not found. 1 pattern(s) tried: ['order/add/\\Z']
ERROR | 2026-07-26 07:53:39,557 | log | "GET / HTTP/1.1" 500 179018
ERROR | 2026-07-26 07:53:45,567 | log | Internal Server Error: /
Traceback (most recent call last):
  File "/usr/local/lib/python3.12/site-packages/django/core/handlers/exception.py", line 55, in inner
    response = get_response(request)
               ^^^^^^^^^^^^^^^^^^^^^
  File "/usr/local/lib/python3.12/site-packages/django/core/handlers/base.py", line 221, in _get_response
    response = response.render()
               ^^^^^^^^^^^^^^^^^
  File "/usr/local/lib/python3.12/site-packages/django/template/response.py", line 114, in render
    self.content = self.rendered_content
                   ^^^^^^^^^^^^^^^^^^^^^
  File "/usr/local/lib/python3.12/site-packages/django/template/response.py", line 92, in rendered_content
    return template.render(context, self._request)
           ^^^^^^^^^^^^^^^^^^^^^^^^^^^^^^^^^^^^^^^
  File "/usr/local/lib/python3.12/site-packages/django/template/backends/django.py", line 107, in render
    return self.template.render(context)
           ^^^^^^^^^^^^^^^^^^^^^^^^^^^^^
  File "/usr/local/lib/python3.12/site-packages/django/template/base.py", line 174, in render
    return self._render(context)
           ^^^^^^^^^^^^^^^^^^^^^
  File "/usr/local/lib/python3.12/site-packages/django/test/utils.py", line 114, in instrumented_test_render
    return self.nodelist.render(context)
           ^^^^^^^^^^^^^^^^^^^^^^^^^^^^^
  File "/usr/local/lib/python3.12/site-packages/django/template/base.py", line 1091, in render
    return SafeString("".join([node.render_annotated(context) for node in self]))
                               ^^^^^^^^^^^^^^^^^^^^^^^^^^^^^^
  File "/usr/local/lib/python3.12/site-packages/django/template/base.py", line 1052, in render_annotated
    return self.render(context)
           ^^^^^^^^^^^^^^^^^^^^
  File "/usr/local/lib/python3.12/site-packages/django/template/loader_tags.py", line 160, in render
    return compiled_parent._render(context)
           ^^^^^^^^^^^^^^^^^^^^^^^^^^^^^^^^
  File "/usr/local/lib/python3.12/site-packages/django/test/utils.py", line 114, in instrumented_test_render
    return self.nodelist.render(context)
           ^^^^^^^^^^^^^^^^^^^^^^^^^^^^^
  File "/usr/local/lib/python3.12/site-packages/django/template/base.py", line 1091, in render
    return SafeString("".join([node.render_annotated(context) for node in self]))
                               ^^^^^^^^^^^^^^^^^^^^^^^^^^^^^^
  File "/usr/local/lib/python3.12/site-packages/django/template/base.py", line 1052, in render_annotated
    return self.render(context)
           ^^^^^^^^^^^^^^^^^^^^
  File "/usr/local/lib/python3.12/site-packages/django/template/loader_tags.py", line 66, in render
    result = block.nodelist.render(context)
             ^^^^^^^^^^^^^^^^^^^^^^^^^^^^^^
  File "/usr/local/lib/python3.12/site-packages/django/template/base.py", line 1091, in render
    return SafeString("".join([node.render_annotated(context) for node in self]))
                               ^^^^^^^^^^^^^^^^^^^^^^^^^^^^^^
  File "/usr/local/lib/python3.12/site-packages/django/template/base.py", line 1052, in render_annotated
    return self.render(context)
           ^^^^^^^^^^^^^^^^^^^^
  File "/usr/local/lib/python3.12/site-packages/django/template/defaulttags.py", line 249, in render
    nodelist.append(node.render_annotated(context))
                    ^^^^^^^^^^^^^^^^^^^^^^^^^^^^^^
  File "/usr/local/lib/python3.12/site-packages/django/template/base.py", line 1052, in render_annotated
    return self.render(context)
           ^^^^^^^^^^^^^^^^^^^^
  File "/usr/local/lib/python3.12/site-packages/django/template/defaulttags.py", line 333, in render
    return nodelist.render(context)
           ^^^^^^^^^^^^^^^^^^^^^^^^
  File "/usr/local/lib/python3.12/site-packages/django/template/base.py", line 1091, in render
    return SafeString("".join([node.render_annotated(context) for node in self]))
                               ^^^^^^^^^^^^^^^^^^^^^^^^^^^^^^
  File "/usr/local/lib/python3.12/site-packages/django/template/base.py", line 1052, in render_annotated
    return self.render(context)
           ^^^^^^^^^^^^^^^^^^^^
  File "/usr/local/lib/python3.12/site-packages/django/template/defaulttags.py", line 511, in render
    url = reverse(view_name, args=args, kwargs=kwargs, current_app=current_app)
          ^^^^^^^^^^^^^^^^^^^^^^^^^^^^^^^^^^^^^^^^^^^^^^^^^^^^^^^^^^^^^^^^^^^^^
  File "/usr/local/lib/python3.12/site-packages/django/urls/base.py", line 98, in reverse
    resolved_url = resolver._reverse_with_prefix(view, prefix, *args, **kwargs)
                   ^^^^^^^^^^^^^^^^^^^^^^^^^^^^^^^^^^^^^^^^^^^^^^^^^^^^^^^^^^^^
  File "/usr/local/lib/python3.12/site-packages/django/urls/resolvers.py", line 842, in _reverse_with_prefix
    raise NoReverseMatch(msg)
django.urls.exceptions.NoReverseMatch: Reverse for 'add_to_cart' with arguments '(1,)' not found. 1 pattern(s) tried: ['order/add/\\Z']
ERROR | 2026-07-26 07:53:45,571 | log | "GET / HTTP/1.1" 500 179155
ERROR | 2026-07-26 07:57:07,001 | log | Internal Server Error: /
Traceback (most recent call last):
  File "/usr/local/lib/python3.12/site-packages/django/core/handlers/exception.py", line 55, in inner
    response = get_response(request)
               ^^^^^^^^^^^^^^^^^^^^^
  File "/usr/local/lib/python3.12/site-packages/django/core/handlers/base.py", line 221, in _get_response
    response = response.render()
               ^^^^^^^^^^^^^^^^^
  File "/usr/local/lib/python3.12/site-packages/django/template/response.py", line 114, in render
    self.content = self.rendered_content
                   ^^^^^^^^^^^^^^^^^^^^^
  File "/usr/local/lib/python3.12/site-packages/django/template/response.py", line 92, in rendered_content
    return template.render(context, self._request)
           ^^^^^^^^^^^^^^^^^^^^^^^^^^^^^^^^^^^^^^^
  File "/usr/local/lib/python3.12/site-packages/django/template/backends/django.py", line 107, in render
    return self.template.render(context)
           ^^^^^^^^^^^^^^^^^^^^^^^^^^^^^
  File "/usr/local/lib/python3.12/site-packages/django/template/base.py", line 174, in render
    return self._render(context)
           ^^^^^^^^^^^^^^^^^^^^^
  File "/usr/local/lib/python3.12/site-packages/django/test/utils.py", line 114, in instrumented_test_render
    return self.nodelist.render(context)
           ^^^^^^^^^^^^^^^^^^^^^^^^^^^^^
  File "/usr/local/lib/python3.12/site-packages/django/template/base.py", line 1091, in render
    return SafeString("".join([node.render_annotated(context) for node in self]))
                               ^^^^^^^^^^^^^^^^^^^^^^^^^^^^^^
  File "/usr/local/lib/python3.12/site-packages/django/template/base.py", line 1052, in render_annotated
    return self.render(context)
           ^^^^^^^^^^^^^^^^^^^^
  File "/usr/local/lib/python3.12/site-packages/django/template/loader_tags.py", line 160, in render
    return compiled_parent._render(context)
           ^^^^^^^^^^^^^^^^^^^^^^^^^^^^^^^^
  File "/usr/local/lib/python3.12/site-packages/django/test/utils.py", line 114, in instrumented_test_render
    return self.nodelist.render(context)
           ^^^^^^^^^^^^^^^^^^^^^^^^^^^^^
  File "/usr/local/lib/python3.12/site-packages/django/template/base.py", line 1091, in render
    return SafeString("".join([node.render_annotated(context) for node in self]))
                               ^^^^^^^^^^^^^^^^^^^^^^^^^^^^^^
  File "/usr/local/lib/python3.12/site-packages/django/template/base.py", line 1052, in render_annotated
    return self.render(context)
           ^^^^^^^^^^^^^^^^^^^^
  File "/usr/local/lib/python3.12/site-packages/django/template/loader_tags.py", line 66, in render
    result = block.nodelist.render(context)
             ^^^^^^^^^^^^^^^^^^^^^^^^^^^^^^
  File "/usr/local/lib/python3.12/site-packages/django/template/base.py", line 1091, in render
    return SafeString("".join([node.render_annotated(context) for node in self]))
                               ^^^^^^^^^^^^^^^^^^^^^^^^^^^^^^
  File "/usr/local/lib/python3.12/site-packages/django/template/base.py", line 1052, in render_annotated
    return self.render(context)
           ^^^^^^^^^^^^^^^^^^^^
  File "/usr/local/lib/python3.12/site-packages/django/template/defaulttags.py", line 249, in render
    nodelist.append(node.render_annotated(context))
                    ^^^^^^^^^^^^^^^^^^^^^^^^^^^^^^
  File "/usr/local/lib/python3.12/site-packages/django/template/base.py", line 1052, in render_annotated
    return self.render(context)
           ^^^^^^^^^^^^^^^^^^^^
  File "/usr/local/lib/python3.12/site-packages/django/template/defaulttags.py", line 333, in render
    return nodelist.render(context)
           ^^^^^^^^^^^^^^^^^^^^^^^^
  File "/usr/local/lib/python3.12/site-packages/django/template/base.py", line 1091, in render
    return SafeString("".join([node.render_annotated(context) for node in self]))
                               ^^^^^^^^^^^^^^^^^^^^^^^^^^^^^^
  File "/usr/local/lib/python3.12/site-packages/django/template/base.py", line 1052, in render_annotated
    return self.render(context)
           ^^^^^^^^^^^^^^^^^^^^
  File "/usr/local/lib/python3.12/site-packages/django/template/defaulttags.py", line 511, in render
    url = reverse(view_name, args=args, kwargs=kwargs, current_app=current_app)
          ^^^^^^^^^^^^^^^^^^^^^^^^^^^^^^^^^^^^^^^^^^^^^^^^^^^^^^^^^^^^^^^^^^^^^
  File "/usr/local/lib/python3.12/site-packages/django/urls/base.py", line 98, in reverse
    resolved_url = resolver._reverse_with_prefix(view, prefix, *args, **kwargs)
                   ^^^^^^^^^^^^^^^^^^^^^^^^^^^^^^^^^^^^^^^^^^^^^^^^^^^^^^^^^^^^
  File "/usr/local/lib/python3.12/site-packages/django/urls/resolvers.py", line 842, in _reverse_with_prefix
    raise NoReverseMatch(msg)
django.urls.exceptions.NoReverseMatch: Reverse for 'add_to_cart' with arguments '(1,)' not found. 1 pattern(s) tried: ['order/add/\\Z']
ERROR | 2026-07-26 07:57:07,005 | log | "GET / HTTP/1.1" 500 179006
ERROR | 2026-07-26 08:03:24,808 | log | Internal Server Error: /order/add/2/
Traceback (most recent call last):
  File "/usr/local/lib/python3.12/site-packages/django/core/handlers/exception.py", line 55, in inner
    response = get_response(request)
               ^^^^^^^^^^^^^^^^^^^^^
  File "/usr/local/lib/python3.12/site-packages/django/core/handlers/base.py", line 198, in _get_response
    response = wrapped_callback(request, *callback_args, **callback_kwargs)
               ^^^^^^^^^^^^^^^^^^^^^^^^^^^^^^^^^^^^^^^^^^^^^^^^^^^^^^^^^^^^
  File "/app/order/views.py", line 19, in add_to_cart
    cart.add(book=book)
    ^^^^^^^^
AttributeError: 'Cart' object has no attribute 'add'
ERROR | 2026-07-26 08:03:24,812 | log | "POST /order/add/2/ HTTP/1.1" 500 61359
ERROR | 2026-07-26 08:05:09,013 | log | Internal Server Error: /order/add/2/
Traceback (most recent call last):
  File "/usr/local/lib/python3.12/site-packages/django/core/handlers/exception.py", line 55, in inner
    response = get_response(request)
               ^^^^^^^^^^^^^^^^^^^^^
  File "/usr/local/lib/python3.12/site-packages/django/core/handlers/base.py", line 198, in _get_response
    response = wrapped_callback(request, *callback_args, **callback_kwargs)
               ^^^^^^^^^^^^^^^^^^^^^^^^^^^^^^^^^^^^^^^^^^^^^^^^^^^^^^^^^^^^
  File "/app/order/views.py", line 19, in add_to_cart
    cart.add(book=book)
  File "/app/order/cart.py", line 15, in add
    if book_id not in self.cart:
       ^^^^^^^^^^^^^^^^^^^^^^^^
TypeError: argument of type 'NoneType' is not iterable
ERROR | 2026-07-26 08:05:09,016 | log | "POST /order/add/2/ HTTP/1.1" 500 65656
ERROR | 2026-07-26 08:05:49,222 | log | Internal Server Error: /order/add/2/
Traceback (most recent call last):
  File "/usr/local/lib/python3.12/site-packages/django/core/handlers/exception.py", line 55, in inner
    response = get_response(request)
               ^^^^^^^^^^^^^^^^^^^^^
  File "/usr/local/lib/python3.12/site-packages/django/core/handlers/base.py", line 198, in _get_response
    response = wrapped_callback(request, *callback_args, **callback_kwargs)
               ^^^^^^^^^^^^^^^^^^^^^^^^^^^^^^^^^^^^^^^^^^^^^^^^^^^^^^^^^^^^
  File "/app/order/views.py", line 14, in add_to_cart
    cart = Cart(request)
           ^^^^
NameError: name 'Cart' is not defined
ERROR | 2026-07-26 08:05:49,226 | log | "POST /order/add/2/ HTTP/1.1" 500 60950
ERROR | 2026-07-26 08:21:13,076 | log | Internal Server Error: /order/add/3/
Traceback (most recent call last):
  File "/usr/local/lib/python3.12/site-packages/django/core/handlers/exception.py", line 55, in inner
    response = get_response(request)
               ^^^^^^^^^^^^^^^^^^^^^
  File "/usr/local/lib/python3.12/site-packages/django/core/handlers/base.py", line 198, in _get_response
    response = wrapped_callback(request, *callback_args, **callback_kwargs)
               ^^^^^^^^^^^^^^^^^^^^^^^^^^^^^^^^^^^^^^^^^^^^^^^^^^^^^^^^^^^^
  File "/app/order/views.py", line 14, in add_to_cart
    cart = Cart(request)
           ^^^^
NameError: name 'Cart' is not defined
ERROR | 2026-07-26 08:21:13,080 | log | "POST /order/add/3/ HTTP/1.1" 500 60950
ERROR | 2026-07-26 08:22:46,843 | log | Internal Server Error: /order/add/2/
Traceback (most recent call last):
  File "/usr/local/lib/python3.12/site-packages/django/core/handlers/exception.py", line 55, in inner
    response = get_response(request)
               ^^^^^^^^^^^^^^^^^^^^^
  File "/usr/local/lib/python3.12/site-packages/django/core/handlers/base.py", line 198, in _get_response
    response = wrapped_callback(request, *callback_args, **callback_kwargs)
               ^^^^^^^^^^^^^^^^^^^^^^^^^^^^^^^^^^^^^^^^^^^^^^^^^^^^^^^^^^^^
  File "/app/order/views.py", line 23, in add_to_cart
    cart.add(book=book)
  File "/app/order/cart.py", line 15, in add
    if book_id not in self.cart:
       ^^^^^^^^^^^^^^^^^^^^^^^^
TypeError: argument of type 'NoneType' is not iterable
ERROR | 2026-07-26 08:22:46,847 | log | "POST /order/add/2/ HTTP/1.1" 500 65621
ERROR | 2026-07-26 08:25:29,583 | log | Internal Server Error: /order/add/2/
Traceback (most recent call last):
  File "/usr/local/lib/python3.12/site-packages/django/core/handlers/exception.py", line 55, in inner
    response = get_response(request)
               ^^^^^^^^^^^^^^^^^^^^^
  File "/usr/local/lib/python3.12/site-packages/django/core/handlers/base.py", line 198, in _get_response
    response = wrapped_callback(request, *callback_args, **callback_kwargs)
               ^^^^^^^^^^^^^^^^^^^^^^^^^^^^^^^^^^^^^^^^^^^^^^^^^^^^^^^^^^^^
  File "/app/order/views.py", line 23, in add_to_cart
    cart.add(book=book)
  File "/app/order/cart.py", line 15, in add
    if book_id not in self.cart:
       ^^^^^^^^^^^^^^^^^^^^^^^^
TypeError: argument of type 'NoneType' is not iterable
ERROR | 2026-07-26 08:25:29,585 | log | "POST /order/add/2/ HTTP/1.1" 500 65621
ERROR | 2026-07-26 08:34:53,375 | log | Internal Server Error: /order/cart/
Traceback (most recent call last):
  File "/usr/local/lib/python3.12/site-packages/django/core/handlers/exception.py", line 55, in inner
    response = get_response(request)
               ^^^^^^^^^^^^^^^^^^^^^
  File "/usr/local/lib/python3.12/site-packages/django/core/handlers/base.py", line 221, in _get_response
    response = response.render()
               ^^^^^^^^^^^^^^^^^
  File "/usr/local/lib/python3.12/site-packages/django/template/response.py", line 114, in render
    self.content = self.rendered_content
                   ^^^^^^^^^^^^^^^^^^^^^
  File "/usr/local/lib/python3.12/site-packages/django/template/response.py", line 90, in rendered_content
    template = self.resolve_template(self.template_name)
               ^^^^^^^^^^^^^^^^^^^^^^^^^^^^^^^^^^^^^^^^^
  File "/usr/local/lib/python3.12/site-packages/django/template/response.py", line 72, in resolve_template
    return select_template(template, using=self.using)
           ^^^^^^^^^^^^^^^^^^^^^^^^^^^^^^^^^^^^^^^^^^^
  File "/usr/local/lib/python3.12/site-packages/django/template/loader.py", line 47, in select_template
    raise TemplateDoesNotExist(", ".join(template_name_list), chain=chain)
django.template.exceptions.TemplateDoesNotExist: order/cart.html
ERROR | 2026-07-26 08:34:53,377 | log | "GET /order/cart/ HTTP/1.1" 500 76157
ERROR | 2026-07-26 08:50:36,333 | log | Internal Server Error: /order/cart/
Traceback (most recent call last):
  File "/usr/local/lib/python3.12/site-packages/django/template/smartif.py", line 181, in translate_token
    op = OPERATORS[token]
         ~~~~~~~~~^^^^^^^
KeyError: '>Корзина'

During handling of the above exception, another exception occurred:

Traceback (most recent call last):
  File "/usr/local/lib/python3.12/site-packages/django/core/handlers/exception.py", line 55, in inner
    response = get_response(request)
               ^^^^^^^^^^^^^^^^^^^^^
  File "/usr/local/lib/python3.12/site-packages/django/core/handlers/base.py", line 221, in _get_response
    response = response.render()
               ^^^^^^^^^^^^^^^^^
  File "/usr/local/lib/python3.12/site-packages/django/template/response.py", line 114, in render
    self.content = self.rendered_content
                   ^^^^^^^^^^^^^^^^^^^^^
  File "/usr/local/lib/python3.12/site-packages/django/template/response.py", line 92, in rendered_content
    return template.render(context, self._request)
           ^^^^^^^^^^^^^^^^^^^^^^^^^^^^^^^^^^^^^^^
  File "/usr/local/lib/python3.12/site-packages/django/template/backends/django.py", line 107, in render
    return self.template.render(context)
           ^^^^^^^^^^^^^^^^^^^^^^^^^^^^^
  File "/usr/local/lib/python3.12/site-packages/django/template/base.py", line 174, in render
    return self._render(context)
           ^^^^^^^^^^^^^^^^^^^^^
  File "/usr/local/lib/python3.12/site-packages/django/test/utils.py", line 114, in instrumented_test_render
    return self.nodelist.render(context)
           ^^^^^^^^^^^^^^^^^^^^^^^^^^^^^
  File "/usr/local/lib/python3.12/site-packages/django/template/base.py", line 1091, in render
    return SafeString("".join([node.render_annotated(context) for node in self]))
                               ^^^^^^^^^^^^^^^^^^^^^^^^^^^^^^
  File "/usr/local/lib/python3.12/site-packages/django/template/base.py", line 1052, in render_annotated
    return self.render(context)
           ^^^^^^^^^^^^^^^^^^^^
  File "/usr/local/lib/python3.12/site-packages/django/template/loader_tags.py", line 135, in render
    compiled_parent = self.get_parent(context)
                      ^^^^^^^^^^^^^^^^^^^^^^^^
  File "/usr/local/lib/python3.12/site-packages/django/template/loader_tags.py", line 132, in get_parent
    return self.find_template(parent, context)
           ^^^^^^^^^^^^^^^^^^^^^^^^^^^^^^^^^^^
  File "/usr/local/lib/python3.12/site-packages/django/template/loader_tags.py", line 110, in find_template
    template, origin = context.template.engine.find_template(
                       ^^^^^^^^^^^^^^^^^^^^^^^^^^^^^^^^^^^^^^
  File "/usr/local/lib/python3.12/site-packages/django/template/engine.py", line 159, in find_template
    template = loader.get_template(name, skip=skip)
               ^^^^^^^^^^^^^^^^^^^^^^^^^^^^^^^^^^^^
  File "/usr/local/lib/python3.12/site-packages/django/template/loaders/cached.py", line 57, in get_template
    template = super().get_template(template_name, skip)
               ^^^^^^^^^^^^^^^^^^^^^^^^^^^^^^^^^^^^^^^^^
  File "/usr/local/lib/python3.12/site-packages/django/template/loaders/base.py", line 28, in get_template
    return Template(
           ^^^^^^^^^
  File "/usr/local/lib/python3.12/site-packages/django/template/base.py", line 157, in __init__
    self.nodelist = self.compile_nodelist()
                    ^^^^^^^^^^^^^^^^^^^^^^^
  File "/usr/local/lib/python3.12/site-packages/django/template/base.py", line 199, in compile_nodelist
    nodelist = parser.parse()
               ^^^^^^^^^^^^^^
  File "/usr/local/lib/python3.12/site-packages/django/template/base.py", line 585, in parse
    raise self.error(token, e)
  File "/usr/local/lib/python3.12/site-packages/django/template/base.py", line 583, in parse
    compiled_result = compile_func(self, token)
                      ^^^^^^^^^^^^^^^^^^^^^^^^^
  File "/usr/local/lib/python3.12/site-packages/django/template/defaulttags.py", line 993, in do_if
    condition = TemplateIfParser(parser, bits).parse()
                ^^^^^^^^^^^^^^^^^^^^^^^^^^^^^^
  File "/usr/local/lib/python3.12/site-packages/django/template/defaulttags.py", line 926, in __init__
    super().__init__(*args, **kwargs)
  File "/usr/local/lib/python3.12/site-packages/django/template/smartif.py", line 172, in __init__
    mapped_tokens.append(self.translate_token(token))
                         ^^^^^^^^^^^^^^^^^^^^^^^^^^^
  File "/usr/local/lib/python3.12/site-packages/django/template/smartif.py", line 183, in translate_token
    return self.create_var(token)
           ^^^^^^^^^^^^^^^^^^^^^^
  File "/usr/local/lib/python3.12/site-packages/django/template/defaulttags.py", line 929, in create_var
    return TemplateLiteral(self.template_parser.compile_filter(value), value)
                           ^^^^^^^^^^^^^^^^^^^^^^^^^^^^^^^^^^^^^^^^^^
  File "/usr/local/lib/python3.12/site-packages/django/template/base.py", line 676, in compile_filter
    return FilterExpression(token, self)
           ^^^^^^^^^^^^^^^^^^^^^^^^^^^^^
  File "/usr/local/lib/python3.12/site-packages/django/template/base.py", line 776, in __init__
    raise TemplateSyntaxError(
django.template.exceptions.TemplateSyntaxError: Template: /app/templates/shop/base.html, Could not parse the remainder: '>Корзина' from '>Корзина'
ERROR | 2026-07-26 08:50:36,337 | log | "GET /order/cart/ HTTP/1.1" 500 201163
ERROR | 2026-07-26 08:50:47,159 | log | Internal Server Error: /
Traceback (most recent call last):
  File "/usr/local/lib/python3.12/site-packages/django/template/smartif.py", line 181, in translate_token
    op = OPERATORS[token]
         ~~~~~~~~~^^^^^^^
KeyError: '>Корзина'

During handling of the above exception, another exception occurred:

Traceback (most recent call last):
  File "/usr/local/lib/python3.12/site-packages/django/core/handlers/exception.py", line 55, in inner
    response = get_response(request)
               ^^^^^^^^^^^^^^^^^^^^^
  File "/usr/local/lib/python3.12/site-packages/django/core/handlers/base.py", line 221, in _get_response
    response = response.render()
               ^^^^^^^^^^^^^^^^^
  File "/usr/local/lib/python3.12/site-packages/django/template/response.py", line 114, in render
    self.content = self.rendered_content
                   ^^^^^^^^^^^^^^^^^^^^^
  File "/usr/local/lib/python3.12/site-packages/django/template/response.py", line 92, in rendered_content
    return template.render(context, self._request)
           ^^^^^^^^^^^^^^^^^^^^^^^^^^^^^^^^^^^^^^^
  File "/usr/local/lib/python3.12/site-packages/django/template/backends/django.py", line 107, in render
    return self.template.render(context)
           ^^^^^^^^^^^^^^^^^^^^^^^^^^^^^
  File "/usr/local/lib/python3.12/site-packages/django/template/base.py", line 174, in render
    return self._render(context)
           ^^^^^^^^^^^^^^^^^^^^^
  File "/usr/local/lib/python3.12/site-packages/django/test/utils.py", line 114, in instrumented_test_render
    return self.nodelist.render(context)
           ^^^^^^^^^^^^^^^^^^^^^^^^^^^^^
  File "/usr/local/lib/python3.12/site-packages/django/template/base.py", line 1091, in render
    return SafeString("".join([node.render_annotated(context) for node in self]))
                               ^^^^^^^^^^^^^^^^^^^^^^^^^^^^^^
  File "/usr/local/lib/python3.12/site-packages/django/template/base.py", line 1052, in render_annotated
    return self.render(context)
           ^^^^^^^^^^^^^^^^^^^^
  File "/usr/local/lib/python3.12/site-packages/django/template/loader_tags.py", line 135, in render
    compiled_parent = self.get_parent(context)
                      ^^^^^^^^^^^^^^^^^^^^^^^^
  File "/usr/local/lib/python3.12/site-packages/django/template/loader_tags.py", line 132, in get_parent
    return self.find_template(parent, context)
           ^^^^^^^^^^^^^^^^^^^^^^^^^^^^^^^^^^^
  File "/usr/local/lib/python3.12/site-packages/django/template/loader_tags.py", line 110, in find_template
    template, origin = context.template.engine.find_template(
                       ^^^^^^^^^^^^^^^^^^^^^^^^^^^^^^^^^^^^^^
  File "/usr/local/lib/python3.12/site-packages/django/template/engine.py", line 159, in find_template
    template = loader.get_template(name, skip=skip)
               ^^^^^^^^^^^^^^^^^^^^^^^^^^^^^^^^^^^^
  File "/usr/local/lib/python3.12/site-packages/django/template/loaders/cached.py", line 57, in get_template
    template = super().get_template(template_name, skip)
               ^^^^^^^^^^^^^^^^^^^^^^^^^^^^^^^^^^^^^^^^^
  File "/usr/local/lib/python3.12/site-packages/django/template/loaders/base.py", line 28, in get_template
    return Template(
           ^^^^^^^^^
  File "/usr/local/lib/python3.12/site-packages/django/template/base.py", line 157, in __init__
    self.nodelist = self.compile_nodelist()
                    ^^^^^^^^^^^^^^^^^^^^^^^
  File "/usr/local/lib/python3.12/site-packages/django/template/base.py", line 199, in compile_nodelist
    nodelist = parser.parse()
               ^^^^^^^^^^^^^^
  File "/usr/local/lib/python3.12/site-packages/django/template/base.py", line 585, in parse
    raise self.error(token, e)
  File "/usr/local/lib/python3.12/site-packages/django/template/base.py", line 583, in parse
    compiled_result = compile_func(self, token)
                      ^^^^^^^^^^^^^^^^^^^^^^^^^
  File "/usr/local/lib/python3.12/site-packages/django/template/defaulttags.py", line 993, in do_if
    condition = TemplateIfParser(parser, bits).parse()
                ^^^^^^^^^^^^^^^^^^^^^^^^^^^^^^
  File "/usr/local/lib/python3.12/site-packages/django/template/defaulttags.py", line 926, in __init__
    super().__init__(*args, **kwargs)
  File "/usr/local/lib/python3.12/site-packages/django/template/smartif.py", line 172, in __init__
    mapped_tokens.append(self.translate_token(token))
                         ^^^^^^^^^^^^^^^^^^^^^^^^^^^
  File "/usr/local/lib/python3.12/site-packages/django/template/smartif.py", line 183, in translate_token
    return self.create_var(token)
           ^^^^^^^^^^^^^^^^^^^^^^
  File "/usr/local/lib/python3.12/site-packages/django/template/defaulttags.py", line 929, in create_var
    return TemplateLiteral(self.template_parser.compile_filter(value), value)
                           ^^^^^^^^^^^^^^^^^^^^^^^^^^^^^^^^^^^^^^^^^^
  File "/usr/local/lib/python3.12/site-packages/django/template/base.py", line 676, in compile_filter
    return FilterExpression(token, self)
           ^^^^^^^^^^^^^^^^^^^^^^^^^^^^^
  File "/usr/local/lib/python3.12/site-packages/django/template/base.py", line 776, in __init__
    raise TemplateSyntaxError(
django.template.exceptions.TemplateSyntaxError: Template: /app/templates/shop/base.html, Could not parse the remainder: '>Корзина' from '>Корзина'
ERROR | 2026-07-26 08:50:47,161 | log | "GET / HTTP/1.1" 500 205369
ERROR | 2026-07-26 08:51:00,222 | log | Internal Server Error: /
Traceback (most recent call last):
  File "/usr/local/lib/python3.12/site-packages/django/template/smartif.py", line 181, in translate_token
    op = OPERATORS[token]
         ~~~~~~~~~^^^^^^^
KeyError: ">є'Корзина'"

During handling of the above exception, another exception occurred:

Traceback (most recent call last):
  File "/usr/local/lib/python3.12/site-packages/django/core/handlers/exception.py", line 55, in inner
    response = get_response(request)
               ^^^^^^^^^^^^^^^^^^^^^
  File "/usr/local/lib/python3.12/site-packages/django/core/handlers/base.py", line 221, in _get_response
    response = response.render()
               ^^^^^^^^^^^^^^^^^
  File "/usr/local/lib/python3.12/site-packages/django/template/response.py", line 114, in render
    self.content = self.rendered_content
                   ^^^^^^^^^^^^^^^^^^^^^
  File "/usr/local/lib/python3.12/site-packages/django/template/response.py", line 92, in rendered_content
    return template.render(context, self._request)
           ^^^^^^^^^^^^^^^^^^^^^^^^^^^^^^^^^^^^^^^
  File "/usr/local/lib/python3.12/site-packages/django/template/backends/django.py", line 107, in render
    return self.template.render(context)
           ^^^^^^^^^^^^^^^^^^^^^^^^^^^^^
  File "/usr/local/lib/python3.12/site-packages/django/template/base.py", line 174, in render
    return self._render(context)
           ^^^^^^^^^^^^^^^^^^^^^
  File "/usr/local/lib/python3.12/site-packages/django/test/utils.py", line 114, in instrumented_test_render
    return self.nodelist.render(context)
           ^^^^^^^^^^^^^^^^^^^^^^^^^^^^^
  File "/usr/local/lib/python3.12/site-packages/django/template/base.py", line 1091, in render
    return SafeString("".join([node.render_annotated(context) for node in self]))
                               ^^^^^^^^^^^^^^^^^^^^^^^^^^^^^^
  File "/usr/local/lib/python3.12/site-packages/django/template/base.py", line 1052, in render_annotated
    return self.render(context)
           ^^^^^^^^^^^^^^^^^^^^
  File "/usr/local/lib/python3.12/site-packages/django/template/loader_tags.py", line 135, in render
    compiled_parent = self.get_parent(context)
                      ^^^^^^^^^^^^^^^^^^^^^^^^
  File "/usr/local/lib/python3.12/site-packages/django/template/loader_tags.py", line 132, in get_parent
    return self.find_template(parent, context)
           ^^^^^^^^^^^^^^^^^^^^^^^^^^^^^^^^^^^
  File "/usr/local/lib/python3.12/site-packages/django/template/loader_tags.py", line 110, in find_template
    template, origin = context.template.engine.find_template(
                       ^^^^^^^^^^^^^^^^^^^^^^^^^^^^^^^^^^^^^^
  File "/usr/local/lib/python3.12/site-packages/django/template/engine.py", line 159, in find_template
    template = loader.get_template(name, skip=skip)
               ^^^^^^^^^^^^^^^^^^^^^^^^^^^^^^^^^^^^
  File "/usr/local/lib/python3.12/site-packages/django/template/loaders/cached.py", line 57, in get_template
    template = super().get_template(template_name, skip)
               ^^^^^^^^^^^^^^^^^^^^^^^^^^^^^^^^^^^^^^^^^
  File "/usr/local/lib/python3.12/site-packages/django/template/loaders/base.py", line 28, in get_template
    return Template(
           ^^^^^^^^^
  File "/usr/local/lib/python3.12/site-packages/django/template/base.py", line 157, in __init__
    self.nodelist = self.compile_nodelist()
                    ^^^^^^^^^^^^^^^^^^^^^^^
  File "/usr/local/lib/python3.12/site-packages/django/template/base.py", line 199, in compile_nodelist
    nodelist = parser.parse()
               ^^^^^^^^^^^^^^
  File "/usr/local/lib/python3.12/site-packages/django/template/base.py", line 585, in parse
    raise self.error(token, e)
  File "/usr/local/lib/python3.12/site-packages/django/template/base.py", line 583, in parse
    compiled_result = compile_func(self, token)
                      ^^^^^^^^^^^^^^^^^^^^^^^^^
  File "/usr/local/lib/python3.12/site-packages/django/template/defaulttags.py", line 993, in do_if
    condition = TemplateIfParser(parser, bits).parse()
                ^^^^^^^^^^^^^^^^^^^^^^^^^^^^^^
  File "/usr/local/lib/python3.12/site-packages/django/template/defaulttags.py", line 926, in __init__
    super().__init__(*args, **kwargs)
  File "/usr/local/lib/python3.12/site-packages/django/template/smartif.py", line 172, in __init__
    mapped_tokens.append(self.translate_token(token))
                         ^^^^^^^^^^^^^^^^^^^^^^^^^^^
  File "/usr/local/lib/python3.12/site-packages/django/template/smartif.py", line 183, in translate_token
    return self.create_var(token)
           ^^^^^^^^^^^^^^^^^^^^^^
  File "/usr/local/lib/python3.12/site-packages/django/template/defaulttags.py", line 929, in create_var
    return TemplateLiteral(self.template_parser.compile_filter(value), value)
                           ^^^^^^^^^^^^^^^^^^^^^^^^^^^^^^^^^^^^^^^^^^
  File "/usr/local/lib/python3.12/site-packages/django/template/base.py", line 676, in compile_filter
    return FilterExpression(token, self)
           ^^^^^^^^^^^^^^^^^^^^^^^^^^^^^
  File "/usr/local/lib/python3.12/site-packages/django/template/base.py", line 776, in __init__
    raise TemplateSyntaxError(
django.template.exceptions.TemplateSyntaxError: Template: /app/templates/shop/base.html, Could not parse the remainder: '>є'Корзина'' from '>є'Корзина''
ERROR | 2026-07-26 08:51:00,228 | log | "GET / HTTP/1.1" 500 205805
ERROR | 2026-07-26 08:51:00,976 | log | Internal Server Error: /
Traceback (most recent call last):
  File "/usr/local/lib/python3.12/site-packages/django/template/smartif.py", line 181, in translate_token
    op = OPERATORS[token]
         ~~~~~~~~~^^^^^^^
KeyError: ">є'Корзина'"

During handling of the above exception, another exception occurred:

Traceback (most recent call last):
  File "/usr/local/lib/python3.12/site-packages/django/core/handlers/exception.py", line 55, in inner
    response = get_response(request)
               ^^^^^^^^^^^^^^^^^^^^^
  File "/usr/local/lib/python3.12/site-packages/django/core/handlers/base.py", line 221, in _get_response
    response = response.render()
               ^^^^^^^^^^^^^^^^^
  File "/usr/local/lib/python3.12/site-packages/django/template/response.py", line 114, in render
    self.content = self.rendered_content
                   ^^^^^^^^^^^^^^^^^^^^^
  File "/usr/local/lib/python3.12/site-packages/django/template/response.py", line 92, in rendered_content
    return template.render(context, self._request)
           ^^^^^^^^^^^^^^^^^^^^^^^^^^^^^^^^^^^^^^^
  File "/usr/local/lib/python3.12/site-packages/django/template/backends/django.py", line 107, in render
    return self.template.render(context)
           ^^^^^^^^^^^^^^^^^^^^^^^^^^^^^
  File "/usr/local/lib/python3.12/site-packages/django/template/base.py", line 174, in render
    return self._render(context)
           ^^^^^^^^^^^^^^^^^^^^^
  File "/usr/local/lib/python3.12/site-packages/django/test/utils.py", line 114, in instrumented_test_render
    return self.nodelist.render(context)
           ^^^^^^^^^^^^^^^^^^^^^^^^^^^^^
  File "/usr/local/lib/python3.12/site-packages/django/template/base.py", line 1091, in render
    return SafeString("".join([node.render_annotated(context) for node in self]))
                               ^^^^^^^^^^^^^^^^^^^^^^^^^^^^^^
  File "/usr/local/lib/python3.12/site-packages/django/template/base.py", line 1052, in render_annotated
    return self.render(context)
           ^^^^^^^^^^^^^^^^^^^^
  File "/usr/local/lib/python3.12/site-packages/django/template/loader_tags.py", line 135, in render
    compiled_parent = self.get_parent(context)
                      ^^^^^^^^^^^^^^^^^^^^^^^^
  File "/usr/local/lib/python3.12/site-packages/django/template/loader_tags.py", line 132, in get_parent
    return self.find_template(parent, context)
           ^^^^^^^^^^^^^^^^^^^^^^^^^^^^^^^^^^^
  File "/usr/local/lib/python3.12/site-packages/django/template/loader_tags.py", line 110, in find_template
    template, origin = context.template.engine.find_template(
                       ^^^^^^^^^^^^^^^^^^^^^^^^^^^^^^^^^^^^^^
  File "/usr/local/lib/python3.12/site-packages/django/template/engine.py", line 159, in find_template
    template = loader.get_template(name, skip=skip)
               ^^^^^^^^^^^^^^^^^^^^^^^^^^^^^^^^^^^^
  File "/usr/local/lib/python3.12/site-packages/django/template/loaders/cached.py", line 57, in get_template
    template = super().get_template(template_name, skip)
               ^^^^^^^^^^^^^^^^^^^^^^^^^^^^^^^^^^^^^^^^^
  File "/usr/local/lib/python3.12/site-packages/django/template/loaders/base.py", line 28, in get_template
    return Template(
           ^^^^^^^^^
  File "/usr/local/lib/python3.12/site-packages/django/template/base.py", line 157, in __init__
    self.nodelist = self.compile_nodelist()
                    ^^^^^^^^^^^^^^^^^^^^^^^
  File "/usr/local/lib/python3.12/site-packages/django/template/base.py", line 199, in compile_nodelist
    nodelist = parser.parse()
               ^^^^^^^^^^^^^^
  File "/usr/local/lib/python3.12/site-packages/django/template/base.py", line 585, in parse
    raise self.error(token, e)
  File "/usr/local/lib/python3.12/site-packages/django/template/base.py", line 583, in parse
    compiled_result = compile_func(self, token)
                      ^^^^^^^^^^^^^^^^^^^^^^^^^
  File "/usr/local/lib/python3.12/site-packages/django/template/defaulttags.py", line 993, in do_if
    condition = TemplateIfParser(parser, bits).parse()
                ^^^^^^^^^^^^^^^^^^^^^^^^^^^^^^
  File "/usr/local/lib/python3.12/site-packages/django/template/defaulttags.py", line 926, in __init__
    super().__init__(*args, **kwargs)
  File "/usr/local/lib/python3.12/site-packages/django/template/smartif.py", line 172, in __init__
    mapped_tokens.append(self.translate_token(token))
                         ^^^^^^^^^^^^^^^^^^^^^^^^^^^
  File "/usr/local/lib/python3.12/site-packages/django/template/smartif.py", line 183, in translate_token
    return self.create_var(token)
           ^^^^^^^^^^^^^^^^^^^^^^
  File "/usr/local/lib/python3.12/site-packages/django/template/defaulttags.py", line 929, in create_var
    return TemplateLiteral(self.template_parser.compile_filter(value), value)
                           ^^^^^^^^^^^^^^^^^^^^^^^^^^^^^^^^^^^^^^^^^^
  File "/usr/local/lib/python3.12/site-packages/django/template/base.py", line 676, in compile_filter
    return FilterExpression(token, self)
           ^^^^^^^^^^^^^^^^^^^^^^^^^^^^^
  File "/usr/local/lib/python3.12/site-packages/django/template/base.py", line 776, in __init__
    raise TemplateSyntaxError(
django.template.exceptions.TemplateSyntaxError: Template: /app/templates/shop/base.html, Could not parse the remainder: '>є'Корзина'' from '>є'Корзина''
ERROR | 2026-07-26 08:51:00,978 | log | "GET / HTTP/1.1" 500 205805
WARNING | 2026-07-31 07:01:22,294 | log | Not Found: /favicon.ico
WARNING | 2026-07-31 07:01:22,296 | log | "GET /favicon.ico HTTP/1.1" 404 6103
ERROR | 2026-07-31 07:01:31,939 | log | Internal Server Error: /order/checkout/
Traceback (most recent call last):
  File "/usr/local/lib/python3.12/site-packages/django/core/handlers/exception.py", line 55, in inner
    response = get_response(request)
               ^^^^^^^^^^^^^^^^^^^^^
  File "/usr/local/lib/python3.12/site-packages/django/core/handlers/base.py", line 198, in _get_response
    response = wrapped_callback(request, *callback_args, **callback_kwargs)
               ^^^^^^^^^^^^^^^^^^^^^^^^^^^^^^^^^^^^^^^^^^^^^^^^^^^^^^^^^^^^
  File "/app/order/views.py", line 61, in create_checkout_session
    session =  stripe.checkout.Session.create(
               ^^^^^^^^^^^^^^^^^^^^^^^^^^^^^^^
  File "/usr/local/lib/python3.12/site-packages/stripe/checkout/_session.py", line 2725, in create
    cls._static_request(
  File "/usr/local/lib/python3.12/site-packages/stripe/_api_resource.py", line 171, in _static_request
    return _APIRequestor._global_instance().request(
           ^^^^^^^^^^^^^^^^^^^^^^^^^^^^^^^^^^^^^^^^^
  File "/usr/local/lib/python3.12/site-packages/stripe/_api_requestor.py", line 225, in request
    resp = requestor._interpret_response(rbody, rcode, rheaders, api_mode)
           ^^^^^^^^^^^^^^^^^^^^^^^^^^^^^^^^^^^^^^^^^^^^^^^^^^^^^^^^^^^^^^^
  File "/usr/local/lib/python3.12/site-packages/stripe/_api_requestor.py", line 920, in _interpret_response
    self.handle_error_response(
  File "/usr/local/lib/python3.12/site-packages/stripe/_api_requestor.py", line 367, in handle_error_response
    raise err
stripe._error.AuthenticationError: Expired API Key provided: sk_test_********************p7dc
ERROR | 2026-07-31 07:01:31,943 | log | "POST /order/checkout/ HTTP/1.1" 500 95250
ERROR | 2026-07-31 07:08:20,184 | log | Internal Server Error: /order/success/
Traceback (most recent call last):
  File "/usr/local/lib/python3.12/site-packages/django/core/handlers/exception.py", line 55, in inner
    response = get_response(request)
               ^^^^^^^^^^^^^^^^^^^^^
  File "/usr/local/lib/python3.12/site-packages/django/core/handlers/base.py", line 198, in _get_response
    response = wrapped_callback(request, *callback_args, **callback_kwargs)
               ^^^^^^^^^^^^^^^^^^^^^^^^^^^^^^^^^^^^^^^^^^^^^^^^^^^^^^^^^^^^
  File "/app/order/views.py", line 74, in payment_success
    cart.clear()
    ^^^^^^^^^^
AttributeError: module 'order.cart' has no attribute 'clear'
ERROR | 2026-07-31 07:08:20,188 | log | "GET /order/success/ HTTP/1.1" 500 60344
ERROR | 2026-07-31 07:10:21,606 | log | Internal Server Error: /order/success/
Traceback (most recent call last):
  File "/usr/local/lib/python3.12/site-packages/django/core/handlers/exception.py", line 55, in inner
    response = get_response(request)
               ^^^^^^^^^^^^^^^^^^^^^
  File "/usr/local/lib/python3.12/site-packages/django/core/handlers/base.py", line 198, in _get_response
    response = wrapped_callback(request, *callback_args, **callback_kwargs)
               ^^^^^^^^^^^^^^^^^^^^^^^^^^^^^^^^^^^^^^^^^^^^^^^^^^^^^^^^^^^^
  File "/app/order/views.py", line 75, in payment_success
    cart.clear()
    ^^^^^^^^^^
AttributeError: 'Cart' object has no attribute 'clear'
ERROR | 2026-07-31 07:10:21,610 | log | "GET /order/success/ HTTP/1.1" 500 60676
ERROR | 2026-07-31 07:25:26,286 | log | Internal Server Error: /order/success/
Traceback (most recent call last):
  File "/usr/local/lib/python3.12/site-packages/django/core/handlers/exception.py", line 55, in inner
    response = get_response(request)
               ^^^^^^^^^^^^^^^^^^^^^
  File "/usr/local/lib/python3.12/site-packages/django/core/handlers/base.py", line 198, in _get_response
    response = wrapped_callback(request, *callback_args, **callback_kwargs)
               ^^^^^^^^^^^^^^^^^^^^^^^^^^^^^^^^^^^^^^^^^^^^^^^^^^^^^^^^^^^^
  File "/app/order/views.py", line 86, in payment_success
    [user.email],
     ^^^^
NameError: name 'user' is not defined
ERROR | 2026-07-31 07:25:26,292 | log | "GET /order/success/ HTTP/1.1" 500 61090
ERROR | 2026-07-31 07:27:00,064 | log | Internal Server Error: /order/success/
Traceback (most recent call last):
  File "/usr/local/lib/python3.12/site-packages/django/core/handlers/exception.py", line 55, in inner
    response = get_response(request)
               ^^^^^^^^^^^^^^^^^^^^^
  File "/usr/local/lib/python3.12/site-packages/django/core/handlers/base.py", line 198, in _get_response
    response = wrapped_callback(request, *callback_args, **callback_kwargs)
               ^^^^^^^^^^^^^^^^^^^^^^^^^^^^^^^^^^^^^^^^^^^^^^^^^^^^^^^^^^^^
  File "/app/order/views.py", line 83, in payment_success
    send_mail(
  File "/usr/local/lib/python3.12/site-packages/django/utils/deprecation.py", line 268, in wrapper
    return func(*args, **kwargs)
           ^^^^^^^^^^^^^^^^^^^^^
TypeError: send_mail() missing 1 required positional argument: 'recipient_list'
ERROR | 2026-07-31 07:27:00,067 | log | "GET /order/success/ HTTP/1.1" 500 65946
ERROR | 2026-07-31 07:32:33,151 | log | Internal Server Error: /order/success/
Traceback (most recent call last):
  File "/usr/local/lib/python3.12/site-packages/django/core/handlers/exception.py", line 55, in inner
    response = get_response(request)
               ^^^^^^^^^^^^^^^^^^^^^
  File "/usr/local/lib/python3.12/site-packages/django/core/handlers/base.py", line 198, in _get_response
    response = wrapped_callback(request, *callback_args, **callback_kwargs)
               ^^^^^^^^^^^^^^^^^^^^^^^^^^^^^^^^^^^^^^^^^^^^^^^^^^^^^^^^^^^^
  File "/app/order/views.py", line 85, in payment_success
    send_mail(
  File "/usr/local/lib/python3.12/site-packages/django/utils/deprecation.py", line 268, in wrapper
    return func(*args, **kwargs)
           ^^^^^^^^^^^^^^^^^^^^^
TypeError: send_mail() missing 1 required positional argument: 'recipient_list'
ERROR | 2026-07-31 07:32:33,159 | log | "GET /order/success/ HTTP/1.1" 500 66072
ERROR | 2026-07-31 07:36:11,604 | log | Internal Server Error: /order/success/
Traceback (most recent call last):
  File "/usr/local/lib/python3.12/site-packages/django/core/handlers/exception.py", line 55, in inner
    response = get_response(request)
               ^^^^^^^^^^^^^^^^^^^^^
  File "/usr/local/lib/python3.12/site-packages/django/core/handlers/base.py", line 198, in _get_response
    response = wrapped_callback(request, *callback_args, **callback_kwargs)
               ^^^^^^^^^^^^^^^^^^^^^^^^^^^^^^^^^^^^^^^^^^^^^^^^^^^^^^^^^^^^
  File "/app/order/views.py", line 85, in payment_success
    send_mail(
  File "/usr/local/lib/python3.12/site-packages/django/utils/deprecation.py", line 268, in wrapper
    return func(*args, **kwargs)
           ^^^^^^^^^^^^^^^^^^^^^
  File "/usr/local/lib/python3.12/site-packages/django/core/mail/__init__.py", line 108, in send_mail
    return mail.send()
           ^^^^^^^^^^^
  File "/usr/local/lib/python3.12/site-packages/django/core/mail/message.py", line 358, in send
    return self.get_connection(fail_silently).send_messages([self])
           ^^^^^^^^^^^^^^^^^^^^^^^^^^^^^^^^^^^^^^^^^^^^^^^^^^^^^^^^
  File "/usr/local/lib/python3.12/site-packages/django/core/mail/backends/smtp.py", line 148, in send_messages
    new_conn_created = self.open()
                       ^^^^^^^^^^^
  File "/usr/local/lib/python3.12/site-packages/django/core/mail/backends/smtp.py", line 94, in open
    self._partial_connection = self.connection_class(
                               ^^^^^^^^^^^^^^^^^^^^^^
  File "/usr/local/lib/python3.12/smtplib.py", line 255, in __init__
    (code, msg) = self.connect(host, port)
                  ^^^^^^^^^^^^^^^^^^^^^^^^
  File "/usr/local/lib/python3.12/smtplib.py", line 341, in connect
    self.sock = self._get_socket(host, port, self.timeout)
                ^^^^^^^^^^^^^^^^^^^^^^^^^^^^^^^^^^^^^^^^^^
  File "/usr/local/lib/python3.12/smtplib.py", line 312, in _get_socket
    return socket.create_connection((host, port), timeout,
           ^^^^^^^^^^^^^^^^^^^^^^^^^^^^^^^^^^^^^^^^^^^^^^^
  File "/usr/local/lib/python3.12/socket.py", line 865, in create_connection
    raise exceptions[0]
  File "/usr/local/lib/python3.12/socket.py", line 850, in create_connection
    sock.connect(sa)
ConnectionRefusedError: [Errno 111] Connection refused
ERROR | 2026-07-31 07:36:11,638 | log | "GET /order/success/ HTTP/1.1" 500 108751
ERROR | 2026-07-31 08:06:32,826 | log | Internal Server Error: /order/success/
Traceback (most recent call last):
  File "/usr/local/lib/python3.12/site-packages/django/core/handlers/exception.py", line 55, in inner
    response = get_response(request)
               ^^^^^^^^^^^^^^^^^^^^^
  File "/usr/local/lib/python3.12/site-packages/django/core/handlers/base.py", line 198, in _get_response
    response = wrapped_callback(request, *callback_args, **callback_kwargs)
               ^^^^^^^^^^^^^^^^^^^^^^^^^^^^^^^^^^^^^^^^^^^^^^^^^^^^^^^^^^^^
  File "/app/order/views.py", line 83, in payment_success
    order = Order.objects.create(paid=True)
            ^^^^^^^^^^^^^^^^^^^^^^^^^^^^^^^
  File "/usr/local/lib/python3.12/site-packages/django/db/models/manager.py", line 87, in manager_method
    return getattr(self.get_queryset(), name)(*args, **kwargs)
           ^^^^^^^^^^^^^^^^^^^^^^^^^^^^^^^^^^^^^^^^^^^^^^^^^^^
  File "/usr/local/lib/python3.12/site-packages/django/db/models/query.py", line 667, in create
    obj = self.model(**kwargs)
          ^^^^^^^^^^^^^^^^^^^^
  File "/usr/local/lib/python3.12/site-packages/django/db/models/base.py", line 590, in __init__
    raise TypeError(
TypeError: Order() got unexpected keyword arguments: 'paid'
ERROR | 2026-07-31 08:06:32,832 | log | "GET /order/success/ HTTP/1.1" 500 76018
ERROR | 2026-07-31 08:08:59,717 | log | Internal Server Error: /order/success/
Traceback (most recent call last):
  File "/usr/local/lib/python3.12/site-packages/django/db/backends/utils.py", line 105, in _execute
    return self.cursor.execute(sql, params)
           ^^^^^^^^^^^^^^^^^^^^^^^^^^^^^^^^
psycopg2.errors.NotNullViolation: null value in column "delivery_address_id" of relation "order_order" violates not-null constraint
DETAIL:  Failing row contains (1, 0.00, processing, 2026-07-31 08:08:59.642669+00, , pending, null, null, null).


The above exception was the direct cause of the following exception:

Traceback (most recent call last):
  File "/usr/local/lib/python3.12/site-packages/django/core/handlers/exception.py", line 55, in inner
    response = get_response(request)
               ^^^^^^^^^^^^^^^^^^^^^
  File "/usr/local/lib/python3.12/site-packages/django/core/handlers/base.py", line 198, in _get_response
    response = wrapped_callback(request, *callback_args, **callback_kwargs)
               ^^^^^^^^^^^^^^^^^^^^^^^^^^^^^^^^^^^^^^^^^^^^^^^^^^^^^^^^^^^^
  File "/app/order/views.py", line 83, in payment_success
    order = Order.objects.create()
            ^^^^^^^^^^^^^^^^^^^^^^
  File "/usr/local/lib/python3.12/site-packages/django/db/models/manager.py", line 87, in manager_method
    return getattr(self.get_queryset(), name)(*args, **kwargs)
           ^^^^^^^^^^^^^^^^^^^^^^^^^^^^^^^^^^^^^^^^^^^^^^^^^^^
  File "/usr/local/lib/python3.12/site-packages/django/db/models/query.py", line 669, in create
    obj.save(force_insert=True, using=self.db)
  File "/usr/local/lib/python3.12/site-packages/django/db/models/base.py", line 874, in save
    self.save_base(
  File "/usr/local/lib/python3.12/site-packages/django/db/models/base.py", line 966, in save_base
    updated = self._save_table(
              ^^^^^^^^^^^^^^^^^
  File "/usr/local/lib/python3.12/site-packages/django/db/models/base.py", line 1169, in _save_table
    results = self._do_insert(
              ^^^^^^^^^^^^^^^^
  File "/usr/local/lib/python3.12/site-packages/django/db/models/base.py", line 1220, in _do_insert
    return manager._insert(
           ^^^^^^^^^^^^^^^^
  File "/usr/local/lib/python3.12/site-packages/django/db/models/manager.py", line 87, in manager_method
    return getattr(self.get_queryset(), name)(*args, **kwargs)
           ^^^^^^^^^^^^^^^^^^^^^^^^^^^^^^^^^^^^^^^^^^^^^^^^^^^
  File "/usr/local/lib/python3.12/site-packages/django/db/models/query.py", line 1918, in _insert
    return query.get_compiler(using=using).execute_sql(returning_fields)
           ^^^^^^^^^^^^^^^^^^^^^^^^^^^^^^^^^^^^^^^^^^^^^^^^^^^^^^^^^^^^^
  File "/usr/local/lib/python3.12/site-packages/django/db/models/sql/compiler.py", line 1925, in execute_sql
    cursor.execute(sql, params)
  File "/usr/local/lib/python3.12/site-packages/django/db/backends/utils.py", line 122, in execute
    return super().execute(sql, params)
           ^^^^^^^^^^^^^^^^^^^^^^^^^^^^
  File "/usr/local/lib/python3.12/site-packages/django/db/backends/utils.py", line 79, in execute
    return self._execute_with_wrappers(
           ^^^^^^^^^^^^^^^^^^^^^^^^^^^^
  File "/usr/local/lib/python3.12/site-packages/django/db/backends/utils.py", line 92, in _execute_with_wrappers
    return executor(sql, params, many, context)
           ^^^^^^^^^^^^^^^^^^^^^^^^^^^^^^^^^^^^
  File "/usr/local/lib/python3.12/site-packages/django/db/backends/utils.py", line 100, in _execute
    with self.db.wrap_database_errors:
         ^^^^^^^^^^^^^^^^^^^^^^^^^^^^
  File "/usr/local/lib/python3.12/site-packages/django/db/utils.py", line 94, in __exit__
    raise dj_exc_value.with_traceback(traceback) from exc_value
  File "/usr/local/lib/python3.12/site-packages/django/db/backends/utils.py", line 105, in _execute
    return self.cursor.execute(sql, params)
           ^^^^^^^^^^^^^^^^^^^^^^^^^^^^^^^^
django.db.utils.IntegrityError: null value in column "delivery_address_id" of relation "order_order" violates not-null constraint
DETAIL:  Failing row contains (1, 0.00, processing, 2026-07-31 08:08:59.642669+00, , pending, null, null, null).

ERROR | 2026-07-31 08:08:59,725 | log | "GET /order/success/ HTTP/1.1" 500 146898
WARNING | 2026-07-31 18:36:21,093 | log | Not Found: /favicon.ico
WARNING | 2026-07-31 18:36:21,094 | log | "GET /favicon.ico HTTP/1.1" 404 20728
ERROR | 2026-07-31 18:37:00,777 | log | Internal Server Error: /order/checkout/
Traceback (most recent call last):
  File "/usr/local/lib/python3.12/site-packages/django/db/backends/utils.py", line 105, in _execute
    return self.cursor.execute(sql, params)
           ^^^^^^^^^^^^^^^^^^^^^^^^^^^^^^^^
psycopg2.errors.NotNullViolation: null value in column "owner_id" of relation "user_management_deliveryaddress" violates not-null constraint
DETAIL:  Failing row contains (1, , Lviv, Vilna 24, 45, , null).


The above exception was the direct cause of the following exception:

Traceback (most recent call last):
  File "/usr/local/lib/python3.12/site-packages/django/core/handlers/exception.py", line 55, in inner
    response = get_response(request)
               ^^^^^^^^^^^^^^^^^^^^^
  File "/usr/local/lib/python3.12/site-packages/django/core/handlers/base.py", line 198, in _get_response
    response = wrapped_callback(request, *callback_args, **callback_kwargs)
               ^^^^^^^^^^^^^^^^^^^^^^^^^^^^^^^^^^^^^^^^^^^^^^^^^^^^^^^^^^^^
  File "/app/order/views.py", line 54, in create_checkout_session
    address = DeliveryAddress.objects.create(city=city, street=street)
              ^^^^^^^^^^^^^^^^^^^^^^^^^^^^^^^^^^^^^^^^^^^^^^^^^^^^^^^^
  File "/usr/local/lib/python3.12/site-packages/django/db/models/manager.py", line 87, in manager_method
    return getattr(self.get_queryset(), name)(*args, **kwargs)
           ^^^^^^^^^^^^^^^^^^^^^^^^^^^^^^^^^^^^^^^^^^^^^^^^^^^
  File "/usr/local/lib/python3.12/site-packages/django/db/models/query.py", line 669, in create
    obj.save(force_insert=True, using=self.db)
  File "/usr/local/lib/python3.12/site-packages/django/db/models/base.py", line 874, in save
    self.save_base(
  File "/usr/local/lib/python3.12/site-packages/django/db/models/base.py", line 966, in save_base
    updated = self._save_table(
              ^^^^^^^^^^^^^^^^^
  File "/usr/local/lib/python3.12/site-packages/django/db/models/base.py", line 1169, in _save_table
    results = self._do_insert(
              ^^^^^^^^^^^^^^^^
  File "/usr/local/lib/python3.12/site-packages/django/db/models/base.py", line 1220, in _do_insert
    return manager._insert(
           ^^^^^^^^^^^^^^^^
  File "/usr/local/lib/python3.12/site-packages/django/db/models/manager.py", line 87, in manager_method
    return getattr(self.get_queryset(), name)(*args, **kwargs)
           ^^^^^^^^^^^^^^^^^^^^^^^^^^^^^^^^^^^^^^^^^^^^^^^^^^^
  File "/usr/local/lib/python3.12/site-packages/django/db/models/query.py", line 1918, in _insert
    return query.get_compiler(using=using).execute_sql(returning_fields)
           ^^^^^^^^^^^^^^^^^^^^^^^^^^^^^^^^^^^^^^^^^^^^^^^^^^^^^^^^^^^^^
  File "/usr/local/lib/python3.12/site-packages/django/db/models/sql/compiler.py", line 1925, in execute_sql
    cursor.execute(sql, params)
  File "/usr/local/lib/python3.12/site-packages/django/db/backends/utils.py", line 122, in execute
    return super().execute(sql, params)
           ^^^^^^^^^^^^^^^^^^^^^^^^^^^^
  File "/usr/local/lib/python3.12/site-packages/django/db/backends/utils.py", line 79, in execute
    return self._execute_with_wrappers(
           ^^^^^^^^^^^^^^^^^^^^^^^^^^^^
  File "/usr/local/lib/python3.12/site-packages/django/db/backends/utils.py", line 92, in _execute_with_wrappers
    return executor(sql, params, many, context)
           ^^^^^^^^^^^^^^^^^^^^^^^^^^^^^^^^^^^^
  File "/usr/local/lib/python3.12/site-packages/django/db/backends/utils.py", line 100, in _execute
    with self.db.wrap_database_errors:
         ^^^^^^^^^^^^^^^^^^^^^^^^^^^^
  File "/usr/local/lib/python3.12/site-packages/django/db/utils.py", line 94, in __exit__
    raise dj_exc_value.with_traceback(traceback) from exc_value
  File "/usr/local/lib/python3.12/site-packages/django/db/backends/utils.py", line 105, in _execute
    return self.cursor.execute(sql, params)
           ^^^^^^^^^^^^^^^^^^^^^^^^^^^^^^^^
django.db.utils.IntegrityError: null value in column "owner_id" of relation "user_management_deliveryaddress" violates not-null constraint
DETAIL:  Failing row contains (1, , Lviv, Vilna 24, 45, , null).

ERROR | 2026-07-31 18:37:00,786 | log | "POST /order/checkout/ HTTP/1.1" 500 146028
ERROR | 2026-07-31 18:48:34,852 | log | Internal Server Error: /order/checkout/
Traceback (most recent call last):
  File "/usr/local/lib/python3.12/site-packages/django/core/handlers/exception.py", line 55, in inner
    response = get_response(request)
               ^^^^^^^^^^^^^^^^^^^^^
  File "/usr/local/lib/python3.12/site-packages/django/utils/deprecation.py", line 311, in __call__
    response = self.process_response(request, response)
               ^^^^^^^^^^^^^^^^^^^^^^^^^^^^^^^^^^^^^^^^
  File "/usr/local/lib/python3.12/site-packages/django/contrib/sessions/middleware.py", line 60, in process_response
    request.session.save()
  File "/usr/local/lib/python3.12/site-packages/django/contrib/sessions/backends/db.py", line 123, in save
    obj = self.create_model_instance(data)
          ^^^^^^^^^^^^^^^^^^^^^^^^^^^^^^^^
  File "/usr/local/lib/python3.12/site-packages/django/contrib/sessions/backends/db.py", line 102, in create_model_instance
    session_data=self.encode(data),
                 ^^^^^^^^^^^^^^^^^
  File "/usr/local/lib/python3.12/site-packages/django/contrib/sessions/backends/base.py", line 126, in encode
    return signing.dumps(
           ^^^^^^^^^^^^^^
  File "/usr/local/lib/python3.12/site-packages/django/core/signing.py", line 175, in dumps
    return TimestampSigner(key=key, salt=salt).sign_object(
           ^^^^^^^^^^^^^^^^^^^^^^^^^^^^^^^^^^^^^^^^^^^^^^^^
  File "/usr/local/lib/python3.12/site-packages/django/core/signing.py", line 250, in sign_object
    data = serializer().dumps(obj)
           ^^^^^^^^^^^^^^^^^^^^^^^
  File "/usr/local/lib/python3.12/site-packages/django/core/signing.py", line 150, in dumps
    return json.dumps(obj, separators=(",", ":")).encode("latin-1")
           ^^^^^^^^^^^^^^^^^^^^^^^^^^^^^^^^^^^^^^
  File "/usr/local/lib/python3.12/json/__init__.py", line 238, in dumps
    **kw).encode(obj)
          ^^^^^^^^^^^
  File "/usr/local/lib/python3.12/json/encoder.py", line 200, in encode
    chunks = self.iterencode(o, _one_shot=True)
             ^^^^^^^^^^^^^^^^^^^^^^^^^^^^^^^^^^
  File "/usr/local/lib/python3.12/json/encoder.py", line 258, in iterencode
    return _iterencode(o, 0)
           ^^^^^^^^^^^^^^^^^
  File "/usr/local/lib/python3.12/json/encoder.py", line 180, in default
    raise TypeError(f'Object of type {o.__class__.__name__} '
TypeError: Object of type Decimal is not JSON serializable
ERROR | 2026-07-31 18:48:34,857 | log | "POST /order/checkout/ HTTP/1.1" 500 118019
WARNING | 2026-08-09 17:18:38,362 | log | Not Found: /favicon.ico
WARNING | 2026-08-09 17:18:38,363 | log | "GET /favicon.ico HTTP/1.1" 404 21903
ERROR | 2026-08-09 17:22:13,027 | log | Internal Server Error: /
Traceback (most recent call last):
  File "/usr/local/lib/python3.12/site-packages/django/core/handlers/exception.py", line 55, in inner
    response = get_response(request)
               ^^^^^^^^^^^^^^^^^^^^^
  File "/usr/local/lib/python3.12/site-packages/django/core/handlers/base.py", line 221, in _get_response
    response = response.render()
               ^^^^^^^^^^^^^^^^^
  File "/usr/local/lib/python3.12/site-packages/django/template/response.py", line 114, in render
    self.content = self.rendered_content
                   ^^^^^^^^^^^^^^^^^^^^^
  File "/usr/local/lib/python3.12/site-packages/django/template/response.py", line 92, in rendered_content
    return template.render(context, self._request)
           ^^^^^^^^^^^^^^^^^^^^^^^^^^^^^^^^^^^^^^^
  File "/usr/local/lib/python3.12/site-packages/django/template/backends/django.py", line 107, in render
    return self.template.render(context)
           ^^^^^^^^^^^^^^^^^^^^^^^^^^^^^
  File "/usr/local/lib/python3.12/site-packages/django/template/base.py", line 174, in render
    return self._render(context)
           ^^^^^^^^^^^^^^^^^^^^^
  File "/usr/local/lib/python3.12/site-packages/django/test/utils.py", line 114, in instrumented_test_render
    return self.nodelist.render(context)
           ^^^^^^^^^^^^^^^^^^^^^^^^^^^^^
  File "/usr/local/lib/python3.12/site-packages/django/template/base.py", line 1091, in render
    return SafeString("".join([node.render_annotated(context) for node in self]))
                               ^^^^^^^^^^^^^^^^^^^^^^^^^^^^^^
  File "/usr/local/lib/python3.12/site-packages/django/template/base.py", line 1052, in render_annotated
    return self.render(context)
           ^^^^^^^^^^^^^^^^^^^^
  File "/usr/local/lib/python3.12/site-packages/django/template/loader_tags.py", line 160, in render
    return compiled_parent._render(context)
           ^^^^^^^^^^^^^^^^^^^^^^^^^^^^^^^^
  File "/usr/local/lib/python3.12/site-packages/django/test/utils.py", line 114, in instrumented_test_render
    return self.nodelist.render(context)
           ^^^^^^^^^^^^^^^^^^^^^^^^^^^^^
  File "/usr/local/lib/python3.12/site-packages/django/template/base.py", line 1091, in render
    return SafeString("".join([node.render_annotated(context) for node in self]))
                               ^^^^^^^^^^^^^^^^^^^^^^^^^^^^^^
  File "/usr/local/lib/python3.12/site-packages/django/template/base.py", line 1052, in render_annotated
    return self.render(context)
           ^^^^^^^^^^^^^^^^^^^^
  File "/usr/local/lib/python3.12/site-packages/django/template/defaulttags.py", line 511, in render
    url = reverse(view_name, args=args, kwargs=kwargs, current_app=current_app)
          ^^^^^^^^^^^^^^^^^^^^^^^^^^^^^^^^^^^^^^^^^^^^^^^^^^^^^^^^^^^^^^^^^^^^^
  File "/usr/local/lib/python3.12/site-packages/django/urls/base.py", line 98, in reverse
    resolved_url = resolver._reverse_with_prefix(view, prefix, *args, **kwargs)
                   ^^^^^^^^^^^^^^^^^^^^^^^^^^^^^^^^^^^^^^^^^^^^^^^^^^^^^^^^^^^^
  File "/usr/local/lib/python3.12/site-packages/django/urls/resolvers.py", line 842, in _reverse_with_prefix
    raise NoReverseMatch(msg)
django.urls.exceptions.NoReverseMatch: Reverse for 'set_language' not found. 'set_language' is not a valid view function or pattern name.
ERROR | 2026-08-09 17:22:13,140 | log | "GET / HTTP/1.1" 500 146533
ERROR | 2026-08-10 16:57:18,109 | log | Internal Server Error: /books/add
Traceback (most recent call last):
  File "/usr/local/lib/python3.12/site-packages/django/urls/base.py", line 81, in reverse
    extra, resolver = resolver.namespace_dict[ns]
                      ~~~~~~~~~~~~~~~~~~~~~~~^^^^
KeyError: 'djdt'

During handling of the above exception, another exception occurred:

Traceback (most recent call last):
  File "/usr/local/lib/python3.12/site-packages/django/core/handlers/exception.py", line 55, in inner
    response = get_response(request)
               ^^^^^^^^^^^^^^^^^^^^^
  File "/usr/local/lib/python3.12/site-packages/debug_toolbar/middleware.py", line 151, in __call__
    return self._postprocess(request, response, toolbar)
           ^^^^^^^^^^^^^^^^^^^^^^^^^^^^^^^^^^^^^^^^^^^^^
  File "/usr/local/lib/python3.12/site-packages/debug_toolbar/middleware.py", line 195, in _postprocess
    rendered = toolbar.render_toolbar()
               ^^^^^^^^^^^^^^^^^^^^^^^^
  File "/usr/local/lib/python3.12/site-packages/debug_toolbar/toolbar.py", line 106, in render_toolbar
    return render_to_string("debug_toolbar/base.html", context)
           ^^^^^^^^^^^^^^^^^^^^^^^^^^^^^^^^^^^^^^^^^^^^^^^^^^^^
  File "/usr/local/lib/python3.12/site-packages/django/template/loader.py", line 62, in render_to_string
    return template.render(context, request)
           ^^^^^^^^^^^^^^^^^^^^^^^^^^^^^^^^^
  File "/usr/local/lib/python3.12/site-packages/django/template/backends/django.py", line 107, in render
    return self.template.render(context)
           ^^^^^^^^^^^^^^^^^^^^^^^^^^^^^
  File "/usr/local/lib/python3.12/site-packages/django/template/base.py", line 174, in render
    return self._render(context)
           ^^^^^^^^^^^^^^^^^^^^^
  File "/usr/local/lib/python3.12/site-packages/django/test/utils.py", line 114, in instrumented_test_render
    return self.nodelist.render(context)
           ^^^^^^^^^^^^^^^^^^^^^^^^^^^^^
  File "/usr/local/lib/python3.12/site-packages/django/template/base.py", line 1091, in render
    return SafeString("".join([node.render_annotated(context) for node in self]))
                               ^^^^^^^^^^^^^^^^^^^^^^^^^^^^^^
  File "/usr/local/lib/python3.12/site-packages/django/template/base.py", line 1052, in render_annotated
    return self.render(context)
           ^^^^^^^^^^^^^^^^^^^^
  File "/usr/local/lib/python3.12/site-packages/django/template/defaulttags.py", line 333, in render
    return nodelist.render(context)
           ^^^^^^^^^^^^^^^^^^^^^^^^
  File "/usr/local/lib/python3.12/site-packages/django/template/base.py", line 1091, in render
    return SafeString("".join([node.render_annotated(context) for node in self]))
                               ^^^^^^^^^^^^^^^^^^^^^^^^^^^^^^
  File "/usr/local/lib/python3.12/site-packages/django/template/base.py", line 1052, in render_annotated
    return self.render(context)
           ^^^^^^^^^^^^^^^^^^^^
  File "/usr/local/lib/python3.12/site-packages/django/template/defaulttags.py", line 511, in render
    url = reverse(view_name, args=args, kwargs=kwargs, current_app=current_app)
          ^^^^^^^^^^^^^^^^^^^^^^^^^^^^^^^^^^^^^^^^^^^^^^^^^^^^^^^^^^^^^^^^^^^^^
  File "/usr/local/lib/python3.12/site-packages/django/urls/base.py", line 92, in reverse
    raise NoReverseMatch("%s is not a registered namespace" % key)
django.urls.exceptions.NoReverseMatch: 'djdt' is not a registered namespace
ERROR | 2026-08-10 16:57:23,062 | log | Internal Server Error: /books/add
Traceback (most recent call last):
  File "/usr/local/lib/python3.12/site-packages/django/urls/base.py", line 81, in reverse
    extra, resolver = resolver.namespace_dict[ns]
                      ~~~~~~~~~~~~~~~~~~~~~~~^^^^
KeyError: 'djdt'

During handling of the above exception, another exception occurred:

Traceback (most recent call last):
  File "/usr/local/lib/python3.12/site-packages/django/core/handlers/exception.py", line 55, in inner
    response = get_response(request)
               ^^^^^^^^^^^^^^^^^^^^^
  File "/usr/local/lib/python3.12/site-packages/debug_toolbar/middleware.py", line 151, in __call__
    return self._postprocess(request, response, toolbar)
           ^^^^^^^^^^^^^^^^^^^^^^^^^^^^^^^^^^^^^^^^^^^^^
  File "/usr/local/lib/python3.12/site-packages/debug_toolbar/middleware.py", line 195, in _postprocess
    rendered = toolbar.render_toolbar()
               ^^^^^^^^^^^^^^^^^^^^^^^^
  File "/usr/local/lib/python3.12/site-packages/debug_toolbar/toolbar.py", line 106, in render_toolbar
    return render_to_string("debug_toolbar/base.html", context)
           ^^^^^^^^^^^^^^^^^^^^^^^^^^^^^^^^^^^^^^^^^^^^^^^^^^^^
  File "/usr/local/lib/python3.12/site-packages/django/template/loader.py", line 62, in render_to_string
    return template.render(context, request)
           ^^^^^^^^^^^^^^^^^^^^^^^^^^^^^^^^^
  File "/usr/local/lib/python3.12/site-packages/django/template/backends/django.py", line 107, in render
    return self.template.render(context)
           ^^^^^^^^^^^^^^^^^^^^^^^^^^^^^
  File "/usr/local/lib/python3.12/site-packages/django/template/base.py", line 174, in render
    return self._render(context)
           ^^^^^^^^^^^^^^^^^^^^^
  File "/usr/local/lib/python3.12/site-packages/django/test/utils.py", line 114, in instrumented_test_render
    return self.nodelist.render(context)
           ^^^^^^^^^^^^^^^^^^^^^^^^^^^^^
  File "/usr/local/lib/python3.12/site-packages/django/template/base.py", line 1091, in render
    return SafeString("".join([node.render_annotated(context) for node in self]))
                               ^^^^^^^^^^^^^^^^^^^^^^^^^^^^^^
  File "/usr/local/lib/python3.12/site-packages/django/template/base.py", line 1052, in render_annotated
    return self.render(context)
           ^^^^^^^^^^^^^^^^^^^^
  File "/usr/local/lib/python3.12/site-packages/django/template/defaulttags.py", line 333, in render
    return nodelist.render(context)
           ^^^^^^^^^^^^^^^^^^^^^^^^
  File "/usr/local/lib/python3.12/site-packages/django/template/base.py", line 1091, in render
    return SafeString("".join([node.render_annotated(context) for node in self]))
                               ^^^^^^^^^^^^^^^^^^^^^^^^^^^^^^
  File "/usr/local/lib/python3.12/site-packages/django/template/base.py", line 1052, in render_annotated
    return self.render(context)
           ^^^^^^^^^^^^^^^^^^^^
  File "/usr/local/lib/python3.12/site-packages/django/template/defaulttags.py", line 511, in render
    url = reverse(view_name, args=args, kwargs=kwargs, current_app=current_app)
          ^^^^^^^^^^^^^^^^^^^^^^^^^^^^^^^^^^^^^^^^^^^^^^^^^^^^^^^^^^^^^^^^^^^^^
  File "/usr/local/lib/python3.12/site-packages/django/urls/base.py", line 92, in reverse
    raise NoReverseMatch("%s is not a registered namespace" % key)
django.urls.exceptions.NoReverseMatch: 'djdt' is not a registered namespace
WARNING | 2026-08-10 16:57:25,520 | log | Not Found: /non-existetnt-url-12345/
ERROR | 2026-08-10 16:58:38,357 | log | Internal Server Error: /books/add
Traceback (most recent call last):
  File "/usr/local/lib/python3.12/site-packages/django/urls/base.py", line 81, in reverse
    extra, resolver = resolver.namespace_dict[ns]
                      ~~~~~~~~~~~~~~~~~~~~~~~^^^^
KeyError: 'djdt'

During handling of the above exception, another exception occurred:

Traceback (most recent call last):
  File "/usr/local/lib/python3.12/site-packages/django/core/handlers/exception.py", line 55, in inner
    response = get_response(request)
               ^^^^^^^^^^^^^^^^^^^^^
  File "/usr/local/lib/python3.12/site-packages/debug_toolbar/middleware.py", line 151, in __call__
    return self._postprocess(request, response, toolbar)
           ^^^^^^^^^^^^^^^^^^^^^^^^^^^^^^^^^^^^^^^^^^^^^
  File "/usr/local/lib/python3.12/site-packages/debug_toolbar/middleware.py", line 195, in _postprocess
    rendered = toolbar.render_toolbar()
               ^^^^^^^^^^^^^^^^^^^^^^^^
  File "/usr/local/lib/python3.12/site-packages/debug_toolbar/toolbar.py", line 106, in render_toolbar
    return render_to_string("debug_toolbar/base.html", context)
           ^^^^^^^^^^^^^^^^^^^^^^^^^^^^^^^^^^^^^^^^^^^^^^^^^^^^
  File "/usr/local/lib/python3.12/site-packages/django/template/loader.py", line 62, in render_to_string
    return template.render(context, request)
           ^^^^^^^^^^^^^^^^^^^^^^^^^^^^^^^^^
  File "/usr/local/lib/python3.12/site-packages/django/template/backends/django.py", line 107, in render
    return self.template.render(context)
           ^^^^^^^^^^^^^^^^^^^^^^^^^^^^^
  File "/usr/local/lib/python3.12/site-packages/django/template/base.py", line 174, in render
    return self._render(context)
           ^^^^^^^^^^^^^^^^^^^^^
  File "/usr/local/lib/python3.12/site-packages/django/test/utils.py", line 114, in instrumented_test_render
    return self.nodelist.render(context)
           ^^^^^^^^^^^^^^^^^^^^^^^^^^^^^
  File "/usr/local/lib/python3.12/site-packages/django/template/base.py", line 1091, in render
    return SafeString("".join([node.render_annotated(context) for node in self]))
                               ^^^^^^^^^^^^^^^^^^^^^^^^^^^^^^
  File "/usr/local/lib/python3.12/site-packages/django/template/base.py", line 1052, in render_annotated
    return self.render(context)
           ^^^^^^^^^^^^^^^^^^^^
  File "/usr/local/lib/python3.12/site-packages/django/template/defaulttags.py", line 333, in render
    return nodelist.render(context)
           ^^^^^^^^^^^^^^^^^^^^^^^^
  File "/usr/local/lib/python3.12/site-packages/django/template/base.py", line 1091, in render
    return SafeString("".join([node.render_annotated(context) for node in self]))
                               ^^^^^^^^^^^^^^^^^^^^^^^^^^^^^^
  File "/usr/local/lib/python3.12/site-packages/django/template/base.py", line 1052, in render_annotated
    return self.render(context)
           ^^^^^^^^^^^^^^^^^^^^
  File "/usr/local/lib/python3.12/site-packages/django/template/defaulttags.py", line 511, in render
    url = reverse(view_name, args=args, kwargs=kwargs, current_app=current_app)
          ^^^^^^^^^^^^^^^^^^^^^^^^^^^^^^^^^^^^^^^^^^^^^^^^^^^^^^^^^^^^^^^^^^^^^
  File "/usr/local/lib/python3.12/site-packages/django/urls/base.py", line 92, in reverse
    raise NoReverseMatch("%s is not a registered namespace" % key)
django.urls.exceptions.NoReverseMatch: 'djdt' is not a registered namespace
ERROR | 2026-08-10 16:58:43,606 | log | Internal Server Error: /books/add
Traceback (most recent call last):
  File "/usr/local/lib/python3.12/site-packages/django/urls/base.py", line 81, in reverse
    extra, resolver = resolver.namespace_dict[ns]
                      ~~~~~~~~~~~~~~~~~~~~~~~^^^^
KeyError: 'djdt'

During handling of the above exception, another exception occurred:

Traceback (most recent call last):
  File "/usr/local/lib/python3.12/site-packages/django/core/handlers/exception.py", line 55, in inner
    response = get_response(request)
               ^^^^^^^^^^^^^^^^^^^^^
  File "/usr/local/lib/python3.12/site-packages/debug_toolbar/middleware.py", line 151, in __call__
    return self._postprocess(request, response, toolbar)
           ^^^^^^^^^^^^^^^^^^^^^^^^^^^^^^^^^^^^^^^^^^^^^
  File "/usr/local/lib/python3.12/site-packages/debug_toolbar/middleware.py", line 195, in _postprocess
    rendered = toolbar.render_toolbar()
               ^^^^^^^^^^^^^^^^^^^^^^^^
  File "/usr/local/lib/python3.12/site-packages/debug_toolbar/toolbar.py", line 106, in render_toolbar
    return render_to_string("debug_toolbar/base.html", context)
           ^^^^^^^^^^^^^^^^^^^^^^^^^^^^^^^^^^^^^^^^^^^^^^^^^^^^
  File "/usr/local/lib/python3.12/site-packages/django/template/loader.py", line 62, in render_to_string
    return template.render(context, request)
           ^^^^^^^^^^^^^^^^^^^^^^^^^^^^^^^^^
  File "/usr/local/lib/python3.12/site-packages/django/template/backends/django.py", line 107, in render
    return self.template.render(context)
           ^^^^^^^^^^^^^^^^^^^^^^^^^^^^^
  File "/usr/local/lib/python3.12/site-packages/django/template/base.py", line 174, in render
    return self._render(context)
           ^^^^^^^^^^^^^^^^^^^^^
  File "/usr/local/lib/python3.12/site-packages/django/test/utils.py", line 114, in instrumented_test_render
    return self.nodelist.render(context)
           ^^^^^^^^^^^^^^^^^^^^^^^^^^^^^
  File "/usr/local/lib/python3.12/site-packages/django/template/base.py", line 1091, in render
    return SafeString("".join([node.render_annotated(context) for node in self]))
                               ^^^^^^^^^^^^^^^^^^^^^^^^^^^^^^
  File "/usr/local/lib/python3.12/site-packages/django/template/base.py", line 1052, in render_annotated
    return self.render(context)
           ^^^^^^^^^^^^^^^^^^^^
  File "/usr/local/lib/python3.12/site-packages/django/template/defaulttags.py", line 333, in render
    return nodelist.render(context)
           ^^^^^^^^^^^^^^^^^^^^^^^^
  File "/usr/local/lib/python3.12/site-packages/django/template/base.py", line 1091, in render
    return SafeString("".join([node.render_annotated(context) for node in self]))
                               ^^^^^^^^^^^^^^^^^^^^^^^^^^^^^^
  File "/usr/local/lib/python3.12/site-packages/django/template/base.py", line 1052, in render_annotated
    return self.render(context)
           ^^^^^^^^^^^^^^^^^^^^
  File "/usr/local/lib/python3.12/site-packages/django/template/defaulttags.py", line 511, in render
    url = reverse(view_name, args=args, kwargs=kwargs, current_app=current_app)
          ^^^^^^^^^^^^^^^^^^^^^^^^^^^^^^^^^^^^^^^^^^^^^^^^^^^^^^^^^^^^^^^^^^^^^
  File "/usr/local/lib/python3.12/site-packages/django/urls/base.py", line 92, in reverse
    raise NoReverseMatch("%s is not a registered namespace" % key)
django.urls.exceptions.NoReverseMatch: 'djdt' is not a registered namespace
WARNING | 2026-08-10 16:58:46,478 | log | Not Found: /non-existetnt-url-12345/
ERROR | 2026-08-10 17:14:35,296 | log | Internal Server Error: /books/add
Traceback (most recent call last):
  File "/usr/local/lib/python3.12/site-packages/django/urls/base.py", line 81, in reverse
    extra, resolver = resolver.namespace_dict[ns]
                      ~~~~~~~~~~~~~~~~~~~~~~~^^^^
KeyError: 'djdt'

During handling of the above exception, another exception occurred:

Traceback (most recent call last):
  File "/usr/local/lib/python3.12/site-packages/django/core/handlers/exception.py", line 55, in inner
    response = get_response(request)
               ^^^^^^^^^^^^^^^^^^^^^
  File "/usr/local/lib/python3.12/site-packages/debug_toolbar/middleware.py", line 151, in __call__
    return self._postprocess(request, response, toolbar)
           ^^^^^^^^^^^^^^^^^^^^^^^^^^^^^^^^^^^^^^^^^^^^^
  File "/usr/local/lib/python3.12/site-packages/debug_toolbar/middleware.py", line 195, in _postprocess
    rendered = toolbar.render_toolbar()
               ^^^^^^^^^^^^^^^^^^^^^^^^
  File "/usr/local/lib/python3.12/site-packages/debug_toolbar/toolbar.py", line 106, in render_toolbar
    return render_to_string("debug_toolbar/base.html", context)
           ^^^^^^^^^^^^^^^^^^^^^^^^^^^^^^^^^^^^^^^^^^^^^^^^^^^^
  File "/usr/local/lib/python3.12/site-packages/django/template/loader.py", line 62, in render_to_string
    return template.render(context, request)
           ^^^^^^^^^^^^^^^^^^^^^^^^^^^^^^^^^
  File "/usr/local/lib/python3.12/site-packages/django/template/backends/django.py", line 107, in render
    return self.template.render(context)
           ^^^^^^^^^^^^^^^^^^^^^^^^^^^^^
  File "/usr/local/lib/python3.12/site-packages/django/template/base.py", line 174, in render
    return self._render(context)
           ^^^^^^^^^^^^^^^^^^^^^
  File "/usr/local/lib/python3.12/site-packages/django/test/utils.py", line 114, in instrumented_test_render
    return self.nodelist.render(context)
           ^^^^^^^^^^^^^^^^^^^^^^^^^^^^^
  File "/usr/local/lib/python3.12/site-packages/django/template/base.py", line 1091, in render
    return SafeString("".join([node.render_annotated(context) for node in self]))
                               ^^^^^^^^^^^^^^^^^^^^^^^^^^^^^^
  File "/usr/local/lib/python3.12/site-packages/django/template/base.py", line 1052, in render_annotated
    return self.render(context)
           ^^^^^^^^^^^^^^^^^^^^
  File "/usr/local/lib/python3.12/site-packages/django/template/defaulttags.py", line 333, in render
    return nodelist.render(context)
           ^^^^^^^^^^^^^^^^^^^^^^^^
  File "/usr/local/lib/python3.12/site-packages/django/template/base.py", line 1091, in render
    return SafeString("".join([node.render_annotated(context) for node in self]))
                               ^^^^^^^^^^^^^^^^^^^^^^^^^^^^^^
  File "/usr/local/lib/python3.12/site-packages/django/template/base.py", line 1052, in render_annotated
    return self.render(context)
           ^^^^^^^^^^^^^^^^^^^^
  File "/usr/local/lib/python3.12/site-packages/django/template/defaulttags.py", line 511, in render
    url = reverse(view_name, args=args, kwargs=kwargs, current_app=current_app)
          ^^^^^^^^^^^^^^^^^^^^^^^^^^^^^^^^^^^^^^^^^^^^^^^^^^^^^^^^^^^^^^^^^^^^^
  File "/usr/local/lib/python3.12/site-packages/django/urls/base.py", line 92, in reverse
    raise NoReverseMatch("%s is not a registered namespace" % key)
django.urls.exceptions.NoReverseMatch: 'djdt' is not a registered namespace
WARNING | 2026-08-10 17:14:39,641 | log | Not Found: /books/999
ERROR | 2026-08-10 17:14:40,909 | log | Internal Server Error: /books/add
Traceback (most recent call last):
  File "/usr/local/lib/python3.12/site-packages/django/urls/base.py", line 81, in reverse
    extra, resolver = resolver.namespace_dict[ns]
                      ~~~~~~~~~~~~~~~~~~~~~~~^^^^
KeyError: 'djdt'

During handling of the above exception, another exception occurred:

Traceback (most recent call last):
  File "/usr/local/lib/python3.12/site-packages/django/core/handlers/exception.py", line 55, in inner
    response = get_response(request)
               ^^^^^^^^^^^^^^^^^^^^^
  File "/usr/local/lib/python3.12/site-packages/debug_toolbar/middleware.py", line 151, in __call__
    return self._postprocess(request, response, toolbar)
           ^^^^^^^^^^^^^^^^^^^^^^^^^^^^^^^^^^^^^^^^^^^^^
  File "/usr/local/lib/python3.12/site-packages/debug_toolbar/middleware.py", line 195, in _postprocess
    rendered = toolbar.render_toolbar()
               ^^^^^^^^^^^^^^^^^^^^^^^^
  File "/usr/local/lib/python3.12/site-packages/debug_toolbar/toolbar.py", line 106, in render_toolbar
    return render_to_string("debug_toolbar/base.html", context)
           ^^^^^^^^^^^^^^^^^^^^^^^^^^^^^^^^^^^^^^^^^^^^^^^^^^^^
  File "/usr/local/lib/python3.12/site-packages/django/template/loader.py", line 62, in render_to_string
    return template.render(context, request)
           ^^^^^^^^^^^^^^^^^^^^^^^^^^^^^^^^^
  File "/usr/local/lib/python3.12/site-packages/django/template/backends/django.py", line 107, in render
    return self.template.render(context)
           ^^^^^^^^^^^^^^^^^^^^^^^^^^^^^
  File "/usr/local/lib/python3.12/site-packages/django/template/base.py", line 174, in render
    return self._render(context)
           ^^^^^^^^^^^^^^^^^^^^^
  File "/usr/local/lib/python3.12/site-packages/django/test/utils.py", line 114, in instrumented_test_render
    return self.nodelist.render(context)
           ^^^^^^^^^^^^^^^^^^^^^^^^^^^^^
  File "/usr/local/lib/python3.12/site-packages/django/template/base.py", line 1091, in render
    return SafeString("".join([node.render_annotated(context) for node in self]))
                               ^^^^^^^^^^^^^^^^^^^^^^^^^^^^^^
  File "/usr/local/lib/python3.12/site-packages/django/template/base.py", line 1052, in render_annotated
    return self.render(context)
           ^^^^^^^^^^^^^^^^^^^^
  File "/usr/local/lib/python3.12/site-packages/django/template/defaulttags.py", line 333, in render
    return nodelist.render(context)
           ^^^^^^^^^^^^^^^^^^^^^^^^
  File "/usr/local/lib/python3.12/site-packages/django/template/base.py", line 1091, in render
    return SafeString("".join([node.render_annotated(context) for node in self]))
                               ^^^^^^^^^^^^^^^^^^^^^^^^^^^^^^
  File "/usr/local/lib/python3.12/site-packages/django/template/base.py", line 1052, in render_annotated
    return self.render(context)
           ^^^^^^^^^^^^^^^^^^^^
  File "/usr/local/lib/python3.12/site-packages/django/template/defaulttags.py", line 511, in render
    url = reverse(view_name, args=args, kwargs=kwargs, current_app=current_app)
          ^^^^^^^^^^^^^^^^^^^^^^^^^^^^^^^^^^^^^^^^^^^^^^^^^^^^^^^^^^^^^^^^^^^^^
  File "/usr/local/lib/python3.12/site-packages/django/urls/base.py", line 92, in reverse
    raise NoReverseMatch("%s is not a registered namespace" % key)
django.urls.exceptions.NoReverseMatch: 'djdt' is not a registered namespace
WARNING | 2026-08-10 17:14:43,718 | log | Not Found: /non-existetnt-url-12345/
ERROR | 2026-08-10 17:17:53,998 | log | Internal Server Error: /books/add
Traceback (most recent call last):
  File "/usr/local/lib/python3.12/site-packages/django/urls/base.py", line 81, in reverse
    extra, resolver = resolver.namespace_dict[ns]
                      ~~~~~~~~~~~~~~~~~~~~~~~^^^^
KeyError: 'djdt'

During handling of the above exception, another exception occurred:

Traceback (most recent call last):
  File "/usr/local/lib/python3.12/site-packages/django/core/handlers/exception.py", line 55, in inner
    response = get_response(request)
               ^^^^^^^^^^^^^^^^^^^^^
  File "/usr/local/lib/python3.12/site-packages/debug_toolbar/middleware.py", line 151, in __call__
    return self._postprocess(request, response, toolbar)
           ^^^^^^^^^^^^^^^^^^^^^^^^^^^^^^^^^^^^^^^^^^^^^
  File "/usr/local/lib/python3.12/site-packages/debug_toolbar/middleware.py", line 195, in _postprocess
    rendered = toolbar.render_toolbar()
               ^^^^^^^^^^^^^^^^^^^^^^^^
  File "/usr/local/lib/python3.12/site-packages/debug_toolbar/toolbar.py", line 106, in render_toolbar
    return render_to_string("debug_toolbar/base.html", context)
           ^^^^^^^^^^^^^^^^^^^^^^^^^^^^^^^^^^^^^^^^^^^^^^^^^^^^
  File "/usr/local/lib/python3.12/site-packages/django/template/loader.py", line 62, in render_to_string
    return template.render(context, request)
           ^^^^^^^^^^^^^^^^^^^^^^^^^^^^^^^^^
  File "/usr/local/lib/python3.12/site-packages/django/template/backends/django.py", line 107, in render
    return self.template.render(context)
           ^^^^^^^^^^^^^^^^^^^^^^^^^^^^^
  File "/usr/local/lib/python3.12/site-packages/django/template/base.py", line 174, in render
    return self._render(context)
           ^^^^^^^^^^^^^^^^^^^^^
  File "/usr/local/lib/python3.12/site-packages/django/test/utils.py", line 114, in instrumented_test_render
    return self.nodelist.render(context)
           ^^^^^^^^^^^^^^^^^^^^^^^^^^^^^
  File "/usr/local/lib/python3.12/site-packages/django/template/base.py", line 1091, in render
    return SafeString("".join([node.render_annotated(context) for node in self]))
                               ^^^^^^^^^^^^^^^^^^^^^^^^^^^^^^
  File "/usr/local/lib/python3.12/site-packages/django/template/base.py", line 1052, in render_annotated
    return self.render(context)
           ^^^^^^^^^^^^^^^^^^^^
  File "/usr/local/lib/python3.12/site-packages/django/template/defaulttags.py", line 333, in render
    return nodelist.render(context)
           ^^^^^^^^^^^^^^^^^^^^^^^^
  File "/usr/local/lib/python3.12/site-packages/django/template/base.py", line 1091, in render
    return SafeString("".join([node.render_annotated(context) for node in self]))
                               ^^^^^^^^^^^^^^^^^^^^^^^^^^^^^^
  File "/usr/local/lib/python3.12/site-packages/django/template/base.py", line 1052, in render_annotated
    return self.render(context)
           ^^^^^^^^^^^^^^^^^^^^
  File "/usr/local/lib/python3.12/site-packages/django/template/defaulttags.py", line 511, in render
    url = reverse(view_name, args=args, kwargs=kwargs, current_app=current_app)
          ^^^^^^^^^^^^^^^^^^^^^^^^^^^^^^^^^^^^^^^^^^^^^^^^^^^^^^^^^^^^^^^^^^^^^
  File "/usr/local/lib/python3.12/site-packages/django/urls/base.py", line 92, in reverse
    raise NoReverseMatch("%s is not a registered namespace" % key)
django.urls.exceptions.NoReverseMatch: 'djdt' is not a registered namespace
WARNING | 2026-08-10 17:17:58,344 | log | Not Found: /books/999
ERROR | 2026-08-10 17:17:59,598 | log | Internal Server Error: /books/add
Traceback (most recent call last):
  File "/usr/local/lib/python3.12/site-packages/django/urls/base.py", line 81, in reverse
    extra, resolver = resolver.namespace_dict[ns]
                      ~~~~~~~~~~~~~~~~~~~~~~~^^^^
KeyError: 'djdt'

During handling of the above exception, another exception occurred:

Traceback (most recent call last):
  File "/usr/local/lib/python3.12/site-packages/django/core/handlers/exception.py", line 55, in inner
    response = get_response(request)
               ^^^^^^^^^^^^^^^^^^^^^
  File "/usr/local/lib/python3.12/site-packages/debug_toolbar/middleware.py", line 151, in __call__
    return self._postprocess(request, response, toolbar)
           ^^^^^^^^^^^^^^^^^^^^^^^^^^^^^^^^^^^^^^^^^^^^^
  File "/usr/local/lib/python3.12/site-packages/debug_toolbar/middleware.py", line 195, in _postprocess
    rendered = toolbar.render_toolbar()
               ^^^^^^^^^^^^^^^^^^^^^^^^
  File "/usr/local/lib/python3.12/site-packages/debug_toolbar/toolbar.py", line 106, in render_toolbar
    return render_to_string("debug_toolbar/base.html", context)
           ^^^^^^^^^^^^^^^^^^^^^^^^^^^^^^^^^^^^^^^^^^^^^^^^^^^^
  File "/usr/local/lib/python3.12/site-packages/django/template/loader.py", line 62, in render_to_string
    return template.render(context, request)
           ^^^^^^^^^^^^^^^^^^^^^^^^^^^^^^^^^
  File "/usr/local/lib/python3.12/site-packages/django/template/backends/django.py", line 107, in render
    return self.template.render(context)
           ^^^^^^^^^^^^^^^^^^^^^^^^^^^^^
  File "/usr/local/lib/python3.12/site-packages/django/template/base.py", line 174, in render
    return self._render(context)
           ^^^^^^^^^^^^^^^^^^^^^
  File "/usr/local/lib/python3.12/site-packages/django/test/utils.py", line 114, in instrumented_test_render
    return self.nodelist.render(context)
           ^^^^^^^^^^^^^^^^^^^^^^^^^^^^^
  File "/usr/local/lib/python3.12/site-packages/django/template/base.py", line 1091, in render
    return SafeString("".join([node.render_annotated(context) for node in self]))
                               ^^^^^^^^^^^^^^^^^^^^^^^^^^^^^^
  File "/usr/local/lib/python3.12/site-packages/django/template/base.py", line 1052, in render_annotated
    return self.render(context)
           ^^^^^^^^^^^^^^^^^^^^
  File "/usr/local/lib/python3.12/site-packages/django/template/defaulttags.py", line 333, in render
    return nodelist.render(context)
           ^^^^^^^^^^^^^^^^^^^^^^^^
  File "/usr/local/lib/python3.12/site-packages/django/template/base.py", line 1091, in render
    return SafeString("".join([node.render_annotated(context) for node in self]))
                               ^^^^^^^^^^^^^^^^^^^^^^^^^^^^^^
  File "/usr/local/lib/python3.12/site-packages/django/template/base.py", line 1052, in render_annotated
    return self.render(context)
           ^^^^^^^^^^^^^^^^^^^^
  File "/usr/local/lib/python3.12/site-packages/django/template/defaulttags.py", line 511, in render
    url = reverse(view_name, args=args, kwargs=kwargs, current_app=current_app)
          ^^^^^^^^^^^^^^^^^^^^^^^^^^^^^^^^^^^^^^^^^^^^^^^^^^^^^^^^^^^^^^^^^^^^^
  File "/usr/local/lib/python3.12/site-packages/django/urls/base.py", line 92, in reverse
    raise NoReverseMatch("%s is not a registered namespace" % key)
django.urls.exceptions.NoReverseMatch: 'djdt' is not a registered namespace
WARNING | 2026-08-10 17:18:02,389 | log | Not Found: /non-existetnt-url-12345/
ERROR | 2026-08-10 17:30:08,029 | log | Internal Server Error: /order/checkout/
Traceback (most recent call last):
  File "/usr/local/lib/python3.12/site-packages/django/core/handlers/exception.py", line 55, in inner
    response = get_response(request)
               ^^^^^^^^^^^^^^^^^^^^^
  File "/usr/local/lib/python3.12/site-packages/django/core/handlers/base.py", line 198, in _get_response
    response = wrapped_callback(request, *callback_args, **callback_kwargs)
               ^^^^^^^^^^^^^^^^^^^^^^^^^^^^^^^^^^^^^^^^^^^^^^^^^^^^^^^^^^^^
  File "/app/order/views.py", line 77, in create_checkout_session
    session = stripe.checkout.Session.create(
              ^^^^^^^^^^^^^^^^^^^^^^^^^^^^^^^
  File "/usr/local/lib/python3.12/site-packages/stripe/checkout/_session.py", line 2725, in create
    cls._static_request(
  File "/usr/local/lib/python3.12/site-packages/stripe/_api_resource.py", line 171, in _static_request
    return _APIRequestor._global_instance().request(
           ^^^^^^^^^^^^^^^^^^^^^^^^^^^^^^^^^^^^^^^^^
  File "/usr/local/lib/python3.12/site-packages/stripe/_api_requestor.py", line 225, in request
    resp = requestor._interpret_response(rbody, rcode, rheaders, api_mode)
           ^^^^^^^^^^^^^^^^^^^^^^^^^^^^^^^^^^^^^^^^^^^^^^^^^^^^^^^^^^^^^^^
  File "/usr/local/lib/python3.12/site-packages/stripe/_api_requestor.py", line 920, in _interpret_response
    self.handle_error_response(
  File "/usr/local/lib/python3.12/site-packages/stripe/_api_requestor.py", line 367, in handle_error_response
    raise err
stripe._error.InvalidRequestError: Request req_f7hiHH3ALBhdCO: The `line_items` parameter is required in payment mode.
WARNING | 2026-08-10 17:30:10,980 | log | Not Found: /books/999
WARNING | 2026-08-10 17:30:14,717 | log | Not Found: /non-existetnt-url-12345/
WARNING | 2026-08-10 17:51:43,651 | log | Not Found: /books/999
WARNING | 2026-08-10 17:51:47,115 | log | Not Found: /non-existetnt-url-12345/
WARNING | 2026-08-10 17:52:10,947 | log | Not Found: /books/999
WARNING | 2026-08-10 17:52:14,523 | log | Not Found: /non-existetnt-url-12345/
WARNING | 2026-08-10 18:06:19,185 | log | Not Found: /books/999
ERROR | 2026-08-10 18:06:22,750 | log | Internal Server Error: /books/19/delete/
Traceback (most recent call last):
  File "/usr/local/lib/python3.12/site-packages/django/core/handlers/exception.py", line 55, in inner
    response = get_response(request)
               ^^^^^^^^^^^^^^^^^^^^^
  File "/usr/local/lib/python3.12/site-packages/django/core/handlers/base.py", line 198, in _get_response
    response = wrapped_callback(request, *callback_args, **callback_kwargs)
               ^^^^^^^^^^^^^^^^^^^^^^^^^^^^^^^^^^^^^^^^^^^^^^^^^^^^^^^^^^^^
  File "/usr/local/lib/python3.12/site-packages/asgiref/sync.py", line 325, in __call__
    return call_result.result()
           ^^^^^^^^^^^^^^^^^^^^
  File "/usr/local/lib/python3.12/concurrent/futures/_base.py", line 449, in result
    return self.__get_result()
           ^^^^^^^^^^^^^^^^^^^
  File "/usr/local/lib/python3.12/concurrent/futures/_base.py", line 401, in __get_result
    raise self._exception
  File "/usr/local/lib/python3.12/site-packages/asgiref/sync.py", line 365, in main_wrap
    result = await awaitable
             ^^^^^^^^^^^^^^^
  File "/app/shop/views.py", line 88, in async_book_delete
    return render(request, 'shop/book_confirm_delete.html', {'book': book})
           ^^^^^^^^^^^^^^^^^^^^^^^^^^^^^^^^^^^^^^^^^^^^^^^^^^^^^^^^^^^^^^^^
  File "/usr/local/lib/python3.12/site-packages/django/shortcuts.py", line 25, in render
    content = loader.render_to_string(template_name, context, request, using=using)
              ^^^^^^^^^^^^^^^^^^^^^^^^^^^^^^^^^^^^^^^^^^^^^^^^^^^^^^^^^^^^^^^^^^^^^
  File "/usr/local/lib/python3.12/site-packages/django/template/loader.py", line 62, in render_to_string
    return template.render(context, request)
           ^^^^^^^^^^^^^^^^^^^^^^^^^^^^^^^^^
  File "/usr/local/lib/python3.12/site-packages/django/template/backends/django.py", line 107, in render
    return self.template.render(context)
           ^^^^^^^^^^^^^^^^^^^^^^^^^^^^^
  File "/usr/local/lib/python3.12/site-packages/django/template/base.py", line 174, in render
    return self._render(context)
           ^^^^^^^^^^^^^^^^^^^^^
  File "/usr/local/lib/python3.12/site-packages/django/test/utils.py", line 114, in instrumented_test_render
    return self.nodelist.render(context)
           ^^^^^^^^^^^^^^^^^^^^^^^^^^^^^
  File "/usr/local/lib/python3.12/site-packages/django/template/base.py", line 1091, in render
    return SafeString("".join([node.render_annotated(context) for node in self]))
                               ^^^^^^^^^^^^^^^^^^^^^^^^^^^^^^
  File "/usr/local/lib/python3.12/site-packages/django/template/base.py", line 1052, in render_annotated
    return self.render(context)
           ^^^^^^^^^^^^^^^^^^^^
  File "/usr/local/lib/python3.12/site-packages/django/template/loader_tags.py", line 160, in render
    return compiled_parent._render(context)
           ^^^^^^^^^^^^^^^^^^^^^^^^^^^^^^^^
  File "/usr/local/lib/python3.12/site-packages/django/test/utils.py", line 114, in instrumented_test_render
    return self.nodelist.render(context)
           ^^^^^^^^^^^^^^^^^^^^^^^^^^^^^
  File "/usr/local/lib/python3.12/site-packages/django/template/base.py", line 1091, in render
    return SafeString("".join([node.render_annotated(context) for node in self]))
                               ^^^^^^^^^^^^^^^^^^^^^^^^^^^^^^
  File "/usr/local/lib/python3.12/site-packages/django/template/base.py", line 1052, in render_annotated
    return self.render(context)
           ^^^^^^^^^^^^^^^^^^^^
  File "/usr/local/lib/python3.12/site-packages/django/template/loader_tags.py", line 66, in render
    result = block.nodelist.render(context)
             ^^^^^^^^^^^^^^^^^^^^^^^^^^^^^^
  File "/usr/local/lib/python3.12/site-packages/django/template/base.py", line 1091, in render
    return SafeString("".join([node.render_annotated(context) for node in self]))
                               ^^^^^^^^^^^^^^^^^^^^^^^^^^^^^^
  File "/usr/local/lib/python3.12/site-packages/django/template/base.py", line 1052, in render_annotated
    return self.render(context)
           ^^^^^^^^^^^^^^^^^^^^
  File "/usr/local/lib/python3.12/site-packages/django/template/defaulttags.py", line 511, in render
    url = reverse(view_name, args=args, kwargs=kwargs, current_app=current_app)
          ^^^^^^^^^^^^^^^^^^^^^^^^^^^^^^^^^^^^^^^^^^^^^^^^^^^^^^^^^^^^^^^^^^^^^
  File "/usr/local/lib/python3.12/site-packages/django/urls/base.py", line 98, in reverse
    resolved_url = resolver._reverse_with_prefix(view, prefix, *args, **kwargs)
                   ^^^^^^^^^^^^^^^^^^^^^^^^^^^^^^^^^^^^^^^^^^^^^^^^^^^^^^^^^^^^
  File "/usr/local/lib/python3.12/site-packages/django/urls/resolvers.py", line 842, in _reverse_with_prefix
    raise NoReverseMatch(msg)
django.urls.exceptions.NoReverseMatch: Reverse for 'book_detail' with arguments '('',)' not found. 1 pattern(s) tried: ['books/(?P<pk>[0-9]+)\\Z']
WARNING | 2026-08-10 18:06:23,049 | log | Not Found: /non-existetnt-url-12345/
ERROR | 2026-08-10 18:06:23,076 | log | Internal Server Error: /
Traceback (most recent call last):
  File "/usr/local/lib/python3.12/site-packages/django/core/handlers/exception.py", line 55, in inner
    response = get_response(request)
               ^^^^^^^^^^^^^^^^^^^^^
  File "/usr/local/lib/python3.12/site-packages/django/core/handlers/base.py", line 198, in _get_response
    response = wrapped_callback(request, *callback_args, **callback_kwargs)
               ^^^^^^^^^^^^^^^^^^^^^^^^^^^^^^^^^^^^^^^^^^^^^^^^^^^^^^^^^^^^
  File "/usr/local/lib/python3.12/site-packages/asgiref/sync.py", line 325, in __call__
    return call_result.result()
           ^^^^^^^^^^^^^^^^^^^^
  File "/usr/local/lib/python3.12/concurrent/futures/_base.py", line 449, in result
    return self.__get_result()
           ^^^^^^^^^^^^^^^^^^^
  File "/usr/local/lib/python3.12/concurrent/futures/_base.py", line 401, in __get_result
    raise self._exception
  File "/usr/local/lib/python3.12/site-packages/asgiref/sync.py", line 365, in main_wrap
    result = await awaitable
             ^^^^^^^^^^^^^^^
  File "/app/shop/views.py", line 41, in async_book_list
    return render(request, 'shop/book_list.html', context)
           ^^^^^^^^^^^^^^^^^^^^^^^^^^^^^^^^^^^^^^^^^^^^^^^
  File "/usr/local/lib/python3.12/site-packages/django/shortcuts.py", line 25, in render
    content = loader.render_to_string(template_name, context, request, using=using)
              ^^^^^^^^^^^^^^^^^^^^^^^^^^^^^^^^^^^^^^^^^^^^^^^^^^^^^^^^^^^^^^^^^^^^^
  File "/usr/local/lib/python3.12/site-packages/django/template/loader.py", line 62, in render_to_string
    return template.render(context, request)
           ^^^^^^^^^^^^^^^^^^^^^^^^^^^^^^^^^
  File "/usr/local/lib/python3.12/site-packages/django/template/backends/django.py", line 107, in render
    return self.template.render(context)
           ^^^^^^^^^^^^^^^^^^^^^^^^^^^^^
  File "/usr/local/lib/python3.12/site-packages/django/template/base.py", line 174, in render
    return self._render(context)
           ^^^^^^^^^^^^^^^^^^^^^
  File "/usr/local/lib/python3.12/site-packages/django/test/utils.py", line 114, in instrumented_test_render
    return self.nodelist.render(context)
           ^^^^^^^^^^^^^^^^^^^^^^^^^^^^^
  File "/usr/local/lib/python3.12/site-packages/django/template/base.py", line 1091, in render
    return SafeString("".join([node.render_annotated(context) for node in self]))
                               ^^^^^^^^^^^^^^^^^^^^^^^^^^^^^^
  File "/usr/local/lib/python3.12/site-packages/django/template/base.py", line 1052, in render_annotated
    return self.render(context)
           ^^^^^^^^^^^^^^^^^^^^
  File "/usr/local/lib/python3.12/site-packages/django/template/loader_tags.py", line 160, in render
    return compiled_parent._render(context)
           ^^^^^^^^^^^^^^^^^^^^^^^^^^^^^^^^
  File "/usr/local/lib/python3.12/site-packages/django/test/utils.py", line 114, in instrumented_test_render
    return self.nodelist.render(context)
           ^^^^^^^^^^^^^^^^^^^^^^^^^^^^^
  File "/usr/local/lib/python3.12/site-packages/django/template/base.py", line 1091, in render
    return SafeString("".join([node.render_annotated(context) for node in self]))
                               ^^^^^^^^^^^^^^^^^^^^^^^^^^^^^^
  File "/usr/local/lib/python3.12/site-packages/django/template/base.py", line 1052, in render_annotated
    return self.render(context)
           ^^^^^^^^^^^^^^^^^^^^
  File "/usr/local/lib/python3.12/site-packages/django/template/loader_tags.py", line 66, in render
    result = block.nodelist.render(context)
             ^^^^^^^^^^^^^^^^^^^^^^^^^^^^^^
  File "/usr/local/lib/python3.12/site-packages/django/template/base.py", line 1091, in render
    return SafeString("".join([node.render_annotated(context) for node in self]))
                               ^^^^^^^^^^^^^^^^^^^^^^^^^^^^^^
  File "/usr/local/lib/python3.12/site-packages/django/template/base.py", line 1052, in render_annotated
    return self.render(context)
           ^^^^^^^^^^^^^^^^^^^^
  File "/usr/local/lib/python3.12/site-packages/django/template/defaulttags.py", line 202, in render
    len_values = len(values)
                 ^^^^^^^^^^^
  File "/usr/local/lib/python3.12/site-packages/django/db/models/query.py", line 372, in __len__
    self._fetch_all()
  File "/usr/local/lib/python3.12/site-packages/django/db/models/query.py", line 2000, in _fetch_all
    self._result_cache = list(self._iterable_class(self))
                         ^^^^^^^^^^^^^^^^^^^^^^^^^^^^^^^^
  File "/usr/local/lib/python3.12/site-packages/django/db/models/query.py", line 95, in __iter__
    results = compiler.execute_sql(
              ^^^^^^^^^^^^^^^^^^^^^
  File "/usr/local/lib/python3.12/site-packages/django/db/models/sql/compiler.py", line 1622, in execute_sql
    cursor = self.connection.cursor()
             ^^^^^^^^^^^^^^^^^^^^^^^^
  File "/usr/local/lib/python3.12/site-packages/django/utils/asyncio.py", line 24, in inner
    raise SynchronousOnlyOperation(message)
django.core.exceptions.SynchronousOnlyOperation: You cannot call this from an async context - use a thread or sync_to_async.
ERROR | 2026-08-10 18:54:15,824 | log | Internal Server Error: /
Traceback (most recent call last):
  File "/usr/local/lib/python3.12/site-packages/django/core/handlers/exception.py", line 55, in inner
    response = get_response(request)
               ^^^^^^^^^^^^^^^^^^^^^
  File "/usr/local/lib/python3.12/site-packages/django/core/handlers/base.py", line 198, in _get_response
    response = wrapped_callback(request, *callback_args, **callback_kwargs)
               ^^^^^^^^^^^^^^^^^^^^^^^^^^^^^^^^^^^^^^^^^^^^^^^^^^^^^^^^^^^^
  File "/usr/local/lib/python3.12/site-packages/asgiref/sync.py", line 325, in __call__
    return call_result.result()
           ^^^^^^^^^^^^^^^^^^^^
  File "/usr/local/lib/python3.12/concurrent/futures/_base.py", line 449, in result
    return self.__get_result()
           ^^^^^^^^^^^^^^^^^^^
  File "/usr/local/lib/python3.12/concurrent/futures/_base.py", line 401, in __get_result
    raise self._exception
  File "/usr/local/lib/python3.12/site-packages/asgiref/sync.py", line 365, in main_wrap
    result = await awaitable
             ^^^^^^^^^^^^^^^
  File "/app/shop/views.py", line 41, in async_book_list
    return render(request, 'shop/book_list.html', context)
           ^^^^^^^^^^^^^^^^^^^^^^^^^^^^^^^^^^^^^^^^^^^^^^^
  File "/usr/local/lib/python3.12/site-packages/django/shortcuts.py", line 25, in render
    content = loader.render_to_string(template_name, context, request, using=using)
              ^^^^^^^^^^^^^^^^^^^^^^^^^^^^^^^^^^^^^^^^^^^^^^^^^^^^^^^^^^^^^^^^^^^^^
  File "/usr/local/lib/python3.12/site-packages/django/template/loader.py", line 62, in render_to_string
    return template.render(context, request)
           ^^^^^^^^^^^^^^^^^^^^^^^^^^^^^^^^^
  File "/usr/local/lib/python3.12/site-packages/django/template/backends/django.py", line 107, in render
    return self.template.render(context)
           ^^^^^^^^^^^^^^^^^^^^^^^^^^^^^
  File "/usr/local/lib/python3.12/site-packages/django/template/base.py", line 174, in render
    return self._render(context)
           ^^^^^^^^^^^^^^^^^^^^^
  File "/usr/local/lib/python3.12/site-packages/django/test/utils.py", line 114, in instrumented_test_render
    return self.nodelist.render(context)
           ^^^^^^^^^^^^^^^^^^^^^^^^^^^^^
  File "/usr/local/lib/python3.12/site-packages/django/template/base.py", line 1091, in render
    return SafeString("".join([node.render_annotated(context) for node in self]))
                               ^^^^^^^^^^^^^^^^^^^^^^^^^^^^^^
  File "/usr/local/lib/python3.12/site-packages/django/template/base.py", line 1052, in render_annotated
    return self.render(context)
           ^^^^^^^^^^^^^^^^^^^^
  File "/usr/local/lib/python3.12/site-packages/django/template/loader_tags.py", line 160, in render
    return compiled_parent._render(context)
           ^^^^^^^^^^^^^^^^^^^^^^^^^^^^^^^^
  File "/usr/local/lib/python3.12/site-packages/django/test/utils.py", line 114, in instrumented_test_render
    return self.nodelist.render(context)
           ^^^^^^^^^^^^^^^^^^^^^^^^^^^^^
  File "/usr/local/lib/python3.12/site-packages/django/template/base.py", line 1091, in render
    return SafeString("".join([node.render_annotated(context) for node in self]))
                               ^^^^^^^^^^^^^^^^^^^^^^^^^^^^^^
  File "/usr/local/lib/python3.12/site-packages/django/template/base.py", line 1052, in render_annotated
    return self.render(context)
           ^^^^^^^^^^^^^^^^^^^^
  File "/usr/local/lib/python3.12/site-packages/django/template/loader_tags.py", line 66, in render
    result = block.nodelist.render(context)
             ^^^^^^^^^^^^^^^^^^^^^^^^^^^^^^
  File "/usr/local/lib/python3.12/site-packages/django/template/base.py", line 1091, in render
    return SafeString("".join([node.render_annotated(context) for node in self]))
                               ^^^^^^^^^^^^^^^^^^^^^^^^^^^^^^
  File "/usr/local/lib/python3.12/site-packages/django/template/base.py", line 1052, in render_annotated
    return self.render(context)
           ^^^^^^^^^^^^^^^^^^^^
  File "/usr/local/lib/python3.12/site-packages/django/template/defaulttags.py", line 202, in render
    len_values = len(values)
                 ^^^^^^^^^^^
  File "/usr/local/lib/python3.12/site-packages/django/db/models/query.py", line 372, in __len__
    self._fetch_all()
  File "/usr/local/lib/python3.12/site-packages/django/db/models/query.py", line 2000, in _fetch_all
    self._result_cache = list(self._iterable_class(self))
                         ^^^^^^^^^^^^^^^^^^^^^^^^^^^^^^^^
  File "/usr/local/lib/python3.12/site-packages/django/db/models/query.py", line 95, in __iter__
    results = compiler.execute_sql(
              ^^^^^^^^^^^^^^^^^^^^^
  File "/usr/local/lib/python3.12/site-packages/django/db/models/sql/compiler.py", line 1622, in execute_sql
    cursor = self.connection.cursor()
             ^^^^^^^^^^^^^^^^^^^^^^^^
  File "/usr/local/lib/python3.12/site-packages/django/utils/asyncio.py", line 24, in inner
    raise SynchronousOnlyOperation(message)
django.core.exceptions.SynchronousOnlyOperation: You cannot call this from an async context - use a thread or sync_to_async.
ERROR | 2026-08-10 18:54:16,485 | log | Internal Server Error: /
Traceback (most recent call last):
  File "/usr/local/lib/python3.12/site-packages/django/core/handlers/exception.py", line 55, in inner
    response = get_response(request)
               ^^^^^^^^^^^^^^^^^^^^^
  File "/usr/local/lib/python3.12/site-packages/django/core/handlers/base.py", line 198, in _get_response
    response = wrapped_callback(request, *callback_args, **callback_kwargs)
               ^^^^^^^^^^^^^^^^^^^^^^^^^^^^^^^^^^^^^^^^^^^^^^^^^^^^^^^^^^^^
  File "/usr/local/lib/python3.12/site-packages/asgiref/sync.py", line 325, in __call__
    return call_result.result()
           ^^^^^^^^^^^^^^^^^^^^
  File "/usr/local/lib/python3.12/concurrent/futures/_base.py", line 449, in result
    return self.__get_result()
           ^^^^^^^^^^^^^^^^^^^
  File "/usr/local/lib/python3.12/concurrent/futures/_base.py", line 401, in __get_result
    raise self._exception
  File "/usr/local/lib/python3.12/site-packages/asgiref/sync.py", line 365, in main_wrap
    result = await awaitable
             ^^^^^^^^^^^^^^^
  File "/app/shop/views.py", line 41, in async_book_list
    return render(request, 'shop/book_list.html', context)
           ^^^^^^^^^^^^^^^^^^^^^^^^^^^^^^^^^^^^^^^^^^^^^^^
  File "/usr/local/lib/python3.12/site-packages/django/shortcuts.py", line 25, in render
    content = loader.render_to_string(template_name, context, request, using=using)
              ^^^^^^^^^^^^^^^^^^^^^^^^^^^^^^^^^^^^^^^^^^^^^^^^^^^^^^^^^^^^^^^^^^^^^
  File "/usr/local/lib/python3.12/site-packages/django/template/loader.py", line 62, in render_to_string
    return template.render(context, request)
           ^^^^^^^^^^^^^^^^^^^^^^^^^^^^^^^^^
  File "/usr/local/lib/python3.12/site-packages/django/template/backends/django.py", line 107, in render
    return self.template.render(context)
           ^^^^^^^^^^^^^^^^^^^^^^^^^^^^^
  File "/usr/local/lib/python3.12/site-packages/django/template/base.py", line 174, in render
    return self._render(context)
           ^^^^^^^^^^^^^^^^^^^^^
  File "/usr/local/lib/python3.12/site-packages/django/test/utils.py", line 114, in instrumented_test_render
    return self.nodelist.render(context)
           ^^^^^^^^^^^^^^^^^^^^^^^^^^^^^
  File "/usr/local/lib/python3.12/site-packages/django/template/base.py", line 1091, in render
    return SafeString("".join([node.render_annotated(context) for node in self]))
                               ^^^^^^^^^^^^^^^^^^^^^^^^^^^^^^
  File "/usr/local/lib/python3.12/site-packages/django/template/base.py", line 1052, in render_annotated
    return self.render(context)
           ^^^^^^^^^^^^^^^^^^^^
  File "/usr/local/lib/python3.12/site-packages/django/template/loader_tags.py", line 160, in render
    return compiled_parent._render(context)
           ^^^^^^^^^^^^^^^^^^^^^^^^^^^^^^^^
  File "/usr/local/lib/python3.12/site-packages/django/test/utils.py", line 114, in instrumented_test_render
    return self.nodelist.render(context)
           ^^^^^^^^^^^^^^^^^^^^^^^^^^^^^
  File "/usr/local/lib/python3.12/site-packages/django/template/base.py", line 1091, in render
    return SafeString("".join([node.render_annotated(context) for node in self]))
                               ^^^^^^^^^^^^^^^^^^^^^^^^^^^^^^
  File "/usr/local/lib/python3.12/site-packages/django/template/base.py", line 1052, in render_annotated
    return self.render(context)
           ^^^^^^^^^^^^^^^^^^^^
  File "/usr/local/lib/python3.12/site-packages/django/template/loader_tags.py", line 66, in render
    result = block.nodelist.render(context)
             ^^^^^^^^^^^^^^^^^^^^^^^^^^^^^^
  File "/usr/local/lib/python3.12/site-packages/django/template/base.py", line 1091, in render
    return SafeString("".join([node.render_annotated(context) for node in self]))
                               ^^^^^^^^^^^^^^^^^^^^^^^^^^^^^^
  File "/usr/local/lib/python3.12/site-packages/django/template/base.py", line 1052, in render_annotated
    return self.render(context)
           ^^^^^^^^^^^^^^^^^^^^
  File "/usr/local/lib/python3.12/site-packages/django/template/defaulttags.py", line 202, in render
    len_values = len(values)
                 ^^^^^^^^^^^
  File "/usr/local/lib/python3.12/site-packages/django/db/models/query.py", line 372, in __len__
    self._fetch_all()
  File "/usr/local/lib/python3.12/site-packages/django/db/models/query.py", line 2000, in _fetch_all
    self._result_cache = list(self._iterable_class(self))
                         ^^^^^^^^^^^^^^^^^^^^^^^^^^^^^^^^
  File "/usr/local/lib/python3.12/site-packages/django/db/models/query.py", line 95, in __iter__
    results = compiler.execute_sql(
              ^^^^^^^^^^^^^^^^^^^^^
  File "/usr/local/lib/python3.12/site-packages/django/db/models/sql/compiler.py", line 1622, in execute_sql
    cursor = self.connection.cursor()
             ^^^^^^^^^^^^^^^^^^^^^^^^
  File "/usr/local/lib/python3.12/site-packages/django/utils/asyncio.py", line 24, in inner
    raise SynchronousOnlyOperation(message)
django.core.exceptions.SynchronousOnlyOperation: You cannot call this from an async context - use a thread or sync_to_async.
ERROR | 2026-08-10 18:54:17,006 | log | Internal Server Error: /
Traceback (most recent call last):
  File "/usr/local/lib/python3.12/site-packages/django/core/handlers/exception.py", line 55, in inner
    response = get_response(request)
               ^^^^^^^^^^^^^^^^^^^^^
  File "/usr/local/lib/python3.12/site-packages/django/core/handlers/base.py", line 198, in _get_response
    response = wrapped_callback(request, *callback_args, **callback_kwargs)
               ^^^^^^^^^^^^^^^^^^^^^^^^^^^^^^^^^^^^^^^^^^^^^^^^^^^^^^^^^^^^
  File "/usr/local/lib/python3.12/site-packages/asgiref/sync.py", line 325, in __call__
    return call_result.result()
           ^^^^^^^^^^^^^^^^^^^^
  File "/usr/local/lib/python3.12/concurrent/futures/_base.py", line 449, in result
    return self.__get_result()
           ^^^^^^^^^^^^^^^^^^^
  File "/usr/local/lib/python3.12/concurrent/futures/_base.py", line 401, in __get_result
    raise self._exception
  File "/usr/local/lib/python3.12/site-packages/asgiref/sync.py", line 365, in main_wrap
    result = await awaitable
             ^^^^^^^^^^^^^^^
  File "/app/shop/views.py", line 41, in async_book_list
    return render(request, 'shop/book_list.html', context)
           ^^^^^^^^^^^^^^^^^^^^^^^^^^^^^^^^^^^^^^^^^^^^^^^
  File "/usr/local/lib/python3.12/site-packages/django/shortcuts.py", line 25, in render
    content = loader.render_to_string(template_name, context, request, using=using)
              ^^^^^^^^^^^^^^^^^^^^^^^^^^^^^^^^^^^^^^^^^^^^^^^^^^^^^^^^^^^^^^^^^^^^^
  File "/usr/local/lib/python3.12/site-packages/django/template/loader.py", line 62, in render_to_string
    return template.render(context, request)
           ^^^^^^^^^^^^^^^^^^^^^^^^^^^^^^^^^
  File "/usr/local/lib/python3.12/site-packages/django/template/backends/django.py", line 107, in render
    return self.template.render(context)
           ^^^^^^^^^^^^^^^^^^^^^^^^^^^^^
  File "/usr/local/lib/python3.12/site-packages/django/template/base.py", line 174, in render
    return self._render(context)
           ^^^^^^^^^^^^^^^^^^^^^
  File "/usr/local/lib/python3.12/site-packages/django/test/utils.py", line 114, in instrumented_test_render
    return self.nodelist.render(context)
           ^^^^^^^^^^^^^^^^^^^^^^^^^^^^^
  File "/usr/local/lib/python3.12/site-packages/django/template/base.py", line 1091, in render
    return SafeString("".join([node.render_annotated(context) for node in self]))
                               ^^^^^^^^^^^^^^^^^^^^^^^^^^^^^^
  File "/usr/local/lib/python3.12/site-packages/django/template/base.py", line 1052, in render_annotated
    return self.render(context)
           ^^^^^^^^^^^^^^^^^^^^
  File "/usr/local/lib/python3.12/site-packages/django/template/loader_tags.py", line 160, in render
    return compiled_parent._render(context)
           ^^^^^^^^^^^^^^^^^^^^^^^^^^^^^^^^
  File "/usr/local/lib/python3.12/site-packages/django/test/utils.py", line 114, in instrumented_test_render
    return self.nodelist.render(context)
           ^^^^^^^^^^^^^^^^^^^^^^^^^^^^^
  File "/usr/local/lib/python3.12/site-packages/django/template/base.py", line 1091, in render
    return SafeString("".join([node.render_annotated(context) for node in self]))
                               ^^^^^^^^^^^^^^^^^^^^^^^^^^^^^^
  File "/usr/local/lib/python3.12/site-packages/django/template/base.py", line 1052, in render_annotated
    return self.render(context)
           ^^^^^^^^^^^^^^^^^^^^
  File "/usr/local/lib/python3.12/site-packages/django/template/loader_tags.py", line 66, in render
    result = block.nodelist.render(context)
             ^^^^^^^^^^^^^^^^^^^^^^^^^^^^^^
  File "/usr/local/lib/python3.12/site-packages/django/template/base.py", line 1091, in render
    return SafeString("".join([node.render_annotated(context) for node in self]))
                               ^^^^^^^^^^^^^^^^^^^^^^^^^^^^^^
  File "/usr/local/lib/python3.12/site-packages/django/template/base.py", line 1052, in render_annotated
    return self.render(context)
           ^^^^^^^^^^^^^^^^^^^^
  File "/usr/local/lib/python3.12/site-packages/django/template/defaulttags.py", line 202, in render
    len_values = len(values)
                 ^^^^^^^^^^^
  File "/usr/local/lib/python3.12/site-packages/django/db/models/query.py", line 372, in __len__
    self._fetch_all()
  File "/usr/local/lib/python3.12/site-packages/django/db/models/query.py", line 2000, in _fetch_all
    self._result_cache = list(self._iterable_class(self))
                         ^^^^^^^^^^^^^^^^^^^^^^^^^^^^^^^^
  File "/usr/local/lib/python3.12/site-packages/django/db/models/query.py", line 95, in __iter__
    results = compiler.execute_sql(
              ^^^^^^^^^^^^^^^^^^^^^
  File "/usr/local/lib/python3.12/site-packages/django/db/models/sql/compiler.py", line 1622, in execute_sql
    cursor = self.connection.cursor()
             ^^^^^^^^^^^^^^^^^^^^^^^^
  File "/usr/local/lib/python3.12/site-packages/django/utils/asyncio.py", line 24, in inner
    raise SynchronousOnlyOperation(message)
django.core.exceptions.SynchronousOnlyOperation: You cannot call this from an async context - use a thread or sync_to_async.
ERROR | 2026-08-10 18:54:20,278 | log | Internal Server Error: /order/checkout/
Traceback (most recent call last):
  File "/usr/local/lib/python3.12/site-packages/django/core/handlers/exception.py", line 55, in inner
    response = get_response(request)
               ^^^^^^^^^^^^^^^^^^^^^
  File "/usr/local/lib/python3.12/site-packages/django/core/handlers/base.py", line 198, in _get_response
    response = wrapped_callback(request, *callback_args, **callback_kwargs)
               ^^^^^^^^^^^^^^^^^^^^^^^^^^^^^^^^^^^^^^^^^^^^^^^^^^^^^^^^^^^^
  File "/app/order/views.py", line 85, in create_checkout_session
    return redirect(session.url, code=303)
           ^^^^^^^^^^^^^^^^^^^^^^^^^^^^^^^
  File "/usr/local/lib/python3.12/site-packages/django/shortcuts.py", line 50, in redirect
    return redirect_class(
           ^^^^^^^^^^^^^^^
  File "/usr/local/lib/python3.12/site-packages/django/http/response.py", line 639, in __init__
    self["Location"] = iri_to_uri(redirect_to)
                       ^^^^^^^^^^^^^^^^^^^^^^^
  File "/usr/local/lib/python3.12/site-packages/django/utils/encoding.py", line 135, in iri_to_uri
    return quote(iri, safe="/#%[]=:;$&()+,!?*@'~")
           ^^^^^^^^^^^^^^^^^^^^^^^^^^^^^^^^^^^^^^^
  File "/usr/local/lib/python3.12/urllib/parse.py", line 927, in quote
    return quote_from_bytes(string, safe)
           ^^^^^^^^^^^^^^^^^^^^^^^^^^^^^^
  File "/usr/local/lib/python3.12/urllib/parse.py", line 957, in quote_from_bytes
    raise TypeError("quote_from_bytes() expected bytes")
TypeError: quote_from_bytes() expected bytes
WARNING | 2026-08-10 18:54:26,720 | log | Not Found: /non-existent-url-12345/
ERROR | 2026-08-10 19:04:29,437 | log | Internal Server Error: /
Traceback (most recent call last):
  File "/usr/local/lib/python3.12/site-packages/django/core/handlers/exception.py", line 55, in inner
    response = get_response(request)
               ^^^^^^^^^^^^^^^^^^^^^
  File "/usr/local/lib/python3.12/site-packages/django/core/handlers/base.py", line 198, in _get_response
    response = wrapped_callback(request, *callback_args, **callback_kwargs)
               ^^^^^^^^^^^^^^^^^^^^^^^^^^^^^^^^^^^^^^^^^^^^^^^^^^^^^^^^^^^^
  File "/usr/local/lib/python3.12/site-packages/asgiref/sync.py", line 325, in __call__
    return call_result.result()
           ^^^^^^^^^^^^^^^^^^^^
  File "/usr/local/lib/python3.12/concurrent/futures/_base.py", line 449, in result
    return self.__get_result()
           ^^^^^^^^^^^^^^^^^^^
  File "/usr/local/lib/python3.12/concurrent/futures/_base.py", line 401, in __get_result
    raise self._exception
  File "/usr/local/lib/python3.12/site-packages/asgiref/sync.py", line 365, in main_wrap
    result = await awaitable
             ^^^^^^^^^^^^^^^
  File "/app/shop/views.py", line 41, in async_book_list
    return render(request, 'shop/book_list.html', context)
           ^^^^^^^^^^^^^^^^^^^^^^^^^^^^^^^^^^^^^^^^^^^^^^^
  File "/usr/local/lib/python3.12/site-packages/django/shortcuts.py", line 25, in render
    content = loader.render_to_string(template_name, context, request, using=using)
              ^^^^^^^^^^^^^^^^^^^^^^^^^^^^^^^^^^^^^^^^^^^^^^^^^^^^^^^^^^^^^^^^^^^^^
  File "/usr/local/lib/python3.12/site-packages/django/template/loader.py", line 62, in render_to_string
    return template.render(context, request)
           ^^^^^^^^^^^^^^^^^^^^^^^^^^^^^^^^^
  File "/usr/local/lib/python3.12/site-packages/django/template/backends/django.py", line 107, in render
    return self.template.render(context)
           ^^^^^^^^^^^^^^^^^^^^^^^^^^^^^
  File "/usr/local/lib/python3.12/site-packages/django/template/base.py", line 174, in render
    return self._render(context)
           ^^^^^^^^^^^^^^^^^^^^^
  File "/usr/local/lib/python3.12/site-packages/django/test/utils.py", line 114, in instrumented_test_render
    return self.nodelist.render(context)
           ^^^^^^^^^^^^^^^^^^^^^^^^^^^^^
  File "/usr/local/lib/python3.12/site-packages/django/template/base.py", line 1091, in render
    return SafeString("".join([node.render_annotated(context) for node in self]))
                               ^^^^^^^^^^^^^^^^^^^^^^^^^^^^^^
  File "/usr/local/lib/python3.12/site-packages/django/template/base.py", line 1052, in render_annotated
    return self.render(context)
           ^^^^^^^^^^^^^^^^^^^^
  File "/usr/local/lib/python3.12/site-packages/django/template/loader_tags.py", line 160, in render
    return compiled_parent._render(context)
           ^^^^^^^^^^^^^^^^^^^^^^^^^^^^^^^^
  File "/usr/local/lib/python3.12/site-packages/django/test/utils.py", line 114, in instrumented_test_render
    return self.nodelist.render(context)
           ^^^^^^^^^^^^^^^^^^^^^^^^^^^^^
  File "/usr/local/lib/python3.12/site-packages/django/template/base.py", line 1091, in render
    return SafeString("".join([node.render_annotated(context) for node in self]))
                               ^^^^^^^^^^^^^^^^^^^^^^^^^^^^^^
  File "/usr/local/lib/python3.12/site-packages/django/template/base.py", line 1052, in render_annotated
    return self.render(context)
           ^^^^^^^^^^^^^^^^^^^^
  File "/usr/local/lib/python3.12/site-packages/django/template/loader_tags.py", line 66, in render
    result = block.nodelist.render(context)
             ^^^^^^^^^^^^^^^^^^^^^^^^^^^^^^
  File "/usr/local/lib/python3.12/site-packages/django/template/base.py", line 1091, in render
    return SafeString("".join([node.render_annotated(context) for node in self]))
                               ^^^^^^^^^^^^^^^^^^^^^^^^^^^^^^
  File "/usr/local/lib/python3.12/site-packages/django/template/base.py", line 1052, in render_annotated
    return self.render(context)
           ^^^^^^^^^^^^^^^^^^^^
  File "/usr/local/lib/python3.12/site-packages/django/template/defaulttags.py", line 202, in render
    len_values = len(values)
                 ^^^^^^^^^^^
  File "/usr/local/lib/python3.12/site-packages/django/db/models/query.py", line 372, in __len__
    self._fetch_all()
  File "/usr/local/lib/python3.12/site-packages/django/db/models/query.py", line 2000, in _fetch_all
    self._result_cache = list(self._iterable_class(self))
                         ^^^^^^^^^^^^^^^^^^^^^^^^^^^^^^^^
  File "/usr/local/lib/python3.12/site-packages/django/db/models/query.py", line 95, in __iter__
    results = compiler.execute_sql(
              ^^^^^^^^^^^^^^^^^^^^^
  File "/usr/local/lib/python3.12/site-packages/django/db/models/sql/compiler.py", line 1622, in execute_sql
    cursor = self.connection.cursor()
             ^^^^^^^^^^^^^^^^^^^^^^^^
  File "/usr/local/lib/python3.12/site-packages/django/utils/asyncio.py", line 24, in inner
    raise SynchronousOnlyOperation(message)
django.core.exceptions.SynchronousOnlyOperation: You cannot call this from an async context - use a thread or sync_to_async.
ERROR | 2026-08-10 19:04:30,073 | log | Internal Server Error: /
Traceback (most recent call last):
  File "/usr/local/lib/python3.12/site-packages/django/core/handlers/exception.py", line 55, in inner
    response = get_response(request)
               ^^^^^^^^^^^^^^^^^^^^^
  File "/usr/local/lib/python3.12/site-packages/django/core/handlers/base.py", line 198, in _get_response
    response = wrapped_callback(request, *callback_args, **callback_kwargs)
               ^^^^^^^^^^^^^^^^^^^^^^^^^^^^^^^^^^^^^^^^^^^^^^^^^^^^^^^^^^^^
  File "/usr/local/lib/python3.12/site-packages/asgiref/sync.py", line 325, in __call__
    return call_result.result()
           ^^^^^^^^^^^^^^^^^^^^
  File "/usr/local/lib/python3.12/concurrent/futures/_base.py", line 449, in result
    return self.__get_result()
           ^^^^^^^^^^^^^^^^^^^
  File "/usr/local/lib/python3.12/concurrent/futures/_base.py", line 401, in __get_result
    raise self._exception
  File "/usr/local/lib/python3.12/site-packages/asgiref/sync.py", line 365, in main_wrap
    result = await awaitable
             ^^^^^^^^^^^^^^^
  File "/app/shop/views.py", line 41, in async_book_list
    return render(request, 'shop/book_list.html', context)
           ^^^^^^^^^^^^^^^^^^^^^^^^^^^^^^^^^^^^^^^^^^^^^^^
  File "/usr/local/lib/python3.12/site-packages/django/shortcuts.py", line 25, in render
    content = loader.render_to_string(template_name, context, request, using=using)
              ^^^^^^^^^^^^^^^^^^^^^^^^^^^^^^^^^^^^^^^^^^^^^^^^^^^^^^^^^^^^^^^^^^^^^
  File "/usr/local/lib/python3.12/site-packages/django/template/loader.py", line 62, in render_to_string
    return template.render(context, request)
           ^^^^^^^^^^^^^^^^^^^^^^^^^^^^^^^^^
  File "/usr/local/lib/python3.12/site-packages/django/template/backends/django.py", line 107, in render
    return self.template.render(context)
           ^^^^^^^^^^^^^^^^^^^^^^^^^^^^^
  File "/usr/local/lib/python3.12/site-packages/django/template/base.py", line 174, in render
    return self._render(context)
           ^^^^^^^^^^^^^^^^^^^^^
  File "/usr/local/lib/python3.12/site-packages/django/test/utils.py", line 114, in instrumented_test_render
    return self.nodelist.render(context)
           ^^^^^^^^^^^^^^^^^^^^^^^^^^^^^
  File "/usr/local/lib/python3.12/site-packages/django/template/base.py", line 1091, in render
    return SafeString("".join([node.render_annotated(context) for node in self]))
                               ^^^^^^^^^^^^^^^^^^^^^^^^^^^^^^
  File "/usr/local/lib/python3.12/site-packages/django/template/base.py", line 1052, in render_annotated
    return self.render(context)
           ^^^^^^^^^^^^^^^^^^^^
  File "/usr/local/lib/python3.12/site-packages/django/template/loader_tags.py", line 160, in render
    return compiled_parent._render(context)
           ^^^^^^^^^^^^^^^^^^^^^^^^^^^^^^^^
  File "/usr/local/lib/python3.12/site-packages/django/test/utils.py", line 114, in instrumented_test_render
    return self.nodelist.render(context)
           ^^^^^^^^^^^^^^^^^^^^^^^^^^^^^
  File "/usr/local/lib/python3.12/site-packages/django/template/base.py", line 1091, in render
    return SafeString("".join([node.render_annotated(context) for node in self]))
                               ^^^^^^^^^^^^^^^^^^^^^^^^^^^^^^
  File "/usr/local/lib/python3.12/site-packages/django/template/base.py", line 1052, in render_annotated
    return self.render(context)
           ^^^^^^^^^^^^^^^^^^^^
  File "/usr/local/lib/python3.12/site-packages/django/template/loader_tags.py", line 66, in render
    result = block.nodelist.render(context)
             ^^^^^^^^^^^^^^^^^^^^^^^^^^^^^^
  File "/usr/local/lib/python3.12/site-packages/django/template/base.py", line 1091, in render
    return SafeString("".join([node.render_annotated(context) for node in self]))
                               ^^^^^^^^^^^^^^^^^^^^^^^^^^^^^^
  File "/usr/local/lib/python3.12/site-packages/django/template/base.py", line 1052, in render_annotated
    return self.render(context)
           ^^^^^^^^^^^^^^^^^^^^
  File "/usr/local/lib/python3.12/site-packages/django/template/defaulttags.py", line 202, in render
    len_values = len(values)
                 ^^^^^^^^^^^
  File "/usr/local/lib/python3.12/site-packages/django/db/models/query.py", line 372, in __len__
    self._fetch_all()
  File "/usr/local/lib/python3.12/site-packages/django/db/models/query.py", line 2000, in _fetch_all
    self._result_cache = list(self._iterable_class(self))
                         ^^^^^^^^^^^^^^^^^^^^^^^^^^^^^^^^
  File "/usr/local/lib/python3.12/site-packages/django/db/models/query.py", line 95, in __iter__
    results = compiler.execute_sql(
              ^^^^^^^^^^^^^^^^^^^^^
  File "/usr/local/lib/python3.12/site-packages/django/db/models/sql/compiler.py", line 1622, in execute_sql
    cursor = self.connection.cursor()
             ^^^^^^^^^^^^^^^^^^^^^^^^
  File "/usr/local/lib/python3.12/site-packages/django/utils/asyncio.py", line 24, in inner
    raise SynchronousOnlyOperation(message)
django.core.exceptions.SynchronousOnlyOperation: You cannot call this from an async context - use a thread or sync_to_async.
ERROR | 2026-08-10 19:04:30,619 | log | Internal Server Error: /
Traceback (most recent call last):
  File "/usr/local/lib/python3.12/site-packages/django/core/handlers/exception.py", line 55, in inner
    response = get_response(request)
               ^^^^^^^^^^^^^^^^^^^^^
  File "/usr/local/lib/python3.12/site-packages/django/core/handlers/base.py", line 198, in _get_response
    response = wrapped_callback(request, *callback_args, **callback_kwargs)
               ^^^^^^^^^^^^^^^^^^^^^^^^^^^^^^^^^^^^^^^^^^^^^^^^^^^^^^^^^^^^
  File "/usr/local/lib/python3.12/site-packages/asgiref/sync.py", line 325, in __call__
    return call_result.result()
           ^^^^^^^^^^^^^^^^^^^^
  File "/usr/local/lib/python3.12/concurrent/futures/_base.py", line 449, in result
    return self.__get_result()
           ^^^^^^^^^^^^^^^^^^^
  File "/usr/local/lib/python3.12/concurrent/futures/_base.py", line 401, in __get_result
    raise self._exception
  File "/usr/local/lib/python3.12/site-packages/asgiref/sync.py", line 365, in main_wrap
    result = await awaitable
             ^^^^^^^^^^^^^^^
  File "/app/shop/views.py", line 41, in async_book_list
    return render(request, 'shop/book_list.html', context)
           ^^^^^^^^^^^^^^^^^^^^^^^^^^^^^^^^^^^^^^^^^^^^^^^
  File "/usr/local/lib/python3.12/site-packages/django/shortcuts.py", line 25, in render
    content = loader.render_to_string(template_name, context, request, using=using)
              ^^^^^^^^^^^^^^^^^^^^^^^^^^^^^^^^^^^^^^^^^^^^^^^^^^^^^^^^^^^^^^^^^^^^^
  File "/usr/local/lib/python3.12/site-packages/django/template/loader.py", line 62, in render_to_string
    return template.render(context, request)
           ^^^^^^^^^^^^^^^^^^^^^^^^^^^^^^^^^
  File "/usr/local/lib/python3.12/site-packages/django/template/backends/django.py", line 107, in render
    return self.template.render(context)
           ^^^^^^^^^^^^^^^^^^^^^^^^^^^^^
  File "/usr/local/lib/python3.12/site-packages/django/template/base.py", line 174, in render
    return self._render(context)
           ^^^^^^^^^^^^^^^^^^^^^
  File "/usr/local/lib/python3.12/site-packages/django/test/utils.py", line 114, in instrumented_test_render
    return self.nodelist.render(context)
           ^^^^^^^^^^^^^^^^^^^^^^^^^^^^^
  File "/usr/local/lib/python3.12/site-packages/django/template/base.py", line 1091, in render
    return SafeString("".join([node.render_annotated(context) for node in self]))
                               ^^^^^^^^^^^^^^^^^^^^^^^^^^^^^^
  File "/usr/local/lib/python3.12/site-packages/django/template/base.py", line 1052, in render_annotated
    return self.render(context)
           ^^^^^^^^^^^^^^^^^^^^
  File "/usr/local/lib/python3.12/site-packages/django/template/loader_tags.py", line 160, in render
    return compiled_parent._render(context)
           ^^^^^^^^^^^^^^^^^^^^^^^^^^^^^^^^
  File "/usr/local/lib/python3.12/site-packages/django/test/utils.py", line 114, in instrumented_test_render
    return self.nodelist.render(context)
           ^^^^^^^^^^^^^^^^^^^^^^^^^^^^^
  File "/usr/local/lib/python3.12/site-packages/django/template/base.py", line 1091, in render
    return SafeString("".join([node.render_annotated(context) for node in self]))
                               ^^^^^^^^^^^^^^^^^^^^^^^^^^^^^^
  File "/usr/local/lib/python3.12/site-packages/django/template/base.py", line 1052, in render_annotated
    return self.render(context)
           ^^^^^^^^^^^^^^^^^^^^
  File "/usr/local/lib/python3.12/site-packages/django/template/loader_tags.py", line 66, in render
    result = block.nodelist.render(context)
             ^^^^^^^^^^^^^^^^^^^^^^^^^^^^^^
  File "/usr/local/lib/python3.12/site-packages/django/template/base.py", line 1091, in render
    return SafeString("".join([node.render_annotated(context) for node in self]))
                               ^^^^^^^^^^^^^^^^^^^^^^^^^^^^^^
  File "/usr/local/lib/python3.12/site-packages/django/template/base.py", line 1052, in render_annotated
    return self.render(context)
           ^^^^^^^^^^^^^^^^^^^^
  File "/usr/local/lib/python3.12/site-packages/django/template/defaulttags.py", line 202, in render
    len_values = len(values)
                 ^^^^^^^^^^^
  File "/usr/local/lib/python3.12/site-packages/django/db/models/query.py", line 372, in __len__
    self._fetch_all()
  File "/usr/local/lib/python3.12/site-packages/django/db/models/query.py", line 2000, in _fetch_all
    self._result_cache = list(self._iterable_class(self))
                         ^^^^^^^^^^^^^^^^^^^^^^^^^^^^^^^^
  File "/usr/local/lib/python3.12/site-packages/django/db/models/query.py", line 95, in __iter__
    results = compiler.execute_sql(
              ^^^^^^^^^^^^^^^^^^^^^
  File "/usr/local/lib/python3.12/site-packages/django/db/models/sql/compiler.py", line 1622, in execute_sql
    cursor = self.connection.cursor()
             ^^^^^^^^^^^^^^^^^^^^^^^^
  File "/usr/local/lib/python3.12/site-packages/django/utils/asyncio.py", line 24, in inner
    raise SynchronousOnlyOperation(message)
django.core.exceptions.SynchronousOnlyOperation: You cannot call this from an async context - use a thread or sync_to_async.
ERROR | 2026-08-10 19:04:33,921 | log | Internal Server Error: /
Traceback (most recent call last):
  File "/usr/local/lib/python3.12/site-packages/django/core/handlers/exception.py", line 55, in inner
    response = get_response(request)
               ^^^^^^^^^^^^^^^^^^^^^
  File "/usr/local/lib/python3.12/site-packages/django/core/handlers/base.py", line 198, in _get_response
    response = wrapped_callback(request, *callback_args, **callback_kwargs)
               ^^^^^^^^^^^^^^^^^^^^^^^^^^^^^^^^^^^^^^^^^^^^^^^^^^^^^^^^^^^^
  File "/usr/local/lib/python3.12/site-packages/asgiref/sync.py", line 325, in __call__
    return call_result.result()
           ^^^^^^^^^^^^^^^^^^^^
  File "/usr/local/lib/python3.12/concurrent/futures/_base.py", line 449, in result
    return self.__get_result()
           ^^^^^^^^^^^^^^^^^^^
  File "/usr/local/lib/python3.12/concurrent/futures/_base.py", line 401, in __get_result
    raise self._exception
  File "/usr/local/lib/python3.12/site-packages/asgiref/sync.py", line 365, in main_wrap
    result = await awaitable
             ^^^^^^^^^^^^^^^
  File "/app/shop/views.py", line 41, in async_book_list
    return render(request, 'shop/book_list.html', context)
           ^^^^^^^^^^^^^^^^^^^^^^^^^^^^^^^^^^^^^^^^^^^^^^^
  File "/usr/local/lib/python3.12/site-packages/django/shortcuts.py", line 25, in render
    content = loader.render_to_string(template_name, context, request, using=using)
              ^^^^^^^^^^^^^^^^^^^^^^^^^^^^^^^^^^^^^^^^^^^^^^^^^^^^^^^^^^^^^^^^^^^^^
  File "/usr/local/lib/python3.12/site-packages/django/template/loader.py", line 62, in render_to_string
    return template.render(context, request)
           ^^^^^^^^^^^^^^^^^^^^^^^^^^^^^^^^^
  File "/usr/local/lib/python3.12/site-packages/django/template/backends/django.py", line 107, in render
    return self.template.render(context)
           ^^^^^^^^^^^^^^^^^^^^^^^^^^^^^
  File "/usr/local/lib/python3.12/site-packages/django/template/base.py", line 174, in render
    return self._render(context)
           ^^^^^^^^^^^^^^^^^^^^^
  File "/usr/local/lib/python3.12/site-packages/django/test/utils.py", line 114, in instrumented_test_render
    return self.nodelist.render(context)
           ^^^^^^^^^^^^^^^^^^^^^^^^^^^^^
  File "/usr/local/lib/python3.12/site-packages/django/template/base.py", line 1091, in render
    return SafeString("".join([node.render_annotated(context) for node in self]))
                               ^^^^^^^^^^^^^^^^^^^^^^^^^^^^^^
  File "/usr/local/lib/python3.12/site-packages/django/template/base.py", line 1052, in render_annotated
    return self.render(context)
           ^^^^^^^^^^^^^^^^^^^^
  File "/usr/local/lib/python3.12/site-packages/django/template/loader_tags.py", line 160, in render
    return compiled_parent._render(context)
           ^^^^^^^^^^^^^^^^^^^^^^^^^^^^^^^^
  File "/usr/local/lib/python3.12/site-packages/django/test/utils.py", line 114, in instrumented_test_render
    return self.nodelist.render(context)
           ^^^^^^^^^^^^^^^^^^^^^^^^^^^^^
  File "/usr/local/lib/python3.12/site-packages/django/template/base.py", line 1091, in render
    return SafeString("".join([node.render_annotated(context) for node in self]))
                               ^^^^^^^^^^^^^^^^^^^^^^^^^^^^^^
  File "/usr/local/lib/python3.12/site-packages/django/template/base.py", line 1052, in render_annotated
    return self.render(context)
           ^^^^^^^^^^^^^^^^^^^^
  File "/usr/local/lib/python3.12/site-packages/django/template/loader_tags.py", line 66, in render
    result = block.nodelist.render(context)
             ^^^^^^^^^^^^^^^^^^^^^^^^^^^^^^
  File "/usr/local/lib/python3.12/site-packages/django/template/base.py", line 1091, in render
    return SafeString("".join([node.render_annotated(context) for node in self]))
                               ^^^^^^^^^^^^^^^^^^^^^^^^^^^^^^
  File "/usr/local/lib/python3.12/site-packages/django/template/base.py", line 1052, in render_annotated
    return self.render(context)
           ^^^^^^^^^^^^^^^^^^^^
  File "/usr/local/lib/python3.12/site-packages/django/template/defaulttags.py", line 202, in render
    len_values = len(values)
                 ^^^^^^^^^^^
  File "/usr/local/lib/python3.12/site-packages/django/db/models/query.py", line 372, in __len__
    self._fetch_all()
  File "/usr/local/lib/python3.12/site-packages/django/db/models/query.py", line 2000, in _fetch_all
    self._result_cache = list(self._iterable_class(self))
                         ^^^^^^^^^^^^^^^^^^^^^^^^^^^^^^^^
  File "/usr/local/lib/python3.12/site-packages/django/db/models/query.py", line 95, in __iter__
    results = compiler.execute_sql(
              ^^^^^^^^^^^^^^^^^^^^^
  File "/usr/local/lib/python3.12/site-packages/django/db/models/sql/compiler.py", line 1622, in execute_sql
    cursor = self.connection.cursor()
             ^^^^^^^^^^^^^^^^^^^^^^^^
  File "/usr/local/lib/python3.12/site-packages/django/utils/asyncio.py", line 24, in inner
    raise SynchronousOnlyOperation(message)
django.core.exceptions.SynchronousOnlyOperation: You cannot call this from an async context - use a thread or sync_to_async.
WARNING | 2026-08-10 19:04:37,055 | log | Not Found: /books/21
WARNING | 2026-08-10 19:04:37,155 | log | Not Found: /books/999
WARNING | 2026-08-10 19:04:41,274 | log | Not Found: /non-existent-url-12345/
WARNING | 2026-08-10 19:13:04,125 | log | Not Found: /favicon.ico
WARNING | 2026-08-10 19:13:04,132 | log | "GET /favicon.ico HTTP/1.1" 404 20106
WARNING | 2026-08-10 19:13:31,711 | log | Not Found: /books/999
ERROR | 2026-08-10 19:13:32,570 | log | Internal Server Error: /books/23/delete/
Traceback (most recent call last):
  File "/usr/local/lib/python3.12/site-packages/django/core/handlers/exception.py", line 55, in inner
    response = get_response(request)
               ^^^^^^^^^^^^^^^^^^^^^
  File "/usr/local/lib/python3.12/site-packages/django/core/handlers/base.py", line 198, in _get_response
    response = wrapped_callback(request, *callback_args, **callback_kwargs)
               ^^^^^^^^^^^^^^^^^^^^^^^^^^^^^^^^^^^^^^^^^^^^^^^^^^^^^^^^^^^^
  File "/usr/local/lib/python3.12/site-packages/asgiref/sync.py", line 325, in __call__
    return call_result.result()
           ^^^^^^^^^^^^^^^^^^^^
  File "/usr/local/lib/python3.12/concurrent/futures/_base.py", line 449, in result
    return self.__get_result()
           ^^^^^^^^^^^^^^^^^^^
  File "/usr/local/lib/python3.12/concurrent/futures/_base.py", line 401, in __get_result
    raise self._exception
  File "/usr/local/lib/python3.12/site-packages/asgiref/sync.py", line 365, in main_wrap
    result = await awaitable
             ^^^^^^^^^^^^^^^
  File "/app/shop/views.py", line 89, in async_book_delete
    return render(request, 'shop/book_confirm_delete.html', {'book': book})
           ^^^^^^^^^^^^^^^^^^^^^^^^^^^^^^^^^^^^^^^^^^^^^^^^^^^^^^^^^^^^^^^^
  File "/usr/local/lib/python3.12/site-packages/django/shortcuts.py", line 25, in render
    content = loader.render_to_string(template_name, context, request, using=using)
              ^^^^^^^^^^^^^^^^^^^^^^^^^^^^^^^^^^^^^^^^^^^^^^^^^^^^^^^^^^^^^^^^^^^^^
  File "/usr/local/lib/python3.12/site-packages/django/template/loader.py", line 62, in render_to_string
    return template.render(context, request)
           ^^^^^^^^^^^^^^^^^^^^^^^^^^^^^^^^^
  File "/usr/local/lib/python3.12/site-packages/django/template/backends/django.py", line 107, in render
    return self.template.render(context)
           ^^^^^^^^^^^^^^^^^^^^^^^^^^^^^
  File "/usr/local/lib/python3.12/site-packages/django/template/base.py", line 174, in render
    return self._render(context)
           ^^^^^^^^^^^^^^^^^^^^^
  File "/usr/local/lib/python3.12/site-packages/django/test/utils.py", line 114, in instrumented_test_render
    return self.nodelist.render(context)
           ^^^^^^^^^^^^^^^^^^^^^^^^^^^^^
  File "/usr/local/lib/python3.12/site-packages/django/template/base.py", line 1091, in render
    return SafeString("".join([node.render_annotated(context) for node in self]))
                               ^^^^^^^^^^^^^^^^^^^^^^^^^^^^^^
  File "/usr/local/lib/python3.12/site-packages/django/template/base.py", line 1052, in render_annotated
    return self.render(context)
           ^^^^^^^^^^^^^^^^^^^^
  File "/usr/local/lib/python3.12/site-packages/django/template/loader_tags.py", line 160, in render
    return compiled_parent._render(context)
           ^^^^^^^^^^^^^^^^^^^^^^^^^^^^^^^^
  File "/usr/local/lib/python3.12/site-packages/django/test/utils.py", line 114, in instrumented_test_render
    return self.nodelist.render(context)
           ^^^^^^^^^^^^^^^^^^^^^^^^^^^^^
  File "/usr/local/lib/python3.12/site-packages/django/template/base.py", line 1091, in render
    return SafeString("".join([node.render_annotated(context) for node in self]))
                               ^^^^^^^^^^^^^^^^^^^^^^^^^^^^^^
  File "/usr/local/lib/python3.12/site-packages/django/template/base.py", line 1052, in render_annotated
    return self.render(context)
           ^^^^^^^^^^^^^^^^^^^^
  File "/usr/local/lib/python3.12/site-packages/django/template/loader_tags.py", line 66, in render
    result = block.nodelist.render(context)
             ^^^^^^^^^^^^^^^^^^^^^^^^^^^^^^
  File "/usr/local/lib/python3.12/site-packages/django/template/base.py", line 1091, in render
    return SafeString("".join([node.render_annotated(context) for node in self]))
                               ^^^^^^^^^^^^^^^^^^^^^^^^^^^^^^
  File "/usr/local/lib/python3.12/site-packages/django/template/base.py", line 1052, in render_annotated
    return self.render(context)
           ^^^^^^^^^^^^^^^^^^^^
  File "/usr/local/lib/python3.12/site-packages/django/template/defaulttags.py", line 511, in render
    url = reverse(view_name, args=args, kwargs=kwargs, current_app=current_app)
          ^^^^^^^^^^^^^^^^^^^^^^^^^^^^^^^^^^^^^^^^^^^^^^^^^^^^^^^^^^^^^^^^^^^^^
  File "/usr/local/lib/python3.12/site-packages/django/urls/base.py", line 98, in reverse
    resolved_url = resolver._reverse_with_prefix(view, prefix, *args, **kwargs)
                   ^^^^^^^^^^^^^^^^^^^^^^^^^^^^^^^^^^^^^^^^^^^^^^^^^^^^^^^^^^^^
  File "/usr/local/lib/python3.12/site-packages/django/urls/resolvers.py", line 842, in _reverse_with_prefix
    raise NoReverseMatch(msg)
django.urls.exceptions.NoReverseMatch: Reverse for 'book_detail' with arguments '('',)' not found. 1 pattern(s) tried: ['books/(?P<pk>[0-9]+)\\Z']
WARNING | 2026-08-10 19:13:35,615 | log | Not Found: /non-existent-url-12345/
WARNING | 2026-08-10 19:19:33,803 | log | Not Found: /books/999
WARNING | 2026-08-10 19:19:37,458 | log | Not Found: /non-existent-url-12345/
WARNING | 2026-08-10 19:23:45,454 | log | Not Found: /books/999
WARNING | 2026-08-10 19:23:49,035 | log | Not Found: /non-existent-url-12345/
WARNING | 2026-08-10 19:28:30,451 | log | Not Found: /books/999
WARNING | 2026-08-10 19:28:34,022 | log | Not Found: /non-existent-url-12345/
WARNING | 2026-08-10 19:39:03,606 | log | Not Found: /books/999
WARNING | 2026-08-10 19:39:07,337 | log | Not Found: /non-existent-url-12345/
WARNING | 2026-08-10 20:07:12,892 | log | Not Found: /books/999
WARNING | 2026-08-10 20:07:16,647 | log | Not Found: /non-existent-url-12345/
WARNING | 2026-08-10 20:13:50,827 | log | Not Found: /books/999
WARNING | 2026-08-10 20:13:54,578 | log | Not Found: /non-existent-url-12345/
WARNING | 2026-08-16 09:42:52,133 | log | Not Found: /books/999
WARNING | 2026-08-16 09:42:53,906 | log | Forbidden (Permission denied): /books/add
Traceback (most recent call last):
  File "/usr/local/lib/python3.12/site-packages/django/core/handlers/exception.py", line 55, in inner
    response = get_response(request)
               ^^^^^^^^^^^^^^^^^^^^^
  File "/usr/local/lib/python3.12/site-packages/django/core/handlers/base.py", line 198, in _get_response
    response = wrapped_callback(request, *callback_args, **callback_kwargs)
               ^^^^^^^^^^^^^^^^^^^^^^^^^^^^^^^^^^^^^^^^^^^^^^^^^^^^^^^^^^^^
  File "/usr/local/lib/python3.12/site-packages/django/views/generic/base.py", line 106, in view
    return self.dispatch(request, *args, **kwargs)
           ^^^^^^^^^^^^^^^^^^^^^^^^^^^^^^^^^^^^^^^
  File "/usr/local/lib/python3.12/site-packages/django/contrib/auth/mixins.py", line 135, in dispatch
    return self.handle_no_permission()
           ^^^^^^^^^^^^^^^^^^^^^^^^^^^
  File "/usr/local/lib/python3.12/site-packages/django/contrib/auth/mixins.py", line 49, in handle_no_permission
    raise PermissionDenied(self.get_permission_denied_message())
django.core.exceptions.PermissionDenied
WARNING | 2026-08-16 09:42:55,807 | log | Not Found: /non-existent-url-12345/
WARNING | 2026-08-16 09:44:19,031 | log | Not Found: /books/999
WARNING | 2026-08-16 09:44:20,804 | log | Forbidden (Permission denied): /books/add
Traceback (most recent call last):
  File "/usr/local/lib/python3.12/site-packages/django/core/handlers/exception.py", line 55, in inner
    response = get_response(request)
               ^^^^^^^^^^^^^^^^^^^^^
  File "/usr/local/lib/python3.12/site-packages/django/core/handlers/base.py", line 198, in _get_response
    response = wrapped_callback(request, *callback_args, **callback_kwargs)
               ^^^^^^^^^^^^^^^^^^^^^^^^^^^^^^^^^^^^^^^^^^^^^^^^^^^^^^^^^^^^
  File "/usr/local/lib/python3.12/site-packages/django/views/generic/base.py", line 106, in view
    return self.dispatch(request, *args, **kwargs)
           ^^^^^^^^^^^^^^^^^^^^^^^^^^^^^^^^^^^^^^^
  File "/usr/local/lib/python3.12/site-packages/django/contrib/auth/mixins.py", line 135, in dispatch
    return self.handle_no_permission()
           ^^^^^^^^^^^^^^^^^^^^^^^^^^^
  File "/usr/local/lib/python3.12/site-packages/django/contrib/auth/mixins.py", line 49, in handle_no_permission
    raise PermissionDenied(self.get_permission_denied_message())
django.core.exceptions.PermissionDenied
WARNING | 2026-08-16 09:44:22,740 | log | Not Found: /non-existent-url-12345/
WARNING | 2026-08-16 09:45:48,725 | log | Not Found: /books/999
WARNING | 2026-08-16 09:45:50,480 | log | Forbidden (Permission denied): /books/add
Traceback (most recent call last):
  File "/usr/local/lib/python3.12/site-packages/django/core/handlers/exception.py", line 55, in inner
    response = get_response(request)
               ^^^^^^^^^^^^^^^^^^^^^
  File "/usr/local/lib/python3.12/site-packages/django/core/handlers/base.py", line 198, in _get_response
    response = wrapped_callback(request, *callback_args, **callback_kwargs)
               ^^^^^^^^^^^^^^^^^^^^^^^^^^^^^^^^^^^^^^^^^^^^^^^^^^^^^^^^^^^^
  File "/usr/local/lib/python3.12/site-packages/django/views/generic/base.py", line 106, in view
    return self.dispatch(request, *args, **kwargs)
           ^^^^^^^^^^^^^^^^^^^^^^^^^^^^^^^^^^^^^^^
  File "/usr/local/lib/python3.12/site-packages/django/contrib/auth/mixins.py", line 135, in dispatch
    return self.handle_no_permission()
           ^^^^^^^^^^^^^^^^^^^^^^^^^^^
  File "/usr/local/lib/python3.12/site-packages/django/contrib/auth/mixins.py", line 49, in handle_no_permission
    raise PermissionDenied(self.get_permission_denied_message())
django.core.exceptions.PermissionDenied
WARNING | 2026-08-16 09:45:52,283 | log | Not Found: /non-existent-url-12345/
WARNING | 2026-08-16 10:01:06,795 | log | Not Found: /books/999
WARNING | 2026-08-16 10:01:09,003 | log | Forbidden (Permission denied): /books/add
Traceback (most recent call last):
  File "/usr/local/lib/python3.12/site-packages/django/core/handlers/exception.py", line 55, in inner
    response = get_response(request)
               ^^^^^^^^^^^^^^^^^^^^^
  File "/usr/local/lib/python3.12/site-packages/django/core/handlers/base.py", line 198, in _get_response
    response = wrapped_callback(request, *callback_args, **callback_kwargs)
               ^^^^^^^^^^^^^^^^^^^^^^^^^^^^^^^^^^^^^^^^^^^^^^^^^^^^^^^^^^^^
  File "/usr/local/lib/python3.12/site-packages/django/views/generic/base.py", line 106, in view
    return self.dispatch(request, *args, **kwargs)
           ^^^^^^^^^^^^^^^^^^^^^^^^^^^^^^^^^^^^^^^
  File "/usr/local/lib/python3.12/site-packages/django/contrib/auth/mixins.py", line 135, in dispatch
    return self.handle_no_permission()
           ^^^^^^^^^^^^^^^^^^^^^^^^^^^
  File "/usr/local/lib/python3.12/site-packages/django/contrib/auth/mixins.py", line 49, in handle_no_permission
    raise PermissionDenied(self.get_permission_denied_message())
django.core.exceptions.PermissionDenied
WARNING | 2026-08-16 10:01:11,120 | log | Not Found: /non-existent-url-12345/
WARNING | 2026-08-19 18:00:03,265 | log | Not Found: /favicon.ico
WARNING | 2026-08-19 18:00:03,266 | log | "GET /favicon.ico HTTP/1.1" 404 20253
WARNING | 2026-08-19 18:03:06,935 | log | Not Found: /favicon.ico
WARNING | 2026-08-19 18:03:06,936 | log | "GET /favicon.ico HTTP/1.1" 404 4455
ERROR | 2026-08-19 18:32:42,502 | log | Internal Server Error: /api/books/
Traceback (most recent call last):
  File "/usr/local/lib/python3.12/site-packages/django/core/handlers/exception.py", line 55, in inner
    response = get_response(request)
               ^^^^^^^^^^^^^^^^^^^^^
  File "/usr/local/lib/python3.12/site-packages/django/core/handlers/base.py", line 198, in _get_response
    response = wrapped_callback(request, *callback_args, **callback_kwargs)
               ^^^^^^^^^^^^^^^^^^^^^^^^^^^^^^^^^^^^^^^^^^^^^^^^^^^^^^^^^^^^
  File "/usr/local/lib/python3.12/site-packages/django/views/decorators/csrf.py", line 65, in _view_wrapper
    return view_func(request, *args, **kwargs)
           ^^^^^^^^^^^^^^^^^^^^^^^^^^^^^^^^^^^
  File "/usr/local/lib/python3.12/site-packages/rest_framework/viewsets.py", line 124, in view
    return self.dispatch(request, *args, **kwargs)
           ^^^^^^^^^^^^^^^^^^^^^^^^^^^^^^^^^^^^^^^
  File "/usr/local/lib/python3.12/site-packages/rest_framework/views.py", line 526, in dispatch
    response = self.handle_exception(exc)
               ^^^^^^^^^^^^^^^^^^^^^^^^^^
  File "/usr/local/lib/python3.12/site-packages/rest_framework/views.py", line 474, in handle_exception
    self.raise_uncaught_exception(exc)
  File "/usr/local/lib/python3.12/site-packages/rest_framework/views.py", line 485, in raise_uncaught_exception
    raise exc
  File "/usr/local/lib/python3.12/site-packages/rest_framework/views.py", line 523, in dispatch
    response = handler(request, *args, **kwargs)
               ^^^^^^^^^^^^^^^^^^^^^^^^^^^^^^^^^
  File "/usr/local/lib/python3.12/site-packages/rest_framework/mixins.py", line 38, in list
    queryset = self.filter_queryset(self.get_queryset())
               ^^^^^^^^^^^^^^^^^^^^^^^^^^^^^^^^^^^^^^^^^
  File "/usr/local/lib/python3.12/site-packages/rest_framework/generics.py", line 154, in filter_queryset
    queryset = backend().filter_queryset(self.request, queryset, self)
               ^^^^^^^^^^^^^^^^^^^^^^^^^
AttributeError: 'OrderingFilter' object has no attribute 'filter_queryset'
ERROR | 2026-08-19 18:32:42,576 | log | "GET /api/books/ HTTP/1.1" 500 105898
ERROR | 2026-08-19 18:38:02,817 | log | Internal Server Error: /api/books/
Traceback (most recent call last):
  File "/usr/local/lib/python3.12/site-packages/django/core/handlers/exception.py", line 55, in inner
    response = get_response(request)
               ^^^^^^^^^^^^^^^^^^^^^
  File "/usr/local/lib/python3.12/site-packages/django/core/handlers/base.py", line 198, in _get_response
    response = wrapped_callback(request, *callback_args, **callback_kwargs)
               ^^^^^^^^^^^^^^^^^^^^^^^^^^^^^^^^^^^^^^^^^^^^^^^^^^^^^^^^^^^^
  File "/usr/local/lib/python3.12/site-packages/django/views/decorators/csrf.py", line 65, in _view_wrapper
    return view_func(request, *args, **kwargs)
           ^^^^^^^^^^^^^^^^^^^^^^^^^^^^^^^^^^^
  File "/usr/local/lib/python3.12/site-packages/rest_framework/viewsets.py", line 124, in view
    return self.dispatch(request, *args, **kwargs)
           ^^^^^^^^^^^^^^^^^^^^^^^^^^^^^^^^^^^^^^^
  File "/usr/local/lib/python3.12/site-packages/rest_framework/views.py", line 526, in dispatch
    response = self.handle_exception(exc)
               ^^^^^^^^^^^^^^^^^^^^^^^^^^
  File "/usr/local/lib/python3.12/site-packages/rest_framework/views.py", line 474, in handle_exception
    self.raise_uncaught_exception(exc)
  File "/usr/local/lib/python3.12/site-packages/rest_framework/views.py", line 485, in raise_uncaught_exception
    raise exc
  File "/usr/local/lib/python3.12/site-packages/rest_framework/views.py", line 523, in dispatch
    response = handler(request, *args, **kwargs)
               ^^^^^^^^^^^^^^^^^^^^^^^^^^^^^^^^^
  File "/usr/local/lib/python3.12/site-packages/rest_framework/mixins.py", line 38, in list
    queryset = self.filter_queryset(self.get_queryset())
               ^^^^^^^^^^^^^^^^^^^^^^^^^^^^^^^^^^^^^^^^^
  File "/usr/local/lib/python3.12/site-packages/rest_framework/generics.py", line 154, in filter_queryset
    queryset = backend().filter_queryset(self.request, queryset, self)
               ^^^^^^^^^^^^^^^^^^^^^^^^^
AttributeError: 'OrderingFilter' object has no attribute 'filter_queryset'
ERROR | 2026-08-19 18:38:02,946 | log | "GET /api/books/ HTTP/1.1" 500 106035
ERROR | 2026-08-19 18:38:05,188 | log | Internal Server Error: /api/books/
Traceback (most recent call last):
  File "/usr/local/lib/python3.12/site-packages/django/core/handlers/exception.py", line 55, in inner
    response = get_response(request)
               ^^^^^^^^^^^^^^^^^^^^^
  File "/usr/local/lib/python3.12/site-packages/django/core/handlers/base.py", line 198, in _get_response
    response = wrapped_callback(request, *callback_args, **callback_kwargs)
               ^^^^^^^^^^^^^^^^^^^^^^^^^^^^^^^^^^^^^^^^^^^^^^^^^^^^^^^^^^^^
  File "/usr/local/lib/python3.12/site-packages/django/views/decorators/csrf.py", line 65, in _view_wrapper
    return view_func(request, *args, **kwargs)
           ^^^^^^^^^^^^^^^^^^^^^^^^^^^^^^^^^^^
  File "/usr/local/lib/python3.12/site-packages/rest_framework/viewsets.py", line 124, in view
    return self.dispatch(request, *args, **kwargs)
           ^^^^^^^^^^^^^^^^^^^^^^^^^^^^^^^^^^^^^^^
  File "/usr/local/lib/python3.12/site-packages/rest_framework/views.py", line 526, in dispatch
    response = self.handle_exception(exc)
               ^^^^^^^^^^^^^^^^^^^^^^^^^^
  File "/usr/local/lib/python3.12/site-packages/rest_framework/views.py", line 474, in handle_exception
    self.raise_uncaught_exception(exc)
  File "/usr/local/lib/python3.12/site-packages/rest_framework/views.py", line 485, in raise_uncaught_exception
    raise exc
  File "/usr/local/lib/python3.12/site-packages/rest_framework/views.py", line 523, in dispatch
    response = handler(request, *args, **kwargs)
               ^^^^^^^^^^^^^^^^^^^^^^^^^^^^^^^^^
  File "/usr/local/lib/python3.12/site-packages/rest_framework/mixins.py", line 38, in list
    queryset = self.filter_queryset(self.get_queryset())
               ^^^^^^^^^^^^^^^^^^^^^^^^^^^^^^^^^^^^^^^^^
  File "/usr/local/lib/python3.12/site-packages/rest_framework/generics.py", line 154, in filter_queryset
    queryset = backend().filter_queryset(self.request, queryset, self)
               ^^^^^^^^^^^^^^^^^^^^^^^^^
AttributeError: 'OrderingFilter' object has no attribute 'filter_queryset'
ERROR | 2026-08-19 18:38:05,261 | log | "GET /api/books/ HTTP/1.1" 500 106035
WARNING | 2026-08-19 18:58:56,384 | log | Method Not Allowed: /api/token/
WARNING | 2026-08-19 18:58:56,386 | log | "GET /api/token/ HTTP/1.1" 405 28326
WARNING | 2026-08-26 18:40:28,958 | log | Not Found: /favicon.ico
WARNING | 2026-08-26 18:40:28,961 | log | "GET /favicon.ico HTTP/1.1" 404 5335
WARNING | 2026-08-26 18:40:56,335 | log | Not Found: /api/docs/
WARNING | 2026-08-26 18:40:56,338 | log | "GET /api/docs/ HTTP/1.1" 404 9872
WARNING | 2026-08-26 18:40:56,789 | log | Not Found: /favicon.ico
WARNING | 2026-08-26 18:40:56,791 | log | "GET /favicon.ico HTTP/1.1" 404 5337
WARNING | 2026-08-26 18:41:32,770 | log | Not Found: /api/docs/
WARNING | 2026-08-26 18:41:32,772 | log | "GET /api/docs/ HTTP/1.1" 404 9870
WARNING | 2026-08-26 18:41:43,804 | log | Not Found: /api/docs/
WARNING | 2026-08-26 18:41:43,806 | log | "GET /api/docs/ HTTP/1.1" 404 9872
WARNING | 2026-08-26 19:46:24,055 | log | Unauthorized: /api/orders/
WARNING | 2026-08-26 19:46:24,125 | log | Not Found: /api/cart/
WARNING | 2026-08-26 19:46:27,729 | log | Not Found: /api/cart/
WARNING | 2026-08-26 19:46:34,000 | log | Unauthorized: /api/token/
WARNING | 2026-08-26 19:46:52,657 | log | Not Found: /api/cart/
WARNING | 2026-08-26 19:46:54,319 | log | Not Found: /api/cart/
WARNING | 2026-08-26 19:46:54,364 | log | Not Found: /api/cart/
WARNING | 2026-08-26 19:46:54,427 | log | Not Found: /api/cart/
ERROR | 2026-08-26 19:46:54,483 | log | Internal Server Error: /api/books/
Traceback (most recent call last):
  File "/usr/local/lib/python3.12/site-packages/django/core/handlers/exception.py", line 55, in inner
    response = get_response(request)
               ^^^^^^^^^^^^^^^^^^^^^
  File "/usr/local/lib/python3.12/site-packages/django/core/handlers/base.py", line 198, in _get_response
    response = wrapped_callback(request, *callback_args, **callback_kwargs)
               ^^^^^^^^^^^^^^^^^^^^^^^^^^^^^^^^^^^^^^^^^^^^^^^^^^^^^^^^^^^^
  File "/usr/local/lib/python3.12/site-packages/django/views/decorators/csrf.py", line 65, in _view_wrapper
    return view_func(request, *args, **kwargs)
           ^^^^^^^^^^^^^^^^^^^^^^^^^^^^^^^^^^^
  File "/usr/local/lib/python3.12/site-packages/rest_framework/viewsets.py", line 124, in view
    return self.dispatch(request, *args, **kwargs)
           ^^^^^^^^^^^^^^^^^^^^^^^^^^^^^^^^^^^^^^^
  File "/usr/local/lib/python3.12/site-packages/rest_framework/views.py", line 526, in dispatch
    response = self.handle_exception(exc)
               ^^^^^^^^^^^^^^^^^^^^^^^^^^
  File "/usr/local/lib/python3.12/site-packages/rest_framework/views.py", line 474, in handle_exception
    self.raise_uncaught_exception(exc)
  File "/usr/local/lib/python3.12/site-packages/rest_framework/views.py", line 485, in raise_uncaught_exception
    raise exc
  File "/usr/local/lib/python3.12/site-packages/rest_framework/views.py", line 523, in dispatch
    response = handler(request, *args, **kwargs)
               ^^^^^^^^^^^^^^^^^^^^^^^^^^^^^^^^^
  File "/usr/local/lib/python3.12/site-packages/rest_framework/mixins.py", line 38, in list
    queryset = self.filter_queryset(self.get_queryset())
               ^^^^^^^^^^^^^^^^^^^^^^^^^^^^^^^^^^^^^^^^^
  File "/usr/local/lib/python3.12/site-packages/rest_framework/generics.py", line 154, in filter_queryset
    queryset = backend().filter_queryset(self.request, queryset, self)
               ^^^^^^^^^^^^^^^^^^^^^^^^^^^^^^^^^^^^^^^^^^^^^^^^^^^^^^^
  File "/usr/local/lib/python3.12/site-packages/rest_framework/filters.py", line 158, in filter_queryset
    queryset = queryset.filter(reduce(operator.and_, conditions))
               ^^^^^^^^^^^^^^^^^^^^^^^^^^^^^^^^^^^^^^^^^^^^^^^^^^
  File "/usr/local/lib/python3.12/site-packages/django/db/models/query.py", line 1542, in filter
    return self._filter_or_exclude(False, args, kwargs)
           ^^^^^^^^^^^^^^^^^^^^^^^^^^^^^^^^^^^^^^^^^^^^
  File "/usr/local/lib/python3.12/site-packages/django/db/models/query.py", line 1560, in _filter_or_exclude
    clone._filter_or_exclude_inplace(negate, args, kwargs)
  File "/usr/local/lib/python3.12/site-packages/django/db/models/query.py", line 1570, in _filter_or_exclude_inplace
    self._query.add_q(Q(*args, **kwargs))
  File "/usr/local/lib/python3.12/site-packages/django/db/models/sql/query.py", line 1676, in add_q
    clause, _ = self._add_q(q_object, can_reuse)
                ^^^^^^^^^^^^^^^^^^^^^^^^^^^^^^^^
  File "/usr/local/lib/python3.12/site-packages/django/db/models/sql/query.py", line 1708, in _add_q
    child_clause, needed_inner = self.build_filter(
                                 ^^^^^^^^^^^^^^^^^^
  File "/usr/local/lib/python3.12/site-packages/django/db/models/sql/query.py", line 1533, in build_filter
    return self._add_q(
           ^^^^^^^^^^^^
  File "/usr/local/lib/python3.12/site-packages/django/db/models/sql/query.py", line 1708, in _add_q
    child_clause, needed_inner = self.build_filter(
                                 ^^^^^^^^^^^^^^^^^^
  File "/usr/local/lib/python3.12/site-packages/django/db/models/sql/query.py", line 1556, in build_filter
    lookups, parts, reffed_expression = self.solve_lookup_type(arg, summarize)
                                        ^^^^^^^^^^^^^^^^^^^^^^^^^^^^^^^^^^^^^^
  File "/usr/local/lib/python3.12/site-packages/django/db/models/sql/query.py", line 1363, in solve_lookup_type
    _, field, _, lookup_parts = self.names_to_path(lookup_splitted, self.get_meta())
                                ^^^^^^^^^^^^^^^^^^^^^^^^^^^^^^^^^^^^^^^^^^^^^^^^^^^^
  File "/usr/local/lib/python3.12/site-packages/django/db/models/sql/query.py", line 1842, in names_to_path
    raise FieldError(
django.core.exceptions.FieldError: Cannot resolve keyword 'author_name' into field. Choices are: added_at, amount, author, available, calculated_average, category, id, lastview, orderitem, price, publisher, publisher_id, publisher_year, rating, title
WARNING | 2026-08-26 19:47:14,812 | log | Not Found: /books/999
WARNING | 2026-08-26 19:47:18,319 | log | Forbidden (Permission denied): /books/add
Traceback (most recent call last):
  File "/usr/local/lib/python3.12/site-packages/django/core/handlers/exception.py", line 55, in inner
    response = get_response(request)
               ^^^^^^^^^^^^^^^^^^^^^
  File "/usr/local/lib/python3.12/site-packages/django/core/handlers/base.py", line 198, in _get_response
    response = wrapped_callback(request, *callback_args, **callback_kwargs)
               ^^^^^^^^^^^^^^^^^^^^^^^^^^^^^^^^^^^^^^^^^^^^^^^^^^^^^^^^^^^^
  File "/usr/local/lib/python3.12/site-packages/django/views/generic/base.py", line 106, in view
    return self.dispatch(request, *args, **kwargs)
           ^^^^^^^^^^^^^^^^^^^^^^^^^^^^^^^^^^^^^^^
  File "/usr/local/lib/python3.12/site-packages/django/contrib/auth/mixins.py", line 135, in dispatch
    return self.handle_no_permission()
           ^^^^^^^^^^^^^^^^^^^^^^^^^^^
  File "/usr/local/lib/python3.12/site-packages/django/contrib/auth/mixins.py", line 49, in handle_no_permission
    raise PermissionDenied(self.get_permission_denied_message())
django.core.exceptions.PermissionDenied
WARNING | 2026-08-26 19:47:21,808 | log | Not Found: /non-existent-url-12345/
WARNING | 2026-08-26 19:49:37,535 | log | Unauthorized: /api/orders/
WARNING | 2026-08-26 19:49:37,592 | log | Not Found: /api/cart/
WARNING | 2026-08-26 19:49:40,740 | log | Not Found: /api/cart/
WARNING | 2026-08-26 19:49:46,571 | log | Unauthorized: /api/token/
WARNING | 2026-08-26 19:50:02,186 | log | Not Found: /api/cart/
WARNING | 2026-08-26 19:50:03,669 | log | Not Found: /api/cart/
WARNING | 2026-08-26 19:50:03,714 | log | Not Found: /api/cart/
WARNING | 2026-08-26 19:50:03,772 | log | Not Found: /api/cart/
ERROR | 2026-08-26 19:50:03,816 | log | Internal Server Error: /api/books/
Traceback (most recent call last):
  File "/usr/local/lib/python3.12/site-packages/django/core/handlers/exception.py", line 55, in inner
    response = get_response(request)
               ^^^^^^^^^^^^^^^^^^^^^
  File "/usr/local/lib/python3.12/site-packages/django/core/handlers/base.py", line 198, in _get_response
    response = wrapped_callback(request, *callback_args, **callback_kwargs)
               ^^^^^^^^^^^^^^^^^^^^^^^^^^^^^^^^^^^^^^^^^^^^^^^^^^^^^^^^^^^^
  File "/usr/local/lib/python3.12/site-packages/django/views/decorators/csrf.py", line 65, in _view_wrapper
    return view_func(request, *args, **kwargs)
           ^^^^^^^^^^^^^^^^^^^^^^^^^^^^^^^^^^^
  File "/usr/local/lib/python3.12/site-packages/rest_framework/viewsets.py", line 124, in view
    return self.dispatch(request, *args, **kwargs)
           ^^^^^^^^^^^^^^^^^^^^^^^^^^^^^^^^^^^^^^^
  File "/usr/local/lib/python3.12/site-packages/rest_framework/views.py", line 526, in dispatch
    response = self.handle_exception(exc)
               ^^^^^^^^^^^^^^^^^^^^^^^^^^
  File "/usr/local/lib/python3.12/site-packages/rest_framework/views.py", line 474, in handle_exception
    self.raise_uncaught_exception(exc)
  File "/usr/local/lib/python3.12/site-packages/rest_framework/views.py", line 485, in raise_uncaught_exception
    raise exc
  File "/usr/local/lib/python3.12/site-packages/rest_framework/views.py", line 523, in dispatch
    response = handler(request, *args, **kwargs)
               ^^^^^^^^^^^^^^^^^^^^^^^^^^^^^^^^^
  File "/usr/local/lib/python3.12/site-packages/rest_framework/mixins.py", line 38, in list
    queryset = self.filter_queryset(self.get_queryset())
               ^^^^^^^^^^^^^^^^^^^^^^^^^^^^^^^^^^^^^^^^^
  File "/usr/local/lib/python3.12/site-packages/rest_framework/generics.py", line 154, in filter_queryset
    queryset = backend().filter_queryset(self.request, queryset, self)
               ^^^^^^^^^^^^^^^^^^^^^^^^^^^^^^^^^^^^^^^^^^^^^^^^^^^^^^^
  File "/usr/local/lib/python3.12/site-packages/rest_framework/filters.py", line 158, in filter_queryset
    queryset = queryset.filter(reduce(operator.and_, conditions))
               ^^^^^^^^^^^^^^^^^^^^^^^^^^^^^^^^^^^^^^^^^^^^^^^^^^
  File "/usr/local/lib/python3.12/site-packages/django/db/models/query.py", line 1542, in filter
    return self._filter_or_exclude(False, args, kwargs)
           ^^^^^^^^^^^^^^^^^^^^^^^^^^^^^^^^^^^^^^^^^^^^
  File "/usr/local/lib/python3.12/site-packages/django/db/models/query.py", line 1560, in _filter_or_exclude
    clone._filter_or_exclude_inplace(negate, args, kwargs)
  File "/usr/local/lib/python3.12/site-packages/django/db/models/query.py", line 1570, in _filter_or_exclude_inplace
    self._query.add_q(Q(*args, **kwargs))
  File "/usr/local/lib/python3.12/site-packages/django/db/models/sql/query.py", line 1676, in add_q
    clause, _ = self._add_q(q_object, can_reuse)
                ^^^^^^^^^^^^^^^^^^^^^^^^^^^^^^^^
  File "/usr/local/lib/python3.12/site-packages/django/db/models/sql/query.py", line 1708, in _add_q
    child_clause, needed_inner = self.build_filter(
                                 ^^^^^^^^^^^^^^^^^^
  File "/usr/local/lib/python3.12/site-packages/django/db/models/sql/query.py", line 1533, in build_filter
    return self._add_q(
           ^^^^^^^^^^^^
  File "/usr/local/lib/python3.12/site-packages/django/db/models/sql/query.py", line 1708, in _add_q
    child_clause, needed_inner = self.build_filter(
                                 ^^^^^^^^^^^^^^^^^^
  File "/usr/local/lib/python3.12/site-packages/django/db/models/sql/query.py", line 1556, in build_filter
    lookups, parts, reffed_expression = self.solve_lookup_type(arg, summarize)
                                        ^^^^^^^^^^^^^^^^^^^^^^^^^^^^^^^^^^^^^^
  File "/usr/local/lib/python3.12/site-packages/django/db/models/sql/query.py", line 1363, in solve_lookup_type
    _, field, _, lookup_parts = self.names_to_path(lookup_splitted, self.get_meta())
                                ^^^^^^^^^^^^^^^^^^^^^^^^^^^^^^^^^^^^^^^^^^^^^^^^^^^^
  File "/usr/local/lib/python3.12/site-packages/django/db/models/sql/query.py", line 1842, in names_to_path
    raise FieldError(
django.core.exceptions.FieldError: Cannot resolve keyword 'author_name' into field. Choices are: added_at, amount, author, available, calculated_average, category, id, lastview, orderitem, price, publisher, publisher_id, publisher_year, rating, title
WARNING | 2026-08-26 19:56:26,363 | log | Unauthorized: /api/orders/
WARNING | 2026-08-26 19:56:26,385 | log | Unauthorized: /api/carts/
WARNING | 2026-08-26 19:56:29,489 | log | Not Found: /api/cart/
WARNING | 2026-08-26 19:56:35,794 | log | Unauthorized: /api/token/
WARNING | 2026-08-26 19:56:41,979 | log | Not Found: /api/categories/999/
WARNING | 2026-08-26 19:56:45,039 | log | Bad Request: /api/books/
WARNING | 2026-08-26 19:56:48,244 | log | Not Found: /api/books/999/
WARNING | 2026-08-26 19:56:49,830 | log | Not Found: /api/cart/
WARNING | 2026-08-26 19:56:51,367 | log | Not Found: /api/cart/
WARNING | 2026-08-26 19:56:51,412 | log | Not Found: /api/cart/
WARNING | 2026-08-26 19:56:51,471 | log | Not Found: /api/cart/
ERROR | 2026-08-26 19:56:51,517 | log | Internal Server Error: /api/books/
Traceback (most recent call last):
  File "/usr/local/lib/python3.12/site-packages/django/core/handlers/exception.py", line 55, in inner
    response = get_response(request)
               ^^^^^^^^^^^^^^^^^^^^^
  File "/usr/local/lib/python3.12/site-packages/django/core/handlers/base.py", line 198, in _get_response
    response = wrapped_callback(request, *callback_args, **callback_kwargs)
               ^^^^^^^^^^^^^^^^^^^^^^^^^^^^^^^^^^^^^^^^^^^^^^^^^^^^^^^^^^^^
  File "/usr/local/lib/python3.12/site-packages/django/views/decorators/csrf.py", line 65, in _view_wrapper
    return view_func(request, *args, **kwargs)
           ^^^^^^^^^^^^^^^^^^^^^^^^^^^^^^^^^^^
  File "/usr/local/lib/python3.12/site-packages/rest_framework/viewsets.py", line 124, in view
    return self.dispatch(request, *args, **kwargs)
           ^^^^^^^^^^^^^^^^^^^^^^^^^^^^^^^^^^^^^^^
  File "/usr/local/lib/python3.12/site-packages/rest_framework/views.py", line 526, in dispatch
    response = self.handle_exception(exc)
               ^^^^^^^^^^^^^^^^^^^^^^^^^^
  File "/usr/local/lib/python3.12/site-packages/rest_framework/views.py", line 474, in handle_exception
    self.raise_uncaught_exception(exc)
  File "/usr/local/lib/python3.12/site-packages/rest_framework/views.py", line 485, in raise_uncaught_exception
    raise exc
  File "/usr/local/lib/python3.12/site-packages/rest_framework/views.py", line 523, in dispatch
    response = handler(request, *args, **kwargs)
               ^^^^^^^^^^^^^^^^^^^^^^^^^^^^^^^^^
  File "/usr/local/lib/python3.12/site-packages/rest_framework/mixins.py", line 38, in list
    queryset = self.filter_queryset(self.get_queryset())
               ^^^^^^^^^^^^^^^^^^^^^^^^^^^^^^^^^^^^^^^^^
  File "/usr/local/lib/python3.12/site-packages/rest_framework/generics.py", line 154, in filter_queryset
    queryset = backend().filter_queryset(self.request, queryset, self)
               ^^^^^^^^^^^^^^^^^^^^^^^^^^^^^^^^^^^^^^^^^^^^^^^^^^^^^^^
  File "/usr/local/lib/python3.12/site-packages/rest_framework/filters.py", line 158, in filter_queryset
    queryset = queryset.filter(reduce(operator.and_, conditions))
               ^^^^^^^^^^^^^^^^^^^^^^^^^^^^^^^^^^^^^^^^^^^^^^^^^^
  File "/usr/local/lib/python3.12/site-packages/django/db/models/query.py", line 1542, in filter
    return self._filter_or_exclude(False, args, kwargs)
           ^^^^^^^^^^^^^^^^^^^^^^^^^^^^^^^^^^^^^^^^^^^^
  File "/usr/local/lib/python3.12/site-packages/django/db/models/query.py", line 1560, in _filter_or_exclude
    clone._filter_or_exclude_inplace(negate, args, kwargs)
  File "/usr/local/lib/python3.12/site-packages/django/db/models/query.py", line 1570, in _filter_or_exclude_inplace
    self._query.add_q(Q(*args, **kwargs))
  File "/usr/local/lib/python3.12/site-packages/django/db/models/sql/query.py", line 1676, in add_q
    clause, _ = self._add_q(q_object, can_reuse)
                ^^^^^^^^^^^^^^^^^^^^^^^^^^^^^^^^
  File "/usr/local/lib/python3.12/site-packages/django/db/models/sql/query.py", line 1708, in _add_q
    child_clause, needed_inner = self.build_filter(
                                 ^^^^^^^^^^^^^^^^^^
  File "/usr/local/lib/python3.12/site-packages/django/db/models/sql/query.py", line 1533, in build_filter
    return self._add_q(
           ^^^^^^^^^^^^
  File "/usr/local/lib/python3.12/site-packages/django/db/models/sql/query.py", line 1708, in _add_q
    child_clause, needed_inner = self.build_filter(
                                 ^^^^^^^^^^^^^^^^^^
  File "/usr/local/lib/python3.12/site-packages/django/db/models/sql/query.py", line 1618, in build_filter
    condition = self.build_lookup(lookups, col, value)
                ^^^^^^^^^^^^^^^^^^^^^^^^^^^^^^^^^^^^^^
  File "/usr/local/lib/python3.12/site-packages/django/db/models/sql/query.py", line 1439, in build_lookup
    lhs = self.try_transform(lhs, lookup_name)
          ^^^^^^^^^^^^^^^^^^^^^^^^^^^^^^^^^^^^
  File "/usr/local/lib/python3.12/site-packages/django/db/models/sql/query.py", line 1488, in try_transform
    raise FieldError(
django.core.exceptions.FieldError: Unsupported lookup 'icontains' for ForeignKey or join on the field not permitted.
WARNING | 2026-08-26 20:05:08,772 | log | Unauthorized: /api/orders/
WARNING | 2026-08-26 20:05:08,791 | log | Unauthorized: /api/carts/
WARNING | 2026-08-26 20:05:17,610 | log | Unauthorized: /api/token/
WARNING | 2026-08-26 20:05:23,725 | log | Not Found: /api/categories/999/
WARNING | 2026-08-26 20:05:26,878 | log | Forbidden: /api/books/
WARNING | 2026-08-26 20:05:26,889 | log | Bad Request: /api/books/
WARNING | 2026-08-26 20:05:29,984 | log | Forbidden: /api/books/999/
WARNING | 2026-08-26 20:05:29,994 | log | Not Found: /api/books/999/
WARNING | 2026-08-26 20:05:33,065 | log | Not Found: /api/carts/
WARNING | 2026-08-26 20:05:33,084 | log | Unauthorized: /api/carts/
WARNING | 2026-08-26 20:05:33,109 | log | Unauthorized: /api/carts/
ERROR | 2026-08-26 20:05:33,148 | log | Internal Server Error: /api/books/
Traceback (most recent call last):
  File "/usr/local/lib/python3.12/site-packages/django/core/handlers/exception.py", line 55, in inner
    response = get_response(request)
               ^^^^^^^^^^^^^^^^^^^^^
  File "/usr/local/lib/python3.12/site-packages/django/core/handlers/base.py", line 198, in _get_response
    response = wrapped_callback(request, *callback_args, **callback_kwargs)
               ^^^^^^^^^^^^^^^^^^^^^^^^^^^^^^^^^^^^^^^^^^^^^^^^^^^^^^^^^^^^
  File "/usr/local/lib/python3.12/site-packages/django/views/decorators/csrf.py", line 65, in _view_wrapper
    return view_func(request, *args, **kwargs)
           ^^^^^^^^^^^^^^^^^^^^^^^^^^^^^^^^^^^
  File "/usr/local/lib/python3.12/site-packages/rest_framework/viewsets.py", line 124, in view
    return self.dispatch(request, *args, **kwargs)
           ^^^^^^^^^^^^^^^^^^^^^^^^^^^^^^^^^^^^^^^
  File "/usr/local/lib/python3.12/site-packages/rest_framework/views.py", line 526, in dispatch
    response = self.handle_exception(exc)
               ^^^^^^^^^^^^^^^^^^^^^^^^^^
  File "/usr/local/lib/python3.12/site-packages/rest_framework/views.py", line 474, in handle_exception
    self.raise_uncaught_exception(exc)
  File "/usr/local/lib/python3.12/site-packages/rest_framework/views.py", line 485, in raise_uncaught_exception
    raise exc
  File "/usr/local/lib/python3.12/site-packages/rest_framework/views.py", line 523, in dispatch
    response = handler(request, *args, **kwargs)
               ^^^^^^^^^^^^^^^^^^^^^^^^^^^^^^^^^
  File "/usr/local/lib/python3.12/site-packages/rest_framework/mixins.py", line 38, in list
    queryset = self.filter_queryset(self.get_queryset())
               ^^^^^^^^^^^^^^^^^^^^^^^^^^^^^^^^^^^^^^^^^
  File "/usr/local/lib/python3.12/site-packages/rest_framework/generics.py", line 154, in filter_queryset
    queryset = backend().filter_queryset(self.request, queryset, self)
               ^^^^^^^^^^^^^^^^^^^^^^^^^^^^^^^^^^^^^^^^^^^^^^^^^^^^^^^
  File "/usr/local/lib/python3.12/site-packages/rest_framework/filters.py", line 158, in filter_queryset
    queryset = queryset.filter(reduce(operator.and_, conditions))
               ^^^^^^^^^^^^^^^^^^^^^^^^^^^^^^^^^^^^^^^^^^^^^^^^^^
  File "/usr/local/lib/python3.12/site-packages/django/db/models/query.py", line 1542, in filter
    return self._filter_or_exclude(False, args, kwargs)
           ^^^^^^^^^^^^^^^^^^^^^^^^^^^^^^^^^^^^^^^^^^^^
  File "/usr/local/lib/python3.12/site-packages/django/db/models/query.py", line 1560, in _filter_or_exclude
    clone._filter_or_exclude_inplace(negate, args, kwargs)
  File "/usr/local/lib/python3.12/site-packages/django/db/models/query.py", line 1570, in _filter_or_exclude_inplace
    self._query.add_q(Q(*args, **kwargs))
  File "/usr/local/lib/python3.12/site-packages/django/db/models/sql/query.py", line 1676, in add_q
    clause, _ = self._add_q(q_object, can_reuse)
                ^^^^^^^^^^^^^^^^^^^^^^^^^^^^^^^^
  File "/usr/local/lib/python3.12/site-packages/django/db/models/sql/query.py", line 1708, in _add_q
    child_clause, needed_inner = self.build_filter(
                                 ^^^^^^^^^^^^^^^^^^
  File "/usr/local/lib/python3.12/site-packages/django/db/models/sql/query.py", line 1533, in build_filter
    return self._add_q(
           ^^^^^^^^^^^^
  File "/usr/local/lib/python3.12/site-packages/django/db/models/sql/query.py", line 1708, in _add_q
    child_clause, needed_inner = self.build_filter(
                                 ^^^^^^^^^^^^^^^^^^
  File "/usr/local/lib/python3.12/site-packages/django/db/models/sql/query.py", line 1556, in build_filter
    lookups, parts, reffed_expression = self.solve_lookup_type(arg, summarize)
                                        ^^^^^^^^^^^^^^^^^^^^^^^^^^^^^^^^^^^^^^
  File "/usr/local/lib/python3.12/site-packages/django/db/models/sql/query.py", line 1363, in solve_lookup_type
    _, field, _, lookup_parts = self.names_to_path(lookup_splitted, self.get_meta())
                                ^^^^^^^^^^^^^^^^^^^^^^^^^^^^^^^^^^^^^^^^^^^^^^^^^^^^
  File "/usr/local/lib/python3.12/site-packages/django/db/models/sql/query.py", line 1842, in names_to_path
    raise FieldError(
django.core.exceptions.FieldError: Cannot resolve keyword 'author_name' into field. Choices are: added_at, amount, author, available, calculated_average, category, id, lastview, orderitem, price, publisher, publisher_id, publisher_year, rating, title
WARNING | 2026-08-26 20:06:26,796 | log | Unauthorized: /api/orders/
WARNING | 2026-08-26 20:06:26,823 | log | Unauthorized: /api/carts/
WARNING | 2026-08-26 20:06:36,149 | log | Unauthorized: /api/token/
WARNING | 2026-08-26 20:06:42,776 | log | Not Found: /api/categories/999/
WARNING | 2026-08-26 20:06:45,990 | log | Forbidden: /api/books/
WARNING | 2026-08-26 20:06:45,998 | log | Bad Request: /api/books/
WARNING | 2026-08-26 20:06:49,031 | log | Forbidden: /api/books/999/
WARNING | 2026-08-26 20:06:49,041 | log | Not Found: /api/books/999/
WARNING | 2026-08-26 20:06:52,112 | log | Not Found: /api/carts/
WARNING | 2026-08-26 20:06:52,133 | log | Unauthorized: /api/carts/
WARNING | 2026-08-26 20:06:52,155 | log | Unauthorized: /api/carts/
ERROR | 2026-08-26 20:06:52,190 | log | Internal Server Error: /api/books/
Traceback (most recent call last):
  File "/usr/local/lib/python3.12/site-packages/django/core/handlers/exception.py", line 55, in inner
    response = get_response(request)
               ^^^^^^^^^^^^^^^^^^^^^
  File "/usr/local/lib/python3.12/site-packages/django/core/handlers/base.py", line 198, in _get_response
    response = wrapped_callback(request, *callback_args, **callback_kwargs)
               ^^^^^^^^^^^^^^^^^^^^^^^^^^^^^^^^^^^^^^^^^^^^^^^^^^^^^^^^^^^^
  File "/usr/local/lib/python3.12/site-packages/django/views/decorators/csrf.py", line 65, in _view_wrapper
    return view_func(request, *args, **kwargs)
           ^^^^^^^^^^^^^^^^^^^^^^^^^^^^^^^^^^^
  File "/usr/local/lib/python3.12/site-packages/rest_framework/viewsets.py", line 124, in view
    return self.dispatch(request, *args, **kwargs)
           ^^^^^^^^^^^^^^^^^^^^^^^^^^^^^^^^^^^^^^^
  File "/usr/local/lib/python3.12/site-packages/rest_framework/views.py", line 526, in dispatch
    response = self.handle_exception(exc)
               ^^^^^^^^^^^^^^^^^^^^^^^^^^
  File "/usr/local/lib/python3.12/site-packages/rest_framework/views.py", line 474, in handle_exception
    self.raise_uncaught_exception(exc)
  File "/usr/local/lib/python3.12/site-packages/rest_framework/views.py", line 485, in raise_uncaught_exception
    raise exc
  File "/usr/local/lib/python3.12/site-packages/rest_framework/views.py", line 523, in dispatch
    response = handler(request, *args, **kwargs)
               ^^^^^^^^^^^^^^^^^^^^^^^^^^^^^^^^^
  File "/usr/local/lib/python3.12/site-packages/rest_framework/mixins.py", line 38, in list
    queryset = self.filter_queryset(self.get_queryset())
               ^^^^^^^^^^^^^^^^^^^^^^^^^^^^^^^^^^^^^^^^^
  File "/usr/local/lib/python3.12/site-packages/rest_framework/generics.py", line 154, in filter_queryset
    queryset = backend().filter_queryset(self.request, queryset, self)
               ^^^^^^^^^^^^^^^^^^^^^^^^^^^^^^^^^^^^^^^^^^^^^^^^^^^^^^^
  File "/usr/local/lib/python3.12/site-packages/rest_framework/filters.py", line 158, in filter_queryset
    queryset = queryset.filter(reduce(operator.and_, conditions))
               ^^^^^^^^^^^^^^^^^^^^^^^^^^^^^^^^^^^^^^^^^^^^^^^^^^
  File "/usr/local/lib/python3.12/site-packages/django/db/models/query.py", line 1542, in filter
    return self._filter_or_exclude(False, args, kwargs)
           ^^^^^^^^^^^^^^^^^^^^^^^^^^^^^^^^^^^^^^^^^^^^
  File "/usr/local/lib/python3.12/site-packages/django/db/models/query.py", line 1560, in _filter_or_exclude
    clone._filter_or_exclude_inplace(negate, args, kwargs)
  File "/usr/local/lib/python3.12/site-packages/django/db/models/query.py", line 1570, in _filter_or_exclude_inplace
    self._query.add_q(Q(*args, **kwargs))
  File "/usr/local/lib/python3.12/site-packages/django/db/models/sql/query.py", line 1676, in add_q
    clause, _ = self._add_q(q_object, can_reuse)
                ^^^^^^^^^^^^^^^^^^^^^^^^^^^^^^^^
  File "/usr/local/lib/python3.12/site-packages/django/db/models/sql/query.py", line 1708, in _add_q
    child_clause, needed_inner = self.build_filter(
                                 ^^^^^^^^^^^^^^^^^^
  File "/usr/local/lib/python3.12/site-packages/django/db/models/sql/query.py", line 1533, in build_filter
    return self._add_q(
           ^^^^^^^^^^^^
  File "/usr/local/lib/python3.12/site-packages/django/db/models/sql/query.py", line 1708, in _add_q
    child_clause, needed_inner = self.build_filter(
                                 ^^^^^^^^^^^^^^^^^^
  File "/usr/local/lib/python3.12/site-packages/django/db/models/sql/query.py", line 1556, in build_filter
    lookups, parts, reffed_expression = self.solve_lookup_type(arg, summarize)
                                        ^^^^^^^^^^^^^^^^^^^^^^^^^^^^^^^^^^^^^^
  File "/usr/local/lib/python3.12/site-packages/django/db/models/sql/query.py", line 1363, in solve_lookup_type
    _, field, _, lookup_parts = self.names_to_path(lookup_splitted, self.get_meta())
                                ^^^^^^^^^^^^^^^^^^^^^^^^^^^^^^^^^^^^^^^^^^^^^^^^^^^^
  File "/usr/local/lib/python3.12/site-packages/django/db/models/sql/query.py", line 1842, in names_to_path
    raise FieldError(
django.core.exceptions.FieldError: Cannot resolve keyword 'author_name' into field. Choices are: added_at, amount, author, available, calculated_average, category, id, lastview, orderitem, price, publisher, publisher_id, publisher_year, rating, title
WARNING | 2026-08-26 20:11:15,811 | log | Unauthorized: /api/orders/
WARNING | 2026-08-26 20:11:15,852 | log | Unauthorized: /api/carts/
WARNING | 2026-08-26 20:11:24,470 | log | Unauthorized: /api/token/
WARNING | 2026-08-26 20:11:27,415 | log | Forbidden: /api/categories/
WARNING | 2026-08-26 20:11:30,295 | log | Forbidden: /api/categories/999/
WARNING | 2026-08-26 20:11:30,302 | log | Not Found: /api/categories/999/
WARNING | 2026-08-26 20:11:33,130 | log | Forbidden: /api/books/
WARNING | 2026-08-26 20:11:33,141 | log | Bad Request: /api/books/
WARNING | 2026-08-26 20:11:36,136 | log | Forbidden: /api/books/999/
WARNING | 2026-08-26 20:11:36,145 | log | Not Found: /api/books/999/
WARNING | 2026-08-26 20:11:39,215 | log | Not Found: /api/carts/
WARNING | 2026-08-26 20:11:39,234 | log | Unauthorized: /api/carts/
WARNING | 2026-08-26 20:11:39,253 | log | Unauthorized: /api/carts/
WARNING | 2026-08-27 19:18:13,004 | log | Unauthorized: /api/orders/
WARNING | 2026-08-27 19:18:13,011 | log | Unauthorized: /api/carts/
WARNING | 2026-08-27 19:18:16,216 | log | Unauthorized: /api/token/
WARNING | 2026-08-27 19:18:17,286 | log | Forbidden: /api/categories/
WARNING | 2026-08-27 19:18:18,365 | log | Forbidden: /api/categories/999/
WARNING | 2026-08-27 19:18:18,367 | log | Not Found: /api/categories/999/
WARNING | 2026-08-27 19:18:19,411 | log | Forbidden: /api/books/
WARNING | 2026-08-27 19:18:19,414 | log | Bad Request: /api/books/
WARNING | 2026-08-27 19:18:20,455 | log | Forbidden: /api/books/999/
WARNING | 2026-08-27 19:18:20,458 | log | Not Found: /api/books/999/
WARNING | 2026-08-27 19:18:21,513 | log | Not Found: /api/carts/
WARNING | 2026-08-27 19:18:21,520 | log | Unauthorized: /api/carts/
WARNING | 2026-08-27 19:18:21,526 | log | Unauthorized: /api/carts/
WARNING | 2026-08-27 19:34:32,460 | log | Unauthorized: /api/orders/
WARNING | 2026-08-27 19:34:32,468 | log | Unauthorized: /api/carts/
WARNING | 2026-08-27 19:34:35,699 | log | Unauthorized: /api/token/
WARNING | 2026-08-27 19:34:36,769 | log | Forbidden: /api/categories/
WARNING | 2026-08-27 19:34:37,828 | log | Forbidden: /api/categories/999/
WARNING | 2026-08-27 19:34:37,830 | log | Not Found: /api/categories/999/
WARNING | 2026-08-27 19:34:38,928 | log | Forbidden: /api/books/
WARNING | 2026-08-27 19:34:38,933 | log | Bad Request: /api/books/
WARNING | 2026-08-27 19:34:39,998 | log | Forbidden: /api/books/999/
WARNING | 2026-08-27 19:34:40,001 | log | Not Found: /api/books/999/
WARNING | 2026-08-27 19:34:41,061 | log | Not Found: /api/carts/
WARNING | 2026-08-27 19:34:41,068 | log | Unauthorized: /api/carts/
WARNING | 2026-08-27 19:34:41,077 | log | Unauthorized: /api/carts/
WARNING | 2026-08-27 19:34:47,501 | log | Not Found: /books/999
WARNING | 2026-08-27 19:34:48,693 | log | Forbidden (Permission denied): /books/add
Traceback (most recent call last):
  File "/usr/local/lib/python3.12/site-packages/django/core/handlers/exception.py", line 55, in inner
    response = get_response(request)
               ^^^^^^^^^^^^^^^^^^^^^
  File "/usr/local/lib/python3.12/site-packages/django/core/handlers/base.py", line 198, in _get_response
    response = wrapped_callback(request, *callback_args, **callback_kwargs)
               ^^^^^^^^^^^^^^^^^^^^^^^^^^^^^^^^^^^^^^^^^^^^^^^^^^^^^^^^^^^^
  File "/usr/local/lib/python3.12/site-packages/django/views/generic/base.py", line 106, in view
    return self.dispatch(request, *args, **kwargs)
           ^^^^^^^^^^^^^^^^^^^^^^^^^^^^^^^^^^^^^^^
  File "/usr/local/lib/python3.12/site-packages/django/contrib/auth/mixins.py", line 135, in dispatch
    return self.handle_no_permission()
           ^^^^^^^^^^^^^^^^^^^^^^^^^^^
  File "/usr/local/lib/python3.12/site-packages/django/contrib/auth/mixins.py", line 49, in handle_no_permission
    raise PermissionDenied(self.get_permission_denied_message())
django.core.exceptions.PermissionDenied
WARNING | 2026-08-27 19:34:49,886 | log | Not Found: /non-existent-url-12345/
ERROR | 2026-09-10 07:42:45,599 | log | Internal Server Error: /api/books/
Traceback (most recent call last):
  File "/Users/rozhchenko/PycharmProjects/Book_shop/.venv/lib/python3.14/site-packages/django_redis/cache.py", line 48, in _decorator
    return method(self, *args, **kwargs)
  File "/Users/rozhchenko/PycharmProjects/Book_shop/.venv/lib/python3.14/site-packages/django_redis/cache.py", line 124, in _get
    return self.client.get(key, default=default, version=version, client=client)
           ~~~~~~~~~~~~~~~^^^^^^^^^^^^^^^^^^^^^^^^^^^^^^^^^^^^^^^^^^^^^^^^^^^^^^
  File "/Users/rozhchenko/PycharmProjects/Book_shop/.venv/lib/python3.14/site-packages/django_redis/client/default.py", line 362, in get
    raise ConnectionInterrupted(connection=client) from e
django_redis.exceptions.ConnectionInterrupted: Redis ConnectionError: Error 8 connecting to redis:6379. nodename nor servname provided, or not known.

During handling of the above exception, another exception occurred:

Traceback (most recent call last):
  File "/Users/rozhchenko/PycharmProjects/Book_shop/.venv/lib/python3.14/site-packages/django/core/handlers/exception.py", line 55, in inner
    response = get_response(request)
  File "/Users/rozhchenko/PycharmProjects/Book_shop/.venv/lib/python3.14/site-packages/django/core/handlers/base.py", line 198, in _get_response
    response = wrapped_callback(request, *callback_args, **callback_kwargs)
  File "/Users/rozhchenko/PycharmProjects/Book_shop/.venv/lib/python3.14/site-packages/django/views/decorators/csrf.py", line 65, in _view_wrapper
    return view_func(request, *args, **kwargs)
  File "/Users/rozhchenko/PycharmProjects/Book_shop/.venv/lib/python3.14/site-packages/rest_framework/viewsets.py", line 124, in view
    return self.dispatch(request, *args, **kwargs)
           ~~~~~~~~~~~~~^^^^^^^^^^^^^^^^^^^^^^^^^^
  File "/Users/rozhchenko/PycharmProjects/Book_shop/.venv/lib/python3.14/site-packages/rest_framework/views.py", line 526, in dispatch
    response = self.handle_exception(exc)
  File "/Users/rozhchenko/PycharmProjects/Book_shop/.venv/lib/python3.14/site-packages/rest_framework/views.py", line 474, in handle_exception
    self.raise_uncaught_exception(exc)
    ~~~~~~~~~~~~~~~~~~~~~~~~~~~~~^^^^^
  File "/Users/rozhchenko/PycharmProjects/Book_shop/.venv/lib/python3.14/site-packages/rest_framework/views.py", line 485, in raise_uncaught_exception
    raise exc
  File "/Users/rozhchenko/PycharmProjects/Book_shop/.venv/lib/python3.14/site-packages/rest_framework/views.py", line 514, in dispatch
    self.initial(request, *args, **kwargs)
    ~~~~~~~~~~~~^^^^^^^^^^^^^^^^^^^^^^^^^^
  File "/Users/rozhchenko/PycharmProjects/Book_shop/.venv/lib/python3.14/site-packages/rest_framework/views.py", line 421, in initial
    self.check_throttles(request)
    ~~~~~~~~~~~~~~~~~~~~^^^^^^^^^
  File "/Users/rozhchenko/PycharmProjects/Book_shop/.venv/lib/python3.14/site-packages/rest_framework/views.py", line 364, in check_throttles
    if not throttle.allow_request(request, self):
           ~~~~~~~~~~~~~~~~~~~~~~^^^^^^^^^^^^^^^
  File "/Users/rozhchenko/PycharmProjects/Book_shop/.venv/lib/python3.14/site-packages/rest_framework/throttling.py", line 123, in allow_request
    self.history = self.cache.get(self.key, [])
                   ~~~~~~~~~~~~~~^^^^^^^^^^^^^^
  File "/Users/rozhchenko/PycharmProjects/Book_shop/.venv/lib/python3.14/site-packages/django_redis/cache.py", line 117, in get
    value = self._get(key, default, version, client)
  File "/Users/rozhchenko/PycharmProjects/Book_shop/.venv/lib/python3.14/site-packages/django_redis/cache.py", line 55, in _decorator
    raise e.__cause__  # type: ignore[misc] # noqa: B904
    ^^^^^^^^^^^^^^^^^
  File "/Users/rozhchenko/PycharmProjects/Book_shop/.venv/lib/python3.14/site-packages/django_redis/client/default.py", line 360, in get
    value = client.get(key)
  File "/Users/rozhchenko/PycharmProjects/Book_shop/.venv/lib/python3.14/site-packages/redis/commands/core.py", line 3200, in get
    return self.execute_command("GET", name, keys=[name])
           ~~~~~~~~~~~~~~~~~~~~^^^^^^^^^^^^^^^^^^^^^^^^^^
  File "/Users/rozhchenko/PycharmProjects/Book_shop/.venv/lib/python3.14/site-packages/redis/client.py", line 867, in execute_command
    return self._execute_command(*args, **options)
           ~~~~~~~~~~~~~~~~~~~~~^^^^^^^^^^^^^^^^^^
  File "/Users/rozhchenko/PycharmProjects/Book_shop/.venv/lib/python3.14/site-packages/redis/client.py", line 873, in _execute_command
    conn = self.connection or pool.get_connection()
                              ~~~~~~~~~~~~~~~~~~~^^
  File "/Users/rozhchenko/PycharmProjects/Book_shop/.venv/lib/python3.14/site-packages/redis/utils.py", line 258, in wrapper
    return func(*args, **kwargs)
  File "/Users/rozhchenko/PycharmProjects/Book_shop/.venv/lib/python3.14/site-packages/redis/connection.py", line 3273, in get_connection
    connection.connect()
    ~~~~~~~~~~~~~~~~~~^^
  File "/Users/rozhchenko/PycharmProjects/Book_shop/.venv/lib/python3.14/site-packages/redis/connection.py", line 1028, in connect
    self.retry.call_with_retry(
    ~~~~~~~~~~~~~~~~~~~~~~~~~~^
        lambda: self.connect_check_health(
        ^^^^^^^^^^^^^^^^^^^^^^^^^^^^^^^^^^
    ...<2 lines>...
        lambda error: self.disconnect(error),
        ^^^^^^^^^^^^^^^^^^^^^^^^^^^^^^^^^^^^^
    )
    ^
  File "/Users/rozhchenko/PycharmProjects/Book_shop/.venv/lib/python3.14/site-packages/redis/retry.py", line 132, in call_with_retry
    raise error
  File "/Users/rozhchenko/PycharmProjects/Book_shop/.venv/lib/python3.14/site-packages/redis/retry.py", line 120, in call_with_retry
    return do()
  File "/Users/rozhchenko/PycharmProjects/Book_shop/.venv/lib/python3.14/site-packages/redis/connection.py", line 1029, in <lambda>
    lambda: self.connect_check_health(
            ~~~~~~~~~~~~~~~~~~~~~~~~~^
        check_health=True, retry_socket_connect=False
        ^^^^^^^^^^^^^^^^^^^^^^^^^^^^^^^^^^^^^^^^^^^^^
    ),
    ^
  File "/Users/rozhchenko/PycharmProjects/Book_shop/.venv/lib/python3.14/site-packages/redis/connection.py", line 1077, in connect_check_health
    raise e
redis.exceptions.ConnectionError: Error 8 connecting to redis:6379. nodename nor servname provided, or not known.
ERROR | 2026-09-10 07:42:46,405 | log | Internal Server Error: /api/categories/
Traceback (most recent call last):
  File "/Users/rozhchenko/PycharmProjects/Book_shop/.venv/lib/python3.14/site-packages/django_redis/cache.py", line 48, in _decorator
    return method(self, *args, **kwargs)
  File "/Users/rozhchenko/PycharmProjects/Book_shop/.venv/lib/python3.14/site-packages/django_redis/cache.py", line 124, in _get
    return self.client.get(key, default=default, version=version, client=client)
           ~~~~~~~~~~~~~~~^^^^^^^^^^^^^^^^^^^^^^^^^^^^^^^^^^^^^^^^^^^^^^^^^^^^^^
  File "/Users/rozhchenko/PycharmProjects/Book_shop/.venv/lib/python3.14/site-packages/django_redis/client/default.py", line 362, in get
    raise ConnectionInterrupted(connection=client) from e
django_redis.exceptions.ConnectionInterrupted: Redis ConnectionError: Error 8 connecting to redis:6379. nodename nor servname provided, or not known.

During handling of the above exception, another exception occurred:

Traceback (most recent call last):
  File "/Users/rozhchenko/PycharmProjects/Book_shop/.venv/lib/python3.14/site-packages/django/core/handlers/exception.py", line 55, in inner
    response = get_response(request)
  File "/Users/rozhchenko/PycharmProjects/Book_shop/.venv/lib/python3.14/site-packages/django/core/handlers/base.py", line 198, in _get_response
    response = wrapped_callback(request, *callback_args, **callback_kwargs)
  File "/Users/rozhchenko/PycharmProjects/Book_shop/.venv/lib/python3.14/site-packages/django/views/decorators/csrf.py", line 65, in _view_wrapper
    return view_func(request, *args, **kwargs)
  File "/Users/rozhchenko/PycharmProjects/Book_shop/.venv/lib/python3.14/site-packages/rest_framework/viewsets.py", line 124, in view
    return self.dispatch(request, *args, **kwargs)
           ~~~~~~~~~~~~~^^^^^^^^^^^^^^^^^^^^^^^^^^
  File "/Users/rozhchenko/PycharmProjects/Book_shop/.venv/lib/python3.14/site-packages/rest_framework/views.py", line 526, in dispatch
    response = self.handle_exception(exc)
  File "/Users/rozhchenko/PycharmProjects/Book_shop/.venv/lib/python3.14/site-packages/rest_framework/views.py", line 474, in handle_exception
    self.raise_uncaught_exception(exc)
    ~~~~~~~~~~~~~~~~~~~~~~~~~~~~~^^^^^
  File "/Users/rozhchenko/PycharmProjects/Book_shop/.venv/lib/python3.14/site-packages/rest_framework/views.py", line 485, in raise_uncaught_exception
    raise exc
  File "/Users/rozhchenko/PycharmProjects/Book_shop/.venv/lib/python3.14/site-packages/rest_framework/views.py", line 514, in dispatch
    self.initial(request, *args, **kwargs)
    ~~~~~~~~~~~~^^^^^^^^^^^^^^^^^^^^^^^^^^
  File "/Users/rozhchenko/PycharmProjects/Book_shop/.venv/lib/python3.14/site-packages/rest_framework/views.py", line 421, in initial
    self.check_throttles(request)
    ~~~~~~~~~~~~~~~~~~~~^^^^^^^^^
  File "/Users/rozhchenko/PycharmProjects/Book_shop/.venv/lib/python3.14/site-packages/rest_framework/views.py", line 364, in check_throttles
    if not throttle.allow_request(request, self):
           ~~~~~~~~~~~~~~~~~~~~~~^^^^^^^^^^^^^^^
  File "/Users/rozhchenko/PycharmProjects/Book_shop/.venv/lib/python3.14/site-packages/rest_framework/throttling.py", line 123, in allow_request
    self.history = self.cache.get(self.key, [])
                   ~~~~~~~~~~~~~~^^^^^^^^^^^^^^
  File "/Users/rozhchenko/PycharmProjects/Book_shop/.venv/lib/python3.14/site-packages/django_redis/cache.py", line 117, in get
    value = self._get(key, default, version, client)
  File "/Users/rozhchenko/PycharmProjects/Book_shop/.venv/lib/python3.14/site-packages/django_redis/cache.py", line 55, in _decorator
    raise e.__cause__  # type: ignore[misc] # noqa: B904
    ^^^^^^^^^^^^^^^^^
  File "/Users/rozhchenko/PycharmProjects/Book_shop/.venv/lib/python3.14/site-packages/django_redis/client/default.py", line 360, in get
    value = client.get(key)
  File "/Users/rozhchenko/PycharmProjects/Book_shop/.venv/lib/python3.14/site-packages/redis/commands/core.py", line 3200, in get
    return self.execute_command("GET", name, keys=[name])
           ~~~~~~~~~~~~~~~~~~~~^^^^^^^^^^^^^^^^^^^^^^^^^^
  File "/Users/rozhchenko/PycharmProjects/Book_shop/.venv/lib/python3.14/site-packages/redis/client.py", line 867, in execute_command
    return self._execute_command(*args, **options)
           ~~~~~~~~~~~~~~~~~~~~~^^^^^^^^^^^^^^^^^^
  File "/Users/rozhchenko/PycharmProjects/Book_shop/.venv/lib/python3.14/site-packages/redis/client.py", line 873, in _execute_command
    conn = self.connection or pool.get_connection()
                              ~~~~~~~~~~~~~~~~~~~^^
  File "/Users/rozhchenko/PycharmProjects/Book_shop/.venv/lib/python3.14/site-packages/redis/utils.py", line 258, in wrapper
    return func(*args, **kwargs)
  File "/Users/rozhchenko/PycharmProjects/Book_shop/.venv/lib/python3.14/site-packages/redis/connection.py", line 3273, in get_connection
    connection.connect()
    ~~~~~~~~~~~~~~~~~~^^
  File "/Users/rozhchenko/PycharmProjects/Book_shop/.venv/lib/python3.14/site-packages/redis/connection.py", line 1028, in connect
    self.retry.call_with_retry(
    ~~~~~~~~~~~~~~~~~~~~~~~~~~^
        lambda: self.connect_check_health(
        ^^^^^^^^^^^^^^^^^^^^^^^^^^^^^^^^^^
    ...<2 lines>...
        lambda error: self.disconnect(error),
        ^^^^^^^^^^^^^^^^^^^^^^^^^^^^^^^^^^^^^
    )
    ^
  File "/Users/rozhchenko/PycharmProjects/Book_shop/.venv/lib/python3.14/site-packages/redis/retry.py", line 132, in call_with_retry
    raise error
  File "/Users/rozhchenko/PycharmProjects/Book_shop/.venv/lib/python3.14/site-packages/redis/retry.py", line 120, in call_with_retry
    return do()
  File "/Users/rozhchenko/PycharmProjects/Book_shop/.venv/lib/python3.14/site-packages/redis/connection.py", line 1029, in <lambda>
    lambda: self.connect_check_health(
            ~~~~~~~~~~~~~~~~~~~~~~~~~^
        check_health=True, retry_socket_connect=False
        ^^^^^^^^^^^^^^^^^^^^^^^^^^^^^^^^^^^^^^^^^^^^^
    ),
    ^
  File "/Users/rozhchenko/PycharmProjects/Book_shop/.venv/lib/python3.14/site-packages/redis/connection.py", line 1077, in connect_check_health
    raise e
redis.exceptions.ConnectionError: Error 8 connecting to redis:6379. nodename nor servname provided, or not known.
ERROR | 2026-09-10 07:42:47,058 | log | Internal Server Error: /api/docs/
Traceback (most recent call last):
  File "/Users/rozhchenko/PycharmProjects/Book_shop/.venv/lib/python3.14/site-packages/django_redis/cache.py", line 48, in _decorator
    return method(self, *args, **kwargs)
  File "/Users/rozhchenko/PycharmProjects/Book_shop/.venv/lib/python3.14/site-packages/django_redis/cache.py", line 124, in _get
    return self.client.get(key, default=default, version=version, client=client)
           ~~~~~~~~~~~~~~~^^^^^^^^^^^^^^^^^^^^^^^^^^^^^^^^^^^^^^^^^^^^^^^^^^^^^^
  File "/Users/rozhchenko/PycharmProjects/Book_shop/.venv/lib/python3.14/site-packages/django_redis/client/default.py", line 362, in get
    raise ConnectionInterrupted(connection=client) from e
django_redis.exceptions.ConnectionInterrupted: Redis ConnectionError: Error 8 connecting to redis:6379. nodename nor servname provided, or not known.

During handling of the above exception, another exception occurred:

Traceback (most recent call last):
  File "/Users/rozhchenko/PycharmProjects/Book_shop/.venv/lib/python3.14/site-packages/django/core/handlers/exception.py", line 55, in inner
    response = get_response(request)
  File "/Users/rozhchenko/PycharmProjects/Book_shop/.venv/lib/python3.14/site-packages/django/core/handlers/base.py", line 198, in _get_response
    response = wrapped_callback(request, *callback_args, **callback_kwargs)
  File "/Users/rozhchenko/PycharmProjects/Book_shop/.venv/lib/python3.14/site-packages/django/views/decorators/csrf.py", line 65, in _view_wrapper
    return view_func(request, *args, **kwargs)
  File "/Users/rozhchenko/PycharmProjects/Book_shop/.venv/lib/python3.14/site-packages/django/views/generic/base.py", line 106, in view
    return self.dispatch(request, *args, **kwargs)
           ~~~~~~~~~~~~~^^^^^^^^^^^^^^^^^^^^^^^^^^
  File "/Users/rozhchenko/PycharmProjects/Book_shop/.venv/lib/python3.14/site-packages/rest_framework/views.py", line 526, in dispatch
    response = self.handle_exception(exc)
  File "/Users/rozhchenko/PycharmProjects/Book_shop/.venv/lib/python3.14/site-packages/rest_framework/views.py", line 474, in handle_exception
    self.raise_uncaught_exception(exc)
    ~~~~~~~~~~~~~~~~~~~~~~~~~~~~~^^^^^
  File "/Users/rozhchenko/PycharmProjects/Book_shop/.venv/lib/python3.14/site-packages/rest_framework/views.py", line 485, in raise_uncaught_exception
    raise exc
  File "/Users/rozhchenko/PycharmProjects/Book_shop/.venv/lib/python3.14/site-packages/rest_framework/views.py", line 514, in dispatch
    self.initial(request, *args, **kwargs)
    ~~~~~~~~~~~~^^^^^^^^^^^^^^^^^^^^^^^^^^
  File "/Users/rozhchenko/PycharmProjects/Book_shop/.venv/lib/python3.14/site-packages/rest_framework/views.py", line 421, in initial
    self.check_throttles(request)
    ~~~~~~~~~~~~~~~~~~~~^^^^^^^^^
  File "/Users/rozhchenko/PycharmProjects/Book_shop/.venv/lib/python3.14/site-packages/rest_framework/views.py", line 364, in check_throttles
    if not throttle.allow_request(request, self):
           ~~~~~~~~~~~~~~~~~~~~~~^^^^^^^^^^^^^^^
  File "/Users/rozhchenko/PycharmProjects/Book_shop/.venv/lib/python3.14/site-packages/rest_framework/throttling.py", line 123, in allow_request
    self.history = self.cache.get(self.key, [])
                   ~~~~~~~~~~~~~~^^^^^^^^^^^^^^
  File "/Users/rozhchenko/PycharmProjects/Book_shop/.venv/lib/python3.14/site-packages/django_redis/cache.py", line 117, in get
    value = self._get(key, default, version, client)
  File "/Users/rozhchenko/PycharmProjects/Book_shop/.venv/lib/python3.14/site-packages/django_redis/cache.py", line 55, in _decorator
    raise e.__cause__  # type: ignore[misc] # noqa: B904
    ^^^^^^^^^^^^^^^^^
  File "/Users/rozhchenko/PycharmProjects/Book_shop/.venv/lib/python3.14/site-packages/django_redis/client/default.py", line 360, in get
    value = client.get(key)
  File "/Users/rozhchenko/PycharmProjects/Book_shop/.venv/lib/python3.14/site-packages/redis/commands/core.py", line 3200, in get
    return self.execute_command("GET", name, keys=[name])
           ~~~~~~~~~~~~~~~~~~~~^^^^^^^^^^^^^^^^^^^^^^^^^^
  File "/Users/rozhchenko/PycharmProjects/Book_shop/.venv/lib/python3.14/site-packages/redis/client.py", line 867, in execute_command
    return self._execute_command(*args, **options)
           ~~~~~~~~~~~~~~~~~~~~~^^^^^^^^^^^^^^^^^^
  File "/Users/rozhchenko/PycharmProjects/Book_shop/.venv/lib/python3.14/site-packages/redis/client.py", line 873, in _execute_command
    conn = self.connection or pool.get_connection()
                              ~~~~~~~~~~~~~~~~~~~^^
  File "/Users/rozhchenko/PycharmProjects/Book_shop/.venv/lib/python3.14/site-packages/redis/utils.py", line 258, in wrapper
    return func(*args, **kwargs)
  File "/Users/rozhchenko/PycharmProjects/Book_shop/.venv/lib/python3.14/site-packages/redis/connection.py", line 3273, in get_connection
    connection.connect()
    ~~~~~~~~~~~~~~~~~~^^
  File "/Users/rozhchenko/PycharmProjects/Book_shop/.venv/lib/python3.14/site-packages/redis/connection.py", line 1028, in connect
    self.retry.call_with_retry(
    ~~~~~~~~~~~~~~~~~~~~~~~~~~^
        lambda: self.connect_check_health(
        ^^^^^^^^^^^^^^^^^^^^^^^^^^^^^^^^^^
    ...<2 lines>...
        lambda error: self.disconnect(error),
        ^^^^^^^^^^^^^^^^^^^^^^^^^^^^^^^^^^^^^
    )
    ^
  File "/Users/rozhchenko/PycharmProjects/Book_shop/.venv/lib/python3.14/site-packages/redis/retry.py", line 132, in call_with_retry
    raise error
  File "/Users/rozhchenko/PycharmProjects/Book_shop/.venv/lib/python3.14/site-packages/redis/retry.py", line 120, in call_with_retry
    return do()
  File "/Users/rozhchenko/PycharmProjects/Book_shop/.venv/lib/python3.14/site-packages/redis/connection.py", line 1029, in <lambda>
    lambda: self.connect_check_health(
            ~~~~~~~~~~~~~~~~~~~~~~~~~^
        check_health=True, retry_socket_connect=False
        ^^^^^^^^^^^^^^^^^^^^^^^^^^^^^^^^^^^^^^^^^^^^^
    ),
    ^
  File "/Users/rozhchenko/PycharmProjects/Book_shop/.venv/lib/python3.14/site-packages/redis/connection.py", line 1077, in connect_check_health
    raise e
redis.exceptions.ConnectionError: Error 8 connecting to redis:6379. nodename nor servname provided, or not known.
WARNING | 2026-09-10 07:42:47,715 | log | Unauthorized: /api/orders/
WARNING | 2026-09-10 07:42:47,773 | log | Unauthorized: /api/carts/
ERROR | 2026-09-10 07:42:49,035 | log | Internal Server Error: /api/orders/
Traceback (most recent call last):
  File "/Users/rozhchenko/PycharmProjects/Book_shop/.venv/lib/python3.14/site-packages/django_redis/cache.py", line 48, in _decorator
    return method(self, *args, **kwargs)
  File "/Users/rozhchenko/PycharmProjects/Book_shop/.venv/lib/python3.14/site-packages/django_redis/cache.py", line 124, in _get
    return self.client.get(key, default=default, version=version, client=client)
           ~~~~~~~~~~~~~~~^^^^^^^^^^^^^^^^^^^^^^^^^^^^^^^^^^^^^^^^^^^^^^^^^^^^^^
  File "/Users/rozhchenko/PycharmProjects/Book_shop/.venv/lib/python3.14/site-packages/django_redis/client/default.py", line 362, in get
    raise ConnectionInterrupted(connection=client) from e
django_redis.exceptions.ConnectionInterrupted: Redis ConnectionError: Error 8 connecting to redis:6379. nodename nor servname provided, or not known.

During handling of the above exception, another exception occurred:

Traceback (most recent call last):
  File "/Users/rozhchenko/PycharmProjects/Book_shop/.venv/lib/python3.14/site-packages/django/core/handlers/exception.py", line 55, in inner
    response = get_response(request)
  File "/Users/rozhchenko/PycharmProjects/Book_shop/.venv/lib/python3.14/site-packages/django/core/handlers/base.py", line 198, in _get_response
    response = wrapped_callback(request, *callback_args, **callback_kwargs)
  File "/Users/rozhchenko/PycharmProjects/Book_shop/.venv/lib/python3.14/site-packages/django/views/decorators/csrf.py", line 65, in _view_wrapper
    return view_func(request, *args, **kwargs)
  File "/Users/rozhchenko/PycharmProjects/Book_shop/.venv/lib/python3.14/site-packages/rest_framework/viewsets.py", line 124, in view
    return self.dispatch(request, *args, **kwargs)
           ~~~~~~~~~~~~~^^^^^^^^^^^^^^^^^^^^^^^^^^
  File "/Users/rozhchenko/PycharmProjects/Book_shop/.venv/lib/python3.14/site-packages/rest_framework/views.py", line 526, in dispatch
    response = self.handle_exception(exc)
  File "/Users/rozhchenko/PycharmProjects/Book_shop/.venv/lib/python3.14/site-packages/rest_framework/views.py", line 474, in handle_exception
    self.raise_uncaught_exception(exc)
    ~~~~~~~~~~~~~~~~~~~~~~~~~~~~~^^^^^
  File "/Users/rozhchenko/PycharmProjects/Book_shop/.venv/lib/python3.14/site-packages/rest_framework/views.py", line 485, in raise_uncaught_exception
    raise exc
  File "/Users/rozhchenko/PycharmProjects/Book_shop/.venv/lib/python3.14/site-packages/rest_framework/views.py", line 514, in dispatch
    self.initial(request, *args, **kwargs)
    ~~~~~~~~~~~~^^^^^^^^^^^^^^^^^^^^^^^^^^
  File "/Users/rozhchenko/PycharmProjects/Book_shop/.venv/lib/python3.14/site-packages/rest_framework/views.py", line 421, in initial
    self.check_throttles(request)
    ~~~~~~~~~~~~~~~~~~~~^^^^^^^^^
  File "/Users/rozhchenko/PycharmProjects/Book_shop/.venv/lib/python3.14/site-packages/rest_framework/views.py", line 364, in check_throttles
    if not throttle.allow_request(request, self):
           ~~~~~~~~~~~~~~~~~~~~~~^^^^^^^^^^^^^^^
  File "/Users/rozhchenko/PycharmProjects/Book_shop/.venv/lib/python3.14/site-packages/rest_framework/throttling.py", line 123, in allow_request
    self.history = self.cache.get(self.key, [])
                   ~~~~~~~~~~~~~~^^^^^^^^^^^^^^
  File "/Users/rozhchenko/PycharmProjects/Book_shop/.venv/lib/python3.14/site-packages/django_redis/cache.py", line 117, in get
    value = self._get(key, default, version, client)
  File "/Users/rozhchenko/PycharmProjects/Book_shop/.venv/lib/python3.14/site-packages/django_redis/cache.py", line 55, in _decorator
    raise e.__cause__  # type: ignore[misc] # noqa: B904
    ^^^^^^^^^^^^^^^^^
  File "/Users/rozhchenko/PycharmProjects/Book_shop/.venv/lib/python3.14/site-packages/django_redis/client/default.py", line 360, in get
    value = client.get(key)
  File "/Users/rozhchenko/PycharmProjects/Book_shop/.venv/lib/python3.14/site-packages/redis/commands/core.py", line 3200, in get
    return self.execute_command("GET", name, keys=[name])
           ~~~~~~~~~~~~~~~~~~~~^^^^^^^^^^^^^^^^^^^^^^^^^^
  File "/Users/rozhchenko/PycharmProjects/Book_shop/.venv/lib/python3.14/site-packages/redis/client.py", line 867, in execute_command
    return self._execute_command(*args, **options)
           ~~~~~~~~~~~~~~~~~~~~~^^^^^^^^^^^^^^^^^^
  File "/Users/rozhchenko/PycharmProjects/Book_shop/.venv/lib/python3.14/site-packages/redis/client.py", line 873, in _execute_command
    conn = self.connection or pool.get_connection()
                              ~~~~~~~~~~~~~~~~~~~^^
  File "/Users/rozhchenko/PycharmProjects/Book_shop/.venv/lib/python3.14/site-packages/redis/utils.py", line 258, in wrapper
    return func(*args, **kwargs)
  File "/Users/rozhchenko/PycharmProjects/Book_shop/.venv/lib/python3.14/site-packages/redis/connection.py", line 3273, in get_connection
    connection.connect()
    ~~~~~~~~~~~~~~~~~~^^
  File "/Users/rozhchenko/PycharmProjects/Book_shop/.venv/lib/python3.14/site-packages/redis/connection.py", line 1028, in connect
    self.retry.call_with_retry(
    ~~~~~~~~~~~~~~~~~~~~~~~~~~^
        lambda: self.connect_check_health(
        ^^^^^^^^^^^^^^^^^^^^^^^^^^^^^^^^^^
    ...<2 lines>...
        lambda error: self.disconnect(error),
        ^^^^^^^^^^^^^^^^^^^^^^^^^^^^^^^^^^^^^
    )
    ^
  File "/Users/rozhchenko/PycharmProjects/Book_shop/.venv/lib/python3.14/site-packages/redis/retry.py", line 132, in call_with_retry
    raise error
  File "/Users/rozhchenko/PycharmProjects/Book_shop/.venv/lib/python3.14/site-packages/redis/retry.py", line 120, in call_with_retry
    return do()
  File "/Users/rozhchenko/PycharmProjects/Book_shop/.venv/lib/python3.14/site-packages/redis/connection.py", line 1029, in <lambda>
    lambda: self.connect_check_health(
            ~~~~~~~~~~~~~~~~~~~~~~~~~^
        check_health=True, retry_socket_connect=False
        ^^^^^^^^^^^^^^^^^^^^^^^^^^^^^^^^^^^^^^^^^^^^^
    ),
    ^
  File "/Users/rozhchenko/PycharmProjects/Book_shop/.venv/lib/python3.14/site-packages/redis/connection.py", line 1077, in connect_check_health
    raise e
redis.exceptions.ConnectionError: Error 8 connecting to redis:6379. nodename nor servname provided, or not known.
ERROR | 2026-09-10 07:42:50,885 | log | Internal Server Error: /api/carts/
Traceback (most recent call last):
  File "/Users/rozhchenko/PycharmProjects/Book_shop/.venv/lib/python3.14/site-packages/django_redis/cache.py", line 48, in _decorator
    return method(self, *args, **kwargs)
  File "/Users/rozhchenko/PycharmProjects/Book_shop/.venv/lib/python3.14/site-packages/django_redis/cache.py", line 124, in _get
    return self.client.get(key, default=default, version=version, client=client)
           ~~~~~~~~~~~~~~~^^^^^^^^^^^^^^^^^^^^^^^^^^^^^^^^^^^^^^^^^^^^^^^^^^^^^^
  File "/Users/rozhchenko/PycharmProjects/Book_shop/.venv/lib/python3.14/site-packages/django_redis/client/default.py", line 362, in get
    raise ConnectionInterrupted(connection=client) from e
django_redis.exceptions.ConnectionInterrupted: Redis ConnectionError: Error 8 connecting to redis:6379. nodename nor servname provided, or not known.

During handling of the above exception, another exception occurred:

Traceback (most recent call last):
  File "/Users/rozhchenko/PycharmProjects/Book_shop/.venv/lib/python3.14/site-packages/django/core/handlers/exception.py", line 55, in inner
    response = get_response(request)
  File "/Users/rozhchenko/PycharmProjects/Book_shop/.venv/lib/python3.14/site-packages/django/core/handlers/base.py", line 198, in _get_response
    response = wrapped_callback(request, *callback_args, **callback_kwargs)
  File "/Users/rozhchenko/PycharmProjects/Book_shop/.venv/lib/python3.14/site-packages/django/views/decorators/csrf.py", line 65, in _view_wrapper
    return view_func(request, *args, **kwargs)
  File "/Users/rozhchenko/PycharmProjects/Book_shop/.venv/lib/python3.14/site-packages/rest_framework/viewsets.py", line 124, in view
    return self.dispatch(request, *args, **kwargs)
           ~~~~~~~~~~~~~^^^^^^^^^^^^^^^^^^^^^^^^^^
  File "/Users/rozhchenko/PycharmProjects/Book_shop/.venv/lib/python3.14/site-packages/rest_framework/views.py", line 526, in dispatch
    response = self.handle_exception(exc)
  File "/Users/rozhchenko/PycharmProjects/Book_shop/.venv/lib/python3.14/site-packages/rest_framework/views.py", line 474, in handle_exception
    self.raise_uncaught_exception(exc)
    ~~~~~~~~~~~~~~~~~~~~~~~~~~~~~^^^^^
  File "/Users/rozhchenko/PycharmProjects/Book_shop/.venv/lib/python3.14/site-packages/rest_framework/views.py", line 485, in raise_uncaught_exception
    raise exc
  File "/Users/rozhchenko/PycharmProjects/Book_shop/.venv/lib/python3.14/site-packages/rest_framework/views.py", line 514, in dispatch
    self.initial(request, *args, **kwargs)
    ~~~~~~~~~~~~^^^^^^^^^^^^^^^^^^^^^^^^^^
  File "/Users/rozhchenko/PycharmProjects/Book_shop/.venv/lib/python3.14/site-packages/rest_framework/views.py", line 421, in initial
    self.check_throttles(request)
    ~~~~~~~~~~~~~~~~~~~~^^^^^^^^^
  File "/Users/rozhchenko/PycharmProjects/Book_shop/.venv/lib/python3.14/site-packages/rest_framework/views.py", line 364, in check_throttles
    if not throttle.allow_request(request, self):
           ~~~~~~~~~~~~~~~~~~~~~~^^^^^^^^^^^^^^^
  File "/Users/rozhchenko/PycharmProjects/Book_shop/.venv/lib/python3.14/site-packages/rest_framework/throttling.py", line 123, in allow_request
    self.history = self.cache.get(self.key, [])
                   ~~~~~~~~~~~~~~^^^^^^^^^^^^^^
  File "/Users/rozhchenko/PycharmProjects/Book_shop/.venv/lib/python3.14/site-packages/django_redis/cache.py", line 117, in get
    value = self._get(key, default, version, client)
  File "/Users/rozhchenko/PycharmProjects/Book_shop/.venv/lib/python3.14/site-packages/django_redis/cache.py", line 55, in _decorator
    raise e.__cause__  # type: ignore[misc] # noqa: B904
    ^^^^^^^^^^^^^^^^^
  File "/Users/rozhchenko/PycharmProjects/Book_shop/.venv/lib/python3.14/site-packages/django_redis/client/default.py", line 360, in get
    value = client.get(key)
  File "/Users/rozhchenko/PycharmProjects/Book_shop/.venv/lib/python3.14/site-packages/redis/commands/core.py", line 3200, in get
    return self.execute_command("GET", name, keys=[name])
           ~~~~~~~~~~~~~~~~~~~~^^^^^^^^^^^^^^^^^^^^^^^^^^
  File "/Users/rozhchenko/PycharmProjects/Book_shop/.venv/lib/python3.14/site-packages/redis/client.py", line 867, in execute_command
    return self._execute_command(*args, **options)
           ~~~~~~~~~~~~~~~~~~~~~^^^^^^^^^^^^^^^^^^
  File "/Users/rozhchenko/PycharmProjects/Book_shop/.venv/lib/python3.14/site-packages/redis/client.py", line 873, in _execute_command
    conn = self.connection or pool.get_connection()
                              ~~~~~~~~~~~~~~~~~~~^^
  File "/Users/rozhchenko/PycharmProjects/Book_shop/.venv/lib/python3.14/site-packages/redis/utils.py", line 258, in wrapper
    return func(*args, **kwargs)
  File "/Users/rozhchenko/PycharmProjects/Book_shop/.venv/lib/python3.14/site-packages/redis/connection.py", line 3273, in get_connection
    connection.connect()
    ~~~~~~~~~~~~~~~~~~^^
  File "/Users/rozhchenko/PycharmProjects/Book_shop/.venv/lib/python3.14/site-packages/redis/connection.py", line 1028, in connect
    self.retry.call_with_retry(
    ~~~~~~~~~~~~~~~~~~~~~~~~~~^
        lambda: self.connect_check_health(
        ^^^^^^^^^^^^^^^^^^^^^^^^^^^^^^^^^^
    ...<2 lines>...
        lambda error: self.disconnect(error),
        ^^^^^^^^^^^^^^^^^^^^^^^^^^^^^^^^^^^^^
    )
    ^
  File "/Users/rozhchenko/PycharmProjects/Book_shop/.venv/lib/python3.14/site-packages/redis/retry.py", line 132, in call_with_retry
    raise error
  File "/Users/rozhchenko/PycharmProjects/Book_shop/.venv/lib/python3.14/site-packages/redis/retry.py", line 120, in call_with_retry
    return do()
  File "/Users/rozhchenko/PycharmProjects/Book_shop/.venv/lib/python3.14/site-packages/redis/connection.py", line 1029, in <lambda>
    lambda: self.connect_check_health(
            ~~~~~~~~~~~~~~~~~~~~~~~~~^
        check_health=True, retry_socket_connect=False
        ^^^^^^^^^^^^^^^^^^^^^^^^^^^^^^^^^^^^^^^^^^^^^
    ),
    ^
  File "/Users/rozhchenko/PycharmProjects/Book_shop/.venv/lib/python3.14/site-packages/redis/connection.py", line 1077, in connect_check_health
    raise e
redis.exceptions.ConnectionError: Error 8 connecting to redis:6379. nodename nor servname provided, or not known.
ERROR | 2026-09-10 07:42:52,810 | log | Internal Server Error: /api/token/
Traceback (most recent call last):
  File "/Users/rozhchenko/PycharmProjects/Book_shop/.venv/lib/python3.14/site-packages/django_redis/cache.py", line 48, in _decorator
    return method(self, *args, **kwargs)
  File "/Users/rozhchenko/PycharmProjects/Book_shop/.venv/lib/python3.14/site-packages/django_redis/cache.py", line 124, in _get
    return self.client.get(key, default=default, version=version, client=client)
           ~~~~~~~~~~~~~~~^^^^^^^^^^^^^^^^^^^^^^^^^^^^^^^^^^^^^^^^^^^^^^^^^^^^^^
  File "/Users/rozhchenko/PycharmProjects/Book_shop/.venv/lib/python3.14/site-packages/django_redis/client/default.py", line 362, in get
    raise ConnectionInterrupted(connection=client) from e
django_redis.exceptions.ConnectionInterrupted: Redis ConnectionError: Error 8 connecting to redis:6379. nodename nor servname provided, or not known.

During handling of the above exception, another exception occurred:

Traceback (most recent call last):
  File "/Users/rozhchenko/PycharmProjects/Book_shop/.venv/lib/python3.14/site-packages/django/core/handlers/exception.py", line 55, in inner
    response = get_response(request)
  File "/Users/rozhchenko/PycharmProjects/Book_shop/.venv/lib/python3.14/site-packages/django/core/handlers/base.py", line 198, in _get_response
    response = wrapped_callback(request, *callback_args, **callback_kwargs)
  File "/Users/rozhchenko/PycharmProjects/Book_shop/.venv/lib/python3.14/site-packages/django/views/decorators/csrf.py", line 65, in _view_wrapper
    return view_func(request, *args, **kwargs)
  File "/Users/rozhchenko/PycharmProjects/Book_shop/.venv/lib/python3.14/site-packages/django/views/generic/base.py", line 106, in view
    return self.dispatch(request, *args, **kwargs)
           ~~~~~~~~~~~~~^^^^^^^^^^^^^^^^^^^^^^^^^^
  File "/Users/rozhchenko/PycharmProjects/Book_shop/.venv/lib/python3.14/site-packages/rest_framework/views.py", line 526, in dispatch
    response = self.handle_exception(exc)
  File "/Users/rozhchenko/PycharmProjects/Book_shop/.venv/lib/python3.14/site-packages/rest_framework/views.py", line 474, in handle_exception
    self.raise_uncaught_exception(exc)
    ~~~~~~~~~~~~~~~~~~~~~~~~~~~~~^^^^^
  File "/Users/rozhchenko/PycharmProjects/Book_shop/.venv/lib/python3.14/site-packages/rest_framework/views.py", line 485, in raise_uncaught_exception
    raise exc
  File "/Users/rozhchenko/PycharmProjects/Book_shop/.venv/lib/python3.14/site-packages/rest_framework/views.py", line 514, in dispatch
    self.initial(request, *args, **kwargs)
    ~~~~~~~~~~~~^^^^^^^^^^^^^^^^^^^^^^^^^^
  File "/Users/rozhchenko/PycharmProjects/Book_shop/.venv/lib/python3.14/site-packages/rest_framework/views.py", line 421, in initial
    self.check_throttles(request)
    ~~~~~~~~~~~~~~~~~~~~^^^^^^^^^
  File "/Users/rozhchenko/PycharmProjects/Book_shop/.venv/lib/python3.14/site-packages/rest_framework/views.py", line 364, in check_throttles
    if not throttle.allow_request(request, self):
           ~~~~~~~~~~~~~~~~~~~~~~^^^^^^^^^^^^^^^
  File "/Users/rozhchenko/PycharmProjects/Book_shop/.venv/lib/python3.14/site-packages/rest_framework/throttling.py", line 123, in allow_request
    self.history = self.cache.get(self.key, [])
                   ~~~~~~~~~~~~~~^^^^^^^^^^^^^^
  File "/Users/rozhchenko/PycharmProjects/Book_shop/.venv/lib/python3.14/site-packages/django_redis/cache.py", line 117, in get
    value = self._get(key, default, version, client)
  File "/Users/rozhchenko/PycharmProjects/Book_shop/.venv/lib/python3.14/site-packages/django_redis/cache.py", line 55, in _decorator
    raise e.__cause__  # type: ignore[misc] # noqa: B904
    ^^^^^^^^^^^^^^^^^
  File "/Users/rozhchenko/PycharmProjects/Book_shop/.venv/lib/python3.14/site-packages/django_redis/client/default.py", line 360, in get
    value = client.get(key)
  File "/Users/rozhchenko/PycharmProjects/Book_shop/.venv/lib/python3.14/site-packages/redis/commands/core.py", line 3200, in get
    return self.execute_command("GET", name, keys=[name])
           ~~~~~~~~~~~~~~~~~~~~^^^^^^^^^^^^^^^^^^^^^^^^^^
  File "/Users/rozhchenko/PycharmProjects/Book_shop/.venv/lib/python3.14/site-packages/redis/client.py", line 867, in execute_command
    return self._execute_command(*args, **options)
           ~~~~~~~~~~~~~~~~~~~~~^^^^^^^^^^^^^^^^^^
  File "/Users/rozhchenko/PycharmProjects/Book_shop/.venv/lib/python3.14/site-packages/redis/client.py", line 873, in _execute_command
    conn = self.connection or pool.get_connection()
                              ~~~~~~~~~~~~~~~~~~~^^
  File "/Users/rozhchenko/PycharmProjects/Book_shop/.venv/lib/python3.14/site-packages/redis/utils.py", line 258, in wrapper
    return func(*args, **kwargs)
  File "/Users/rozhchenko/PycharmProjects/Book_shop/.venv/lib/python3.14/site-packages/redis/connection.py", line 3273, in get_connection
    connection.connect()
    ~~~~~~~~~~~~~~~~~~^^
  File "/Users/rozhchenko/PycharmProjects/Book_shop/.venv/lib/python3.14/site-packages/redis/connection.py", line 1028, in connect
    self.retry.call_with_retry(
    ~~~~~~~~~~~~~~~~~~~~~~~~~~^
        lambda: self.connect_check_health(
        ^^^^^^^^^^^^^^^^^^^^^^^^^^^^^^^^^^
    ...<2 lines>...
        lambda error: self.disconnect(error),
        ^^^^^^^^^^^^^^^^^^^^^^^^^^^^^^^^^^^^^
    )
    ^
  File "/Users/rozhchenko/PycharmProjects/Book_shop/.venv/lib/python3.14/site-packages/redis/retry.py", line 132, in call_with_retry
    raise error
  File "/Users/rozhchenko/PycharmProjects/Book_shop/.venv/lib/python3.14/site-packages/redis/retry.py", line 120, in call_with_retry
    return do()
  File "/Users/rozhchenko/PycharmProjects/Book_shop/.venv/lib/python3.14/site-packages/redis/connection.py", line 1029, in <lambda>
    lambda: self.connect_check_health(
            ~~~~~~~~~~~~~~~~~~~~~~~~~^
        check_health=True, retry_socket_connect=False
        ^^^^^^^^^^^^^^^^^^^^^^^^^^^^^^^^^^^^^^^^^^^^^
    ),
    ^
  File "/Users/rozhchenko/PycharmProjects/Book_shop/.venv/lib/python3.14/site-packages/redis/connection.py", line 1077, in connect_check_health
    raise e
redis.exceptions.ConnectionError: Error 8 connecting to redis:6379. nodename nor servname provided, or not known.
ERROR | 2026-09-10 07:42:53,448 | log | Internal Server Error: /api/token/
Traceback (most recent call last):
  File "/Users/rozhchenko/PycharmProjects/Book_shop/.venv/lib/python3.14/site-packages/django_redis/cache.py", line 48, in _decorator
    return method(self, *args, **kwargs)
  File "/Users/rozhchenko/PycharmProjects/Book_shop/.venv/lib/python3.14/site-packages/django_redis/cache.py", line 124, in _get
    return self.client.get(key, default=default, version=version, client=client)
           ~~~~~~~~~~~~~~~^^^^^^^^^^^^^^^^^^^^^^^^^^^^^^^^^^^^^^^^^^^^^^^^^^^^^^
  File "/Users/rozhchenko/PycharmProjects/Book_shop/.venv/lib/python3.14/site-packages/django_redis/client/default.py", line 362, in get
    raise ConnectionInterrupted(connection=client) from e
django_redis.exceptions.ConnectionInterrupted: Redis ConnectionError: Error 8 connecting to redis:6379. nodename nor servname provided, or not known.

During handling of the above exception, another exception occurred:

Traceback (most recent call last):
  File "/Users/rozhchenko/PycharmProjects/Book_shop/.venv/lib/python3.14/site-packages/django/core/handlers/exception.py", line 55, in inner
    response = get_response(request)
  File "/Users/rozhchenko/PycharmProjects/Book_shop/.venv/lib/python3.14/site-packages/django/core/handlers/base.py", line 198, in _get_response
    response = wrapped_callback(request, *callback_args, **callback_kwargs)
  File "/Users/rozhchenko/PycharmProjects/Book_shop/.venv/lib/python3.14/site-packages/django/views/decorators/csrf.py", line 65, in _view_wrapper
    return view_func(request, *args, **kwargs)
  File "/Users/rozhchenko/PycharmProjects/Book_shop/.venv/lib/python3.14/site-packages/django/views/generic/base.py", line 106, in view
    return self.dispatch(request, *args, **kwargs)
           ~~~~~~~~~~~~~^^^^^^^^^^^^^^^^^^^^^^^^^^
  File "/Users/rozhchenko/PycharmProjects/Book_shop/.venv/lib/python3.14/site-packages/rest_framework/views.py", line 526, in dispatch
    response = self.handle_exception(exc)
  File "/Users/rozhchenko/PycharmProjects/Book_shop/.venv/lib/python3.14/site-packages/rest_framework/views.py", line 474, in handle_exception
    self.raise_uncaught_exception(exc)
    ~~~~~~~~~~~~~~~~~~~~~~~~~~~~~^^^^^
  File "/Users/rozhchenko/PycharmProjects/Book_shop/.venv/lib/python3.14/site-packages/rest_framework/views.py", line 485, in raise_uncaught_exception
    raise exc
  File "/Users/rozhchenko/PycharmProjects/Book_shop/.venv/lib/python3.14/site-packages/rest_framework/views.py", line 514, in dispatch
    self.initial(request, *args, **kwargs)
    ~~~~~~~~~~~~^^^^^^^^^^^^^^^^^^^^^^^^^^
  File "/Users/rozhchenko/PycharmProjects/Book_shop/.venv/lib/python3.14/site-packages/rest_framework/views.py", line 421, in initial
    self.check_throttles(request)
    ~~~~~~~~~~~~~~~~~~~~^^^^^^^^^
  File "/Users/rozhchenko/PycharmProjects/Book_shop/.venv/lib/python3.14/site-packages/rest_framework/views.py", line 364, in check_throttles
    if not throttle.allow_request(request, self):
           ~~~~~~~~~~~~~~~~~~~~~~^^^^^^^^^^^^^^^
  File "/Users/rozhchenko/PycharmProjects/Book_shop/.venv/lib/python3.14/site-packages/rest_framework/throttling.py", line 123, in allow_request
    self.history = self.cache.get(self.key, [])
                   ~~~~~~~~~~~~~~^^^^^^^^^^^^^^
  File "/Users/rozhchenko/PycharmProjects/Book_shop/.venv/lib/python3.14/site-packages/django_redis/cache.py", line 117, in get
    value = self._get(key, default, version, client)
  File "/Users/rozhchenko/PycharmProjects/Book_shop/.venv/lib/python3.14/site-packages/django_redis/cache.py", line 55, in _decorator
    raise e.__cause__  # type: ignore[misc] # noqa: B904
    ^^^^^^^^^^^^^^^^^
  File "/Users/rozhchenko/PycharmProjects/Book_shop/.venv/lib/python3.14/site-packages/django_redis/client/default.py", line 360, in get
    value = client.get(key)
  File "/Users/rozhchenko/PycharmProjects/Book_shop/.venv/lib/python3.14/site-packages/redis/commands/core.py", line 3200, in get
    return self.execute_command("GET", name, keys=[name])
           ~~~~~~~~~~~~~~~~~~~~^^^^^^^^^^^^^^^^^^^^^^^^^^
  File "/Users/rozhchenko/PycharmProjects/Book_shop/.venv/lib/python3.14/site-packages/redis/client.py", line 867, in execute_command
    return self._execute_command(*args, **options)
           ~~~~~~~~~~~~~~~~~~~~~^^^^^^^^^^^^^^^^^^
  File "/Users/rozhchenko/PycharmProjects/Book_shop/.venv/lib/python3.14/site-packages/redis/client.py", line 873, in _execute_command
    conn = self.connection or pool.get_connection()
                              ~~~~~~~~~~~~~~~~~~~^^
  File "/Users/rozhchenko/PycharmProjects/Book_shop/.venv/lib/python3.14/site-packages/redis/utils.py", line 258, in wrapper
    return func(*args, **kwargs)
  File "/Users/rozhchenko/PycharmProjects/Book_shop/.venv/lib/python3.14/site-packages/redis/connection.py", line 3273, in get_connection
    connection.connect()
    ~~~~~~~~~~~~~~~~~~^^
  File "/Users/rozhchenko/PycharmProjects/Book_shop/.venv/lib/python3.14/site-packages/redis/connection.py", line 1028, in connect
    self.retry.call_with_retry(
    ~~~~~~~~~~~~~~~~~~~~~~~~~~^
        lambda: self.connect_check_health(
        ^^^^^^^^^^^^^^^^^^^^^^^^^^^^^^^^^^
    ...<2 lines>...
        lambda error: self.disconnect(error),
        ^^^^^^^^^^^^^^^^^^^^^^^^^^^^^^^^^^^^^
    )
    ^
  File "/Users/rozhchenko/PycharmProjects/Book_shop/.venv/lib/python3.14/site-packages/redis/retry.py", line 132, in call_with_retry
    raise error
  File "/Users/rozhchenko/PycharmProjects/Book_shop/.venv/lib/python3.14/site-packages/redis/retry.py", line 120, in call_with_retry
    return do()
  File "/Users/rozhchenko/PycharmProjects/Book_shop/.venv/lib/python3.14/site-packages/redis/connection.py", line 1029, in <lambda>
    lambda: self.connect_check_health(
            ~~~~~~~~~~~~~~~~~~~~~~~~~^
        check_health=True, retry_socket_connect=False
        ^^^^^^^^^^^^^^^^^^^^^^^^^^^^^^^^^^^^^^^^^^^^^
    ),
    ^
  File "/Users/rozhchenko/PycharmProjects/Book_shop/.venv/lib/python3.14/site-packages/redis/connection.py", line 1077, in connect_check_health
    raise e
redis.exceptions.ConnectionError: Error 8 connecting to redis:6379. nodename nor servname provided, or not known.
WARNING | 2026-09-10 07:42:56,517 | log | Forbidden: /api/categories/
ERROR | 2026-09-10 07:42:56,550 | log | Internal Server Error: /api/categories/
Traceback (most recent call last):
  File "/Users/rozhchenko/PycharmProjects/Book_shop/.venv/lib/python3.14/site-packages/django_redis/cache.py", line 48, in _decorator
    return method(self, *args, **kwargs)
  File "/Users/rozhchenko/PycharmProjects/Book_shop/.venv/lib/python3.14/site-packages/django_redis/cache.py", line 124, in _get
    return self.client.get(key, default=default, version=version, client=client)
           ~~~~~~~~~~~~~~~^^^^^^^^^^^^^^^^^^^^^^^^^^^^^^^^^^^^^^^^^^^^^^^^^^^^^^
  File "/Users/rozhchenko/PycharmProjects/Book_shop/.venv/lib/python3.14/site-packages/django_redis/client/default.py", line 362, in get
    raise ConnectionInterrupted(connection=client) from e
django_redis.exceptions.ConnectionInterrupted: Redis ConnectionError: Error 8 connecting to redis:6379. nodename nor servname provided, or not known.

During handling of the above exception, another exception occurred:

Traceback (most recent call last):
  File "/Users/rozhchenko/PycharmProjects/Book_shop/.venv/lib/python3.14/site-packages/django/core/handlers/exception.py", line 55, in inner
    response = get_response(request)
  File "/Users/rozhchenko/PycharmProjects/Book_shop/.venv/lib/python3.14/site-packages/django/core/handlers/base.py", line 198, in _get_response
    response = wrapped_callback(request, *callback_args, **callback_kwargs)
  File "/Users/rozhchenko/PycharmProjects/Book_shop/.venv/lib/python3.14/site-packages/django/views/decorators/csrf.py", line 65, in _view_wrapper
    return view_func(request, *args, **kwargs)
  File "/Users/rozhchenko/PycharmProjects/Book_shop/.venv/lib/python3.14/site-packages/rest_framework/viewsets.py", line 124, in view
    return self.dispatch(request, *args, **kwargs)
           ~~~~~~~~~~~~~^^^^^^^^^^^^^^^^^^^^^^^^^^
  File "/Users/rozhchenko/PycharmProjects/Book_shop/.venv/lib/python3.14/site-packages/rest_framework/views.py", line 526, in dispatch
    response = self.handle_exception(exc)
  File "/Users/rozhchenko/PycharmProjects/Book_shop/.venv/lib/python3.14/site-packages/rest_framework/views.py", line 474, in handle_exception
    self.raise_uncaught_exception(exc)
    ~~~~~~~~~~~~~~~~~~~~~~~~~~~~~^^^^^
  File "/Users/rozhchenko/PycharmProjects/Book_shop/.venv/lib/python3.14/site-packages/rest_framework/views.py", line 485, in raise_uncaught_exception
    raise exc
  File "/Users/rozhchenko/PycharmProjects/Book_shop/.venv/lib/python3.14/site-packages/rest_framework/views.py", line 514, in dispatch
    self.initial(request, *args, **kwargs)
    ~~~~~~~~~~~~^^^^^^^^^^^^^^^^^^^^^^^^^^
  File "/Users/rozhchenko/PycharmProjects/Book_shop/.venv/lib/python3.14/site-packages/rest_framework/views.py", line 421, in initial
    self.check_throttles(request)
    ~~~~~~~~~~~~~~~~~~~~^^^^^^^^^
  File "/Users/rozhchenko/PycharmProjects/Book_shop/.venv/lib/python3.14/site-packages/rest_framework/views.py", line 364, in check_throttles
    if not throttle.allow_request(request, self):
           ~~~~~~~~~~~~~~~~~~~~~~^^^^^^^^^^^^^^^
  File "/Users/rozhchenko/PycharmProjects/Book_shop/.venv/lib/python3.14/site-packages/rest_framework/throttling.py", line 123, in allow_request
    self.history = self.cache.get(self.key, [])
                   ~~~~~~~~~~~~~~^^^^^^^^^^^^^^
  File "/Users/rozhchenko/PycharmProjects/Book_shop/.venv/lib/python3.14/site-packages/django_redis/cache.py", line 117, in get
    value = self._get(key, default, version, client)
  File "/Users/rozhchenko/PycharmProjects/Book_shop/.venv/lib/python3.14/site-packages/django_redis/cache.py", line 55, in _decorator
    raise e.__cause__  # type: ignore[misc] # noqa: B904
    ^^^^^^^^^^^^^^^^^
  File "/Users/rozhchenko/PycharmProjects/Book_shop/.venv/lib/python3.14/site-packages/django_redis/client/default.py", line 360, in get
    value = client.get(key)
  File "/Users/rozhchenko/PycharmProjects/Book_shop/.venv/lib/python3.14/site-packages/redis/commands/core.py", line 3200, in get
    return self.execute_command("GET", name, keys=[name])
           ~~~~~~~~~~~~~~~~~~~~^^^^^^^^^^^^^^^^^^^^^^^^^^
  File "/Users/rozhchenko/PycharmProjects/Book_shop/.venv/lib/python3.14/site-packages/redis/client.py", line 867, in execute_command
    return self._execute_command(*args, **options)
           ~~~~~~~~~~~~~~~~~~~~~^^^^^^^^^^^^^^^^^^
  File "/Users/rozhchenko/PycharmProjects/Book_shop/.venv/lib/python3.14/site-packages/redis/client.py", line 873, in _execute_command
    conn = self.connection or pool.get_connection()
                              ~~~~~~~~~~~~~~~~~~~^^
  File "/Users/rozhchenko/PycharmProjects/Book_shop/.venv/lib/python3.14/site-packages/redis/utils.py", line 258, in wrapper
    return func(*args, **kwargs)
  File "/Users/rozhchenko/PycharmProjects/Book_shop/.venv/lib/python3.14/site-packages/redis/connection.py", line 3273, in get_connection
    connection.connect()
    ~~~~~~~~~~~~~~~~~~^^
  File "/Users/rozhchenko/PycharmProjects/Book_shop/.venv/lib/python3.14/site-packages/redis/connection.py", line 1028, in connect
    self.retry.call_with_retry(
    ~~~~~~~~~~~~~~~~~~~~~~~~~~^
        lambda: self.connect_check_health(
        ^^^^^^^^^^^^^^^^^^^^^^^^^^^^^^^^^^
    ...<2 lines>...
        lambda error: self.disconnect(error),
        ^^^^^^^^^^^^^^^^^^^^^^^^^^^^^^^^^^^^^
    )
    ^
  File "/Users/rozhchenko/PycharmProjects/Book_shop/.venv/lib/python3.14/site-packages/redis/retry.py", line 132, in call_with_retry
    raise error
  File "/Users/rozhchenko/PycharmProjects/Book_shop/.venv/lib/python3.14/site-packages/redis/retry.py", line 120, in call_with_retry
    return do()
  File "/Users/rozhchenko/PycharmProjects/Book_shop/.venv/lib/python3.14/site-packages/redis/connection.py", line 1029, in <lambda>
    lambda: self.connect_check_health(
            ~~~~~~~~~~~~~~~~~~~~~~~~~^
        check_health=True, retry_socket_connect=False
        ^^^^^^^^^^^^^^^^^^^^^^^^^^^^^^^^^^^^^^^^^^^^^
    ),
    ^
  File "/Users/rozhchenko/PycharmProjects/Book_shop/.venv/lib/python3.14/site-packages/redis/connection.py", line 1077, in connect_check_health
    raise e
redis.exceptions.ConnectionError: Error 8 connecting to redis:6379. nodename nor servname provided, or not known.
WARNING | 2026-09-10 07:42:59,634 | log | Forbidden: /api/categories/999/
ERROR | 2026-09-10 07:42:59,670 | log | Internal Server Error: /api/categories/999/
Traceback (most recent call last):
  File "/Users/rozhchenko/PycharmProjects/Book_shop/.venv/lib/python3.14/site-packages/django_redis/cache.py", line 48, in _decorator
    return method(self, *args, **kwargs)
  File "/Users/rozhchenko/PycharmProjects/Book_shop/.venv/lib/python3.14/site-packages/django_redis/cache.py", line 124, in _get
    return self.client.get(key, default=default, version=version, client=client)
           ~~~~~~~~~~~~~~~^^^^^^^^^^^^^^^^^^^^^^^^^^^^^^^^^^^^^^^^^^^^^^^^^^^^^^
  File "/Users/rozhchenko/PycharmProjects/Book_shop/.venv/lib/python3.14/site-packages/django_redis/client/default.py", line 362, in get
    raise ConnectionInterrupted(connection=client) from e
django_redis.exceptions.ConnectionInterrupted: Redis ConnectionError: Error 8 connecting to redis:6379. nodename nor servname provided, or not known.

During handling of the above exception, another exception occurred:

Traceback (most recent call last):
  File "/Users/rozhchenko/PycharmProjects/Book_shop/.venv/lib/python3.14/site-packages/django/core/handlers/exception.py", line 55, in inner
    response = get_response(request)
  File "/Users/rozhchenko/PycharmProjects/Book_shop/.venv/lib/python3.14/site-packages/django/core/handlers/base.py", line 198, in _get_response
    response = wrapped_callback(request, *callback_args, **callback_kwargs)
  File "/Users/rozhchenko/PycharmProjects/Book_shop/.venv/lib/python3.14/site-packages/django/views/decorators/csrf.py", line 65, in _view_wrapper
    return view_func(request, *args, **kwargs)
  File "/Users/rozhchenko/PycharmProjects/Book_shop/.venv/lib/python3.14/site-packages/rest_framework/viewsets.py", line 124, in view
    return self.dispatch(request, *args, **kwargs)
           ~~~~~~~~~~~~~^^^^^^^^^^^^^^^^^^^^^^^^^^
  File "/Users/rozhchenko/PycharmProjects/Book_shop/.venv/lib/python3.14/site-packages/rest_framework/views.py", line 526, in dispatch
    response = self.handle_exception(exc)
  File "/Users/rozhchenko/PycharmProjects/Book_shop/.venv/lib/python3.14/site-packages/rest_framework/views.py", line 474, in handle_exception
    self.raise_uncaught_exception(exc)
    ~~~~~~~~~~~~~~~~~~~~~~~~~~~~~^^^^^
  File "/Users/rozhchenko/PycharmProjects/Book_shop/.venv/lib/python3.14/site-packages/rest_framework/views.py", line 485, in raise_uncaught_exception
    raise exc
  File "/Users/rozhchenko/PycharmProjects/Book_shop/.venv/lib/python3.14/site-packages/rest_framework/views.py", line 514, in dispatch
    self.initial(request, *args, **kwargs)
    ~~~~~~~~~~~~^^^^^^^^^^^^^^^^^^^^^^^^^^
  File "/Users/rozhchenko/PycharmProjects/Book_shop/.venv/lib/python3.14/site-packages/rest_framework/views.py", line 421, in initial
    self.check_throttles(request)
    ~~~~~~~~~~~~~~~~~~~~^^^^^^^^^
  File "/Users/rozhchenko/PycharmProjects/Book_shop/.venv/lib/python3.14/site-packages/rest_framework/views.py", line 364, in check_throttles
    if not throttle.allow_request(request, self):
           ~~~~~~~~~~~~~~~~~~~~~~^^^^^^^^^^^^^^^
  File "/Users/rozhchenko/PycharmProjects/Book_shop/.venv/lib/python3.14/site-packages/rest_framework/throttling.py", line 123, in allow_request
    self.history = self.cache.get(self.key, [])
                   ~~~~~~~~~~~~~~^^^^^^^^^^^^^^
  File "/Users/rozhchenko/PycharmProjects/Book_shop/.venv/lib/python3.14/site-packages/django_redis/cache.py", line 117, in get
    value = self._get(key, default, version, client)
  File "/Users/rozhchenko/PycharmProjects/Book_shop/.venv/lib/python3.14/site-packages/django_redis/cache.py", line 55, in _decorator
    raise e.__cause__  # type: ignore[misc] # noqa: B904
    ^^^^^^^^^^^^^^^^^
  File "/Users/rozhchenko/PycharmProjects/Book_shop/.venv/lib/python3.14/site-packages/django_redis/client/default.py", line 360, in get
    value = client.get(key)
  File "/Users/rozhchenko/PycharmProjects/Book_shop/.venv/lib/python3.14/site-packages/redis/commands/core.py", line 3200, in get
    return self.execute_command("GET", name, keys=[name])
           ~~~~~~~~~~~~~~~~~~~~^^^^^^^^^^^^^^^^^^^^^^^^^^
  File "/Users/rozhchenko/PycharmProjects/Book_shop/.venv/lib/python3.14/site-packages/redis/client.py", line 867, in execute_command
    return self._execute_command(*args, **options)
           ~~~~~~~~~~~~~~~~~~~~~^^^^^^^^^^^^^^^^^^
  File "/Users/rozhchenko/PycharmProjects/Book_shop/.venv/lib/python3.14/site-packages/redis/client.py", line 873, in _execute_command
    conn = self.connection or pool.get_connection()
                              ~~~~~~~~~~~~~~~~~~~^^
  File "/Users/rozhchenko/PycharmProjects/Book_shop/.venv/lib/python3.14/site-packages/redis/utils.py", line 258, in wrapper
    return func(*args, **kwargs)
  File "/Users/rozhchenko/PycharmProjects/Book_shop/.venv/lib/python3.14/site-packages/redis/connection.py", line 3273, in get_connection
    connection.connect()
    ~~~~~~~~~~~~~~~~~~^^
  File "/Users/rozhchenko/PycharmProjects/Book_shop/.venv/lib/python3.14/site-packages/redis/connection.py", line 1028, in connect
    self.retry.call_with_retry(
    ~~~~~~~~~~~~~~~~~~~~~~~~~~^
        lambda: self.connect_check_health(
        ^^^^^^^^^^^^^^^^^^^^^^^^^^^^^^^^^^
    ...<2 lines>...
        lambda error: self.disconnect(error),
        ^^^^^^^^^^^^^^^^^^^^^^^^^^^^^^^^^^^^^
    )
    ^
  File "/Users/rozhchenko/PycharmProjects/Book_shop/.venv/lib/python3.14/site-packages/redis/retry.py", line 132, in call_with_retry
    raise error
  File "/Users/rozhchenko/PycharmProjects/Book_shop/.venv/lib/python3.14/site-packages/redis/retry.py", line 120, in call_with_retry
    return do()
  File "/Users/rozhchenko/PycharmProjects/Book_shop/.venv/lib/python3.14/site-packages/redis/connection.py", line 1029, in <lambda>
    lambda: self.connect_check_health(
            ~~~~~~~~~~~~~~~~~~~~~~~~~^
        check_health=True, retry_socket_connect=False
        ^^^^^^^^^^^^^^^^^^^^^^^^^^^^^^^^^^^^^^^^^^^^^
    ),
    ^
  File "/Users/rozhchenko/PycharmProjects/Book_shop/.venv/lib/python3.14/site-packages/redis/connection.py", line 1077, in connect_check_health
    raise e
redis.exceptions.ConnectionError: Error 8 connecting to redis:6379. nodename nor servname provided, or not known.
WARNING | 2026-09-10 07:43:02,811 | log | Forbidden: /api/books/
ERROR | 2026-09-10 07:43:02,846 | log | Internal Server Error: /api/books/
Traceback (most recent call last):
  File "/Users/rozhchenko/PycharmProjects/Book_shop/.venv/lib/python3.14/site-packages/django_redis/cache.py", line 48, in _decorator
    return method(self, *args, **kwargs)
  File "/Users/rozhchenko/PycharmProjects/Book_shop/.venv/lib/python3.14/site-packages/django_redis/cache.py", line 124, in _get
    return self.client.get(key, default=default, version=version, client=client)
           ~~~~~~~~~~~~~~~^^^^^^^^^^^^^^^^^^^^^^^^^^^^^^^^^^^^^^^^^^^^^^^^^^^^^^
  File "/Users/rozhchenko/PycharmProjects/Book_shop/.venv/lib/python3.14/site-packages/django_redis/client/default.py", line 362, in get
    raise ConnectionInterrupted(connection=client) from e
django_redis.exceptions.ConnectionInterrupted: Redis ConnectionError: Error 8 connecting to redis:6379. nodename nor servname provided, or not known.

During handling of the above exception, another exception occurred:

Traceback (most recent call last):
  File "/Users/rozhchenko/PycharmProjects/Book_shop/.venv/lib/python3.14/site-packages/django/core/handlers/exception.py", line 55, in inner
    response = get_response(request)
  File "/Users/rozhchenko/PycharmProjects/Book_shop/.venv/lib/python3.14/site-packages/django/core/handlers/base.py", line 198, in _get_response
    response = wrapped_callback(request, *callback_args, **callback_kwargs)
  File "/Users/rozhchenko/PycharmProjects/Book_shop/.venv/lib/python3.14/site-packages/django/views/decorators/csrf.py", line 65, in _view_wrapper
    return view_func(request, *args, **kwargs)
  File "/Users/rozhchenko/PycharmProjects/Book_shop/.venv/lib/python3.14/site-packages/rest_framework/viewsets.py", line 124, in view
    return self.dispatch(request, *args, **kwargs)
           ~~~~~~~~~~~~~^^^^^^^^^^^^^^^^^^^^^^^^^^
  File "/Users/rozhchenko/PycharmProjects/Book_shop/.venv/lib/python3.14/site-packages/rest_framework/views.py", line 526, in dispatch
    response = self.handle_exception(exc)
  File "/Users/rozhchenko/PycharmProjects/Book_shop/.venv/lib/python3.14/site-packages/rest_framework/views.py", line 474, in handle_exception
    self.raise_uncaught_exception(exc)
    ~~~~~~~~~~~~~~~~~~~~~~~~~~~~~^^^^^
  File "/Users/rozhchenko/PycharmProjects/Book_shop/.venv/lib/python3.14/site-packages/rest_framework/views.py", line 485, in raise_uncaught_exception
    raise exc
  File "/Users/rozhchenko/PycharmProjects/Book_shop/.venv/lib/python3.14/site-packages/rest_framework/views.py", line 514, in dispatch
    self.initial(request, *args, **kwargs)
    ~~~~~~~~~~~~^^^^^^^^^^^^^^^^^^^^^^^^^^
  File "/Users/rozhchenko/PycharmProjects/Book_shop/.venv/lib/python3.14/site-packages/rest_framework/views.py", line 421, in initial
    self.check_throttles(request)
    ~~~~~~~~~~~~~~~~~~~~^^^^^^^^^
  File "/Users/rozhchenko/PycharmProjects/Book_shop/.venv/lib/python3.14/site-packages/rest_framework/views.py", line 364, in check_throttles
    if not throttle.allow_request(request, self):
           ~~~~~~~~~~~~~~~~~~~~~~^^^^^^^^^^^^^^^
  File "/Users/rozhchenko/PycharmProjects/Book_shop/.venv/lib/python3.14/site-packages/rest_framework/throttling.py", line 123, in allow_request
    self.history = self.cache.get(self.key, [])
                   ~~~~~~~~~~~~~~^^^^^^^^^^^^^^
  File "/Users/rozhchenko/PycharmProjects/Book_shop/.venv/lib/python3.14/site-packages/django_redis/cache.py", line 117, in get
    value = self._get(key, default, version, client)
  File "/Users/rozhchenko/PycharmProjects/Book_shop/.venv/lib/python3.14/site-packages/django_redis/cache.py", line 55, in _decorator
    raise e.__cause__  # type: ignore[misc] # noqa: B904
    ^^^^^^^^^^^^^^^^^
  File "/Users/rozhchenko/PycharmProjects/Book_shop/.venv/lib/python3.14/site-packages/django_redis/client/default.py", line 360, in get
    value = client.get(key)
  File "/Users/rozhchenko/PycharmProjects/Book_shop/.venv/lib/python3.14/site-packages/redis/commands/core.py", line 3200, in get
    return self.execute_command("GET", name, keys=[name])
           ~~~~~~~~~~~~~~~~~~~~^^^^^^^^^^^^^^^^^^^^^^^^^^
  File "/Users/rozhchenko/PycharmProjects/Book_shop/.venv/lib/python3.14/site-packages/redis/client.py", line 867, in execute_command
    return self._execute_command(*args, **options)
           ~~~~~~~~~~~~~~~~~~~~~^^^^^^^^^^^^^^^^^^
  File "/Users/rozhchenko/PycharmProjects/Book_shop/.venv/lib/python3.14/site-packages/redis/client.py", line 873, in _execute_command
    conn = self.connection or pool.get_connection()
                              ~~~~~~~~~~~~~~~~~~~^^
  File "/Users/rozhchenko/PycharmProjects/Book_shop/.venv/lib/python3.14/site-packages/redis/utils.py", line 258, in wrapper
    return func(*args, **kwargs)
  File "/Users/rozhchenko/PycharmProjects/Book_shop/.venv/lib/python3.14/site-packages/redis/connection.py", line 3273, in get_connection
    connection.connect()
    ~~~~~~~~~~~~~~~~~~^^
  File "/Users/rozhchenko/PycharmProjects/Book_shop/.venv/lib/python3.14/site-packages/redis/connection.py", line 1028, in connect
    self.retry.call_with_retry(
    ~~~~~~~~~~~~~~~~~~~~~~~~~~^
        lambda: self.connect_check_health(
        ^^^^^^^^^^^^^^^^^^^^^^^^^^^^^^^^^^
    ...<2 lines>...
        lambda error: self.disconnect(error),
        ^^^^^^^^^^^^^^^^^^^^^^^^^^^^^^^^^^^^^
    )
    ^
  File "/Users/rozhchenko/PycharmProjects/Book_shop/.venv/lib/python3.14/site-packages/redis/retry.py", line 132, in call_with_retry
    raise error
  File "/Users/rozhchenko/PycharmProjects/Book_shop/.venv/lib/python3.14/site-packages/redis/retry.py", line 120, in call_with_retry
    return do()
  File "/Users/rozhchenko/PycharmProjects/Book_shop/.venv/lib/python3.14/site-packages/redis/connection.py", line 1029, in <lambda>
    lambda: self.connect_check_health(
            ~~~~~~~~~~~~~~~~~~~~~~~~~^
        check_health=True, retry_socket_connect=False
        ^^^^^^^^^^^^^^^^^^^^^^^^^^^^^^^^^^^^^^^^^^^^^
    ),
    ^
  File "/Users/rozhchenko/PycharmProjects/Book_shop/.venv/lib/python3.14/site-packages/redis/connection.py", line 1077, in connect_check_health
    raise e
redis.exceptions.ConnectionError: Error 8 connecting to redis:6379. nodename nor servname provided, or not known.
WARNING | 2026-09-10 07:43:05,884 | log | Forbidden: /api/books/999/
ERROR | 2026-09-10 07:43:05,917 | log | Internal Server Error: /api/books/999/
Traceback (most recent call last):
  File "/Users/rozhchenko/PycharmProjects/Book_shop/.venv/lib/python3.14/site-packages/django_redis/cache.py", line 48, in _decorator
    return method(self, *args, **kwargs)
  File "/Users/rozhchenko/PycharmProjects/Book_shop/.venv/lib/python3.14/site-packages/django_redis/cache.py", line 124, in _get
    return self.client.get(key, default=default, version=version, client=client)
           ~~~~~~~~~~~~~~~^^^^^^^^^^^^^^^^^^^^^^^^^^^^^^^^^^^^^^^^^^^^^^^^^^^^^^
  File "/Users/rozhchenko/PycharmProjects/Book_shop/.venv/lib/python3.14/site-packages/django_redis/client/default.py", line 362, in get
    raise ConnectionInterrupted(connection=client) from e
django_redis.exceptions.ConnectionInterrupted: Redis ConnectionError: Error 8 connecting to redis:6379. nodename nor servname provided, or not known.

During handling of the above exception, another exception occurred:

Traceback (most recent call last):
  File "/Users/rozhchenko/PycharmProjects/Book_shop/.venv/lib/python3.14/site-packages/django/core/handlers/exception.py", line 55, in inner
    response = get_response(request)
  File "/Users/rozhchenko/PycharmProjects/Book_shop/.venv/lib/python3.14/site-packages/django/core/handlers/base.py", line 198, in _get_response
    response = wrapped_callback(request, *callback_args, **callback_kwargs)
  File "/Users/rozhchenko/PycharmProjects/Book_shop/.venv/lib/python3.14/site-packages/django/views/decorators/csrf.py", line 65, in _view_wrapper
    return view_func(request, *args, **kwargs)
  File "/Users/rozhchenko/PycharmProjects/Book_shop/.venv/lib/python3.14/site-packages/rest_framework/viewsets.py", line 124, in view
    return self.dispatch(request, *args, **kwargs)
           ~~~~~~~~~~~~~^^^^^^^^^^^^^^^^^^^^^^^^^^
  File "/Users/rozhchenko/PycharmProjects/Book_shop/.venv/lib/python3.14/site-packages/rest_framework/views.py", line 526, in dispatch
    response = self.handle_exception(exc)
  File "/Users/rozhchenko/PycharmProjects/Book_shop/.venv/lib/python3.14/site-packages/rest_framework/views.py", line 474, in handle_exception
    self.raise_uncaught_exception(exc)
    ~~~~~~~~~~~~~~~~~~~~~~~~~~~~~^^^^^
  File "/Users/rozhchenko/PycharmProjects/Book_shop/.venv/lib/python3.14/site-packages/rest_framework/views.py", line 485, in raise_uncaught_exception
    raise exc
  File "/Users/rozhchenko/PycharmProjects/Book_shop/.venv/lib/python3.14/site-packages/rest_framework/views.py", line 514, in dispatch
    self.initial(request, *args, **kwargs)
    ~~~~~~~~~~~~^^^^^^^^^^^^^^^^^^^^^^^^^^
  File "/Users/rozhchenko/PycharmProjects/Book_shop/.venv/lib/python3.14/site-packages/rest_framework/views.py", line 421, in initial
    self.check_throttles(request)
    ~~~~~~~~~~~~~~~~~~~~^^^^^^^^^
  File "/Users/rozhchenko/PycharmProjects/Book_shop/.venv/lib/python3.14/site-packages/rest_framework/views.py", line 364, in check_throttles
    if not throttle.allow_request(request, self):
           ~~~~~~~~~~~~~~~~~~~~~~^^^^^^^^^^^^^^^
  File "/Users/rozhchenko/PycharmProjects/Book_shop/.venv/lib/python3.14/site-packages/rest_framework/throttling.py", line 123, in allow_request
    self.history = self.cache.get(self.key, [])
                   ~~~~~~~~~~~~~~^^^^^^^^^^^^^^
  File "/Users/rozhchenko/PycharmProjects/Book_shop/.venv/lib/python3.14/site-packages/django_redis/cache.py", line 117, in get
    value = self._get(key, default, version, client)
  File "/Users/rozhchenko/PycharmProjects/Book_shop/.venv/lib/python3.14/site-packages/django_redis/cache.py", line 55, in _decorator
    raise e.__cause__  # type: ignore[misc] # noqa: B904
    ^^^^^^^^^^^^^^^^^
  File "/Users/rozhchenko/PycharmProjects/Book_shop/.venv/lib/python3.14/site-packages/django_redis/client/default.py", line 360, in get
    value = client.get(key)
  File "/Users/rozhchenko/PycharmProjects/Book_shop/.venv/lib/python3.14/site-packages/redis/commands/core.py", line 3200, in get
    return self.execute_command("GET", name, keys=[name])
           ~~~~~~~~~~~~~~~~~~~~^^^^^^^^^^^^^^^^^^^^^^^^^^
  File "/Users/rozhchenko/PycharmProjects/Book_shop/.venv/lib/python3.14/site-packages/redis/client.py", line 867, in execute_command
    return self._execute_command(*args, **options)
           ~~~~~~~~~~~~~~~~~~~~~^^^^^^^^^^^^^^^^^^
  File "/Users/rozhchenko/PycharmProjects/Book_shop/.venv/lib/python3.14/site-packages/redis/client.py", line 873, in _execute_command
    conn = self.connection or pool.get_connection()
                              ~~~~~~~~~~~~~~~~~~~^^
  File "/Users/rozhchenko/PycharmProjects/Book_shop/.venv/lib/python3.14/site-packages/redis/utils.py", line 258, in wrapper
    return func(*args, **kwargs)
  File "/Users/rozhchenko/PycharmProjects/Book_shop/.venv/lib/python3.14/site-packages/redis/connection.py", line 3273, in get_connection
    connection.connect()
    ~~~~~~~~~~~~~~~~~~^^
  File "/Users/rozhchenko/PycharmProjects/Book_shop/.venv/lib/python3.14/site-packages/redis/connection.py", line 1028, in connect
    self.retry.call_with_retry(
    ~~~~~~~~~~~~~~~~~~~~~~~~~~^
        lambda: self.connect_check_health(
        ^^^^^^^^^^^^^^^^^^^^^^^^^^^^^^^^^^
    ...<2 lines>...
        lambda error: self.disconnect(error),
        ^^^^^^^^^^^^^^^^^^^^^^^^^^^^^^^^^^^^^
    )
    ^
  File "/Users/rozhchenko/PycharmProjects/Book_shop/.venv/lib/python3.14/site-packages/redis/retry.py", line 132, in call_with_retry
    raise error
  File "/Users/rozhchenko/PycharmProjects/Book_shop/.venv/lib/python3.14/site-packages/redis/retry.py", line 120, in call_with_retry
    return do()
  File "/Users/rozhchenko/PycharmProjects/Book_shop/.venv/lib/python3.14/site-packages/redis/connection.py", line 1029, in <lambda>
    lambda: self.connect_check_health(
            ~~~~~~~~~~~~~~~~~~~~~~~~~^
        check_health=True, retry_socket_connect=False
        ^^^^^^^^^^^^^^^^^^^^^^^^^^^^^^^^^^^^^^^^^^^^^
    ),
    ^
  File "/Users/rozhchenko/PycharmProjects/Book_shop/.venv/lib/python3.14/site-packages/redis/connection.py", line 1077, in connect_check_health
    raise e
redis.exceptions.ConnectionError: Error 8 connecting to redis:6379. nodename nor servname provided, or not known.
ERROR | 2026-09-10 07:43:07,769 | log | Internal Server Error: /api/carts/
Traceback (most recent call last):
  File "/Users/rozhchenko/PycharmProjects/Book_shop/.venv/lib/python3.14/site-packages/django_redis/cache.py", line 48, in _decorator
    return method(self, *args, **kwargs)
  File "/Users/rozhchenko/PycharmProjects/Book_shop/.venv/lib/python3.14/site-packages/django_redis/cache.py", line 124, in _get
    return self.client.get(key, default=default, version=version, client=client)
           ~~~~~~~~~~~~~~~^^^^^^^^^^^^^^^^^^^^^^^^^^^^^^^^^^^^^^^^^^^^^^^^^^^^^^
  File "/Users/rozhchenko/PycharmProjects/Book_shop/.venv/lib/python3.14/site-packages/django_redis/client/default.py", line 362, in get
    raise ConnectionInterrupted(connection=client) from e
django_redis.exceptions.ConnectionInterrupted: Redis ConnectionError: Error 8 connecting to redis:6379. nodename nor servname provided, or not known.

During handling of the above exception, another exception occurred:

Traceback (most recent call last):
  File "/Users/rozhchenko/PycharmProjects/Book_shop/.venv/lib/python3.14/site-packages/django/core/handlers/exception.py", line 55, in inner
    response = get_response(request)
  File "/Users/rozhchenko/PycharmProjects/Book_shop/.venv/lib/python3.14/site-packages/django/core/handlers/base.py", line 198, in _get_response
    response = wrapped_callback(request, *callback_args, **callback_kwargs)
  File "/Users/rozhchenko/PycharmProjects/Book_shop/.venv/lib/python3.14/site-packages/django/views/decorators/csrf.py", line 65, in _view_wrapper
    return view_func(request, *args, **kwargs)
  File "/Users/rozhchenko/PycharmProjects/Book_shop/.venv/lib/python3.14/site-packages/rest_framework/viewsets.py", line 124, in view
    return self.dispatch(request, *args, **kwargs)
           ~~~~~~~~~~~~~^^^^^^^^^^^^^^^^^^^^^^^^^^
  File "/Users/rozhchenko/PycharmProjects/Book_shop/.venv/lib/python3.14/site-packages/rest_framework/views.py", line 526, in dispatch
    response = self.handle_exception(exc)
  File "/Users/rozhchenko/PycharmProjects/Book_shop/.venv/lib/python3.14/site-packages/rest_framework/views.py", line 474, in handle_exception
    self.raise_uncaught_exception(exc)
    ~~~~~~~~~~~~~~~~~~~~~~~~~~~~~^^^^^
  File "/Users/rozhchenko/PycharmProjects/Book_shop/.venv/lib/python3.14/site-packages/rest_framework/views.py", line 485, in raise_uncaught_exception
    raise exc
  File "/Users/rozhchenko/PycharmProjects/Book_shop/.venv/lib/python3.14/site-packages/rest_framework/views.py", line 514, in dispatch
    self.initial(request, *args, **kwargs)
    ~~~~~~~~~~~~^^^^^^^^^^^^^^^^^^^^^^^^^^
  File "/Users/rozhchenko/PycharmProjects/Book_shop/.venv/lib/python3.14/site-packages/rest_framework/views.py", line 421, in initial
    self.check_throttles(request)
    ~~~~~~~~~~~~~~~~~~~~^^^^^^^^^
  File "/Users/rozhchenko/PycharmProjects/Book_shop/.venv/lib/python3.14/site-packages/rest_framework/views.py", line 364, in check_throttles
    if not throttle.allow_request(request, self):
           ~~~~~~~~~~~~~~~~~~~~~~^^^^^^^^^^^^^^^
  File "/Users/rozhchenko/PycharmProjects/Book_shop/.venv/lib/python3.14/site-packages/rest_framework/throttling.py", line 123, in allow_request
    self.history = self.cache.get(self.key, [])
                   ~~~~~~~~~~~~~~^^^^^^^^^^^^^^
  File "/Users/rozhchenko/PycharmProjects/Book_shop/.venv/lib/python3.14/site-packages/django_redis/cache.py", line 117, in get
    value = self._get(key, default, version, client)
  File "/Users/rozhchenko/PycharmProjects/Book_shop/.venv/lib/python3.14/site-packages/django_redis/cache.py", line 55, in _decorator
    raise e.__cause__  # type: ignore[misc] # noqa: B904
    ^^^^^^^^^^^^^^^^^
  File "/Users/rozhchenko/PycharmProjects/Book_shop/.venv/lib/python3.14/site-packages/django_redis/client/default.py", line 360, in get
    value = client.get(key)
  File "/Users/rozhchenko/PycharmProjects/Book_shop/.venv/lib/python3.14/site-packages/redis/commands/core.py", line 3200, in get
    return self.execute_command("GET", name, keys=[name])
           ~~~~~~~~~~~~~~~~~~~~^^^^^^^^^^^^^^^^^^^^^^^^^^
  File "/Users/rozhchenko/PycharmProjects/Book_shop/.venv/lib/python3.14/site-packages/redis/client.py", line 867, in execute_command
    return self._execute_command(*args, **options)
           ~~~~~~~~~~~~~~~~~~~~~^^^^^^^^^^^^^^^^^^
  File "/Users/rozhchenko/PycharmProjects/Book_shop/.venv/lib/python3.14/site-packages/redis/client.py", line 873, in _execute_command
    conn = self.connection or pool.get_connection()
                              ~~~~~~~~~~~~~~~~~~~^^
  File "/Users/rozhchenko/PycharmProjects/Book_shop/.venv/lib/python3.14/site-packages/redis/utils.py", line 258, in wrapper
    return func(*args, **kwargs)
  File "/Users/rozhchenko/PycharmProjects/Book_shop/.venv/lib/python3.14/site-packages/redis/connection.py", line 3273, in get_connection
    connection.connect()
    ~~~~~~~~~~~~~~~~~~^^
  File "/Users/rozhchenko/PycharmProjects/Book_shop/.venv/lib/python3.14/site-packages/redis/connection.py", line 1028, in connect
    self.retry.call_with_retry(
    ~~~~~~~~~~~~~~~~~~~~~~~~~~^
        lambda: self.connect_check_health(
        ^^^^^^^^^^^^^^^^^^^^^^^^^^^^^^^^^^
    ...<2 lines>...
        lambda error: self.disconnect(error),
        ^^^^^^^^^^^^^^^^^^^^^^^^^^^^^^^^^^^^^
    )
    ^
  File "/Users/rozhchenko/PycharmProjects/Book_shop/.venv/lib/python3.14/site-packages/redis/retry.py", line 132, in call_with_retry
    raise error
  File "/Users/rozhchenko/PycharmProjects/Book_shop/.venv/lib/python3.14/site-packages/redis/retry.py", line 120, in call_with_retry
    return do()
  File "/Users/rozhchenko/PycharmProjects/Book_shop/.venv/lib/python3.14/site-packages/redis/connection.py", line 1029, in <lambda>
    lambda: self.connect_check_health(
            ~~~~~~~~~~~~~~~~~~~~~~~~~^
        check_health=True, retry_socket_connect=False
        ^^^^^^^^^^^^^^^^^^^^^^^^^^^^^^^^^^^^^^^^^^^^^
    ),
    ^
  File "/Users/rozhchenko/PycharmProjects/Book_shop/.venv/lib/python3.14/site-packages/redis/connection.py", line 1077, in connect_check_health
    raise e
redis.exceptions.ConnectionError: Error 8 connecting to redis:6379. nodename nor servname provided, or not known.
ERROR | 2026-09-10 07:43:09,665 | log | Internal Server Error: /api/carts/
Traceback (most recent call last):
  File "/Users/rozhchenko/PycharmProjects/Book_shop/.venv/lib/python3.14/site-packages/django_redis/cache.py", line 48, in _decorator
    return method(self, *args, **kwargs)
  File "/Users/rozhchenko/PycharmProjects/Book_shop/.venv/lib/python3.14/site-packages/django_redis/cache.py", line 124, in _get
    return self.client.get(key, default=default, version=version, client=client)
           ~~~~~~~~~~~~~~~^^^^^^^^^^^^^^^^^^^^^^^^^^^^^^^^^^^^^^^^^^^^^^^^^^^^^^
  File "/Users/rozhchenko/PycharmProjects/Book_shop/.venv/lib/python3.14/site-packages/django_redis/client/default.py", line 362, in get
    raise ConnectionInterrupted(connection=client) from e
django_redis.exceptions.ConnectionInterrupted: Redis ConnectionError: Error 8 connecting to redis:6379. nodename nor servname provided, or not known.

During handling of the above exception, another exception occurred:

Traceback (most recent call last):
  File "/Users/rozhchenko/PycharmProjects/Book_shop/.venv/lib/python3.14/site-packages/django/core/handlers/exception.py", line 55, in inner
    response = get_response(request)
  File "/Users/rozhchenko/PycharmProjects/Book_shop/.venv/lib/python3.14/site-packages/django/core/handlers/base.py", line 198, in _get_response
    response = wrapped_callback(request, *callback_args, **callback_kwargs)
  File "/Users/rozhchenko/PycharmProjects/Book_shop/.venv/lib/python3.14/site-packages/django/views/decorators/csrf.py", line 65, in _view_wrapper
    return view_func(request, *args, **kwargs)
  File "/Users/rozhchenko/PycharmProjects/Book_shop/.venv/lib/python3.14/site-packages/rest_framework/viewsets.py", line 124, in view
    return self.dispatch(request, *args, **kwargs)
           ~~~~~~~~~~~~~^^^^^^^^^^^^^^^^^^^^^^^^^^
  File "/Users/rozhchenko/PycharmProjects/Book_shop/.venv/lib/python3.14/site-packages/rest_framework/views.py", line 526, in dispatch
    response = self.handle_exception(exc)
  File "/Users/rozhchenko/PycharmProjects/Book_shop/.venv/lib/python3.14/site-packages/rest_framework/views.py", line 474, in handle_exception
    self.raise_uncaught_exception(exc)
    ~~~~~~~~~~~~~~~~~~~~~~~~~~~~~^^^^^
  File "/Users/rozhchenko/PycharmProjects/Book_shop/.venv/lib/python3.14/site-packages/rest_framework/views.py", line 485, in raise_uncaught_exception
    raise exc
  File "/Users/rozhchenko/PycharmProjects/Book_shop/.venv/lib/python3.14/site-packages/rest_framework/views.py", line 514, in dispatch
    self.initial(request, *args, **kwargs)
    ~~~~~~~~~~~~^^^^^^^^^^^^^^^^^^^^^^^^^^
  File "/Users/rozhchenko/PycharmProjects/Book_shop/.venv/lib/python3.14/site-packages/rest_framework/views.py", line 421, in initial
    self.check_throttles(request)
    ~~~~~~~~~~~~~~~~~~~~^^^^^^^^^
  File "/Users/rozhchenko/PycharmProjects/Book_shop/.venv/lib/python3.14/site-packages/rest_framework/views.py", line 364, in check_throttles
    if not throttle.allow_request(request, self):
           ~~~~~~~~~~~~~~~~~~~~~~^^^^^^^^^^^^^^^
  File "/Users/rozhchenko/PycharmProjects/Book_shop/.venv/lib/python3.14/site-packages/rest_framework/throttling.py", line 123, in allow_request
    self.history = self.cache.get(self.key, [])
                   ~~~~~~~~~~~~~~^^^^^^^^^^^^^^
  File "/Users/rozhchenko/PycharmProjects/Book_shop/.venv/lib/python3.14/site-packages/django_redis/cache.py", line 117, in get
    value = self._get(key, default, version, client)
  File "/Users/rozhchenko/PycharmProjects/Book_shop/.venv/lib/python3.14/site-packages/django_redis/cache.py", line 55, in _decorator
    raise e.__cause__  # type: ignore[misc] # noqa: B904
    ^^^^^^^^^^^^^^^^^
  File "/Users/rozhchenko/PycharmProjects/Book_shop/.venv/lib/python3.14/site-packages/django_redis/client/default.py", line 360, in get
    value = client.get(key)
  File "/Users/rozhchenko/PycharmProjects/Book_shop/.venv/lib/python3.14/site-packages/redis/commands/core.py", line 3200, in get
    return self.execute_command("GET", name, keys=[name])
           ~~~~~~~~~~~~~~~~~~~~^^^^^^^^^^^^^^^^^^^^^^^^^^
  File "/Users/rozhchenko/PycharmProjects/Book_shop/.venv/lib/python3.14/site-packages/redis/client.py", line 867, in execute_command
    return self._execute_command(*args, **options)
           ~~~~~~~~~~~~~~~~~~~~~^^^^^^^^^^^^^^^^^^
  File "/Users/rozhchenko/PycharmProjects/Book_shop/.venv/lib/python3.14/site-packages/redis/client.py", line 873, in _execute_command
    conn = self.connection or pool.get_connection()
                              ~~~~~~~~~~~~~~~~~~~^^
  File "/Users/rozhchenko/PycharmProjects/Book_shop/.venv/lib/python3.14/site-packages/redis/utils.py", line 258, in wrapper
    return func(*args, **kwargs)
  File "/Users/rozhchenko/PycharmProjects/Book_shop/.venv/lib/python3.14/site-packages/redis/connection.py", line 3273, in get_connection
    connection.connect()
    ~~~~~~~~~~~~~~~~~~^^
  File "/Users/rozhchenko/PycharmProjects/Book_shop/.venv/lib/python3.14/site-packages/redis/connection.py", line 1028, in connect
    self.retry.call_with_retry(
    ~~~~~~~~~~~~~~~~~~~~~~~~~~^
        lambda: self.connect_check_health(
        ^^^^^^^^^^^^^^^^^^^^^^^^^^^^^^^^^^
    ...<2 lines>...
        lambda error: self.disconnect(error),
        ^^^^^^^^^^^^^^^^^^^^^^^^^^^^^^^^^^^^^
    )
    ^
  File "/Users/rozhchenko/PycharmProjects/Book_shop/.venv/lib/python3.14/site-packages/redis/retry.py", line 132, in call_with_retry
    raise error
  File "/Users/rozhchenko/PycharmProjects/Book_shop/.venv/lib/python3.14/site-packages/redis/retry.py", line 120, in call_with_retry
    return do()
  File "/Users/rozhchenko/PycharmProjects/Book_shop/.venv/lib/python3.14/site-packages/redis/connection.py", line 1029, in <lambda>
    lambda: self.connect_check_health(
            ~~~~~~~~~~~~~~~~~~~~~~~~~^
        check_health=True, retry_socket_connect=False
        ^^^^^^^^^^^^^^^^^^^^^^^^^^^^^^^^^^^^^^^^^^^^^
    ),
    ^
  File "/Users/rozhchenko/PycharmProjects/Book_shop/.venv/lib/python3.14/site-packages/redis/connection.py", line 1077, in connect_check_health
    raise e
redis.exceptions.ConnectionError: Error 8 connecting to redis:6379. nodename nor servname provided, or not known.
ERROR | 2026-09-10 07:43:25,763 | log | Internal Server Error: /api/books/
Traceback (most recent call last):
  File "/Users/rozhchenko/PycharmProjects/Book_shop/.venv/lib/python3.14/site-packages/django_redis/cache.py", line 48, in _decorator
    return method(self, *args, **kwargs)
  File "/Users/rozhchenko/PycharmProjects/Book_shop/.venv/lib/python3.14/site-packages/django_redis/cache.py", line 124, in _get
    return self.client.get(key, default=default, version=version, client=client)
           ~~~~~~~~~~~~~~~^^^^^^^^^^^^^^^^^^^^^^^^^^^^^^^^^^^^^^^^^^^^^^^^^^^^^^
  File "/Users/rozhchenko/PycharmProjects/Book_shop/.venv/lib/python3.14/site-packages/django_redis/client/default.py", line 362, in get
    raise ConnectionInterrupted(connection=client) from e
django_redis.exceptions.ConnectionInterrupted: Redis ConnectionError: Error 8 connecting to redis:6379. nodename nor servname provided, or not known.

During handling of the above exception, another exception occurred:

Traceback (most recent call last):
  File "/Users/rozhchenko/PycharmProjects/Book_shop/.venv/lib/python3.14/site-packages/django/core/handlers/exception.py", line 55, in inner
    response = get_response(request)
  File "/Users/rozhchenko/PycharmProjects/Book_shop/.venv/lib/python3.14/site-packages/django/core/handlers/base.py", line 198, in _get_response
    response = wrapped_callback(request, *callback_args, **callback_kwargs)
  File "/Users/rozhchenko/PycharmProjects/Book_shop/.venv/lib/python3.14/site-packages/django/views/decorators/csrf.py", line 65, in _view_wrapper
    return view_func(request, *args, **kwargs)
  File "/Users/rozhchenko/PycharmProjects/Book_shop/.venv/lib/python3.14/site-packages/rest_framework/viewsets.py", line 124, in view
    return self.dispatch(request, *args, **kwargs)
           ~~~~~~~~~~~~~^^^^^^^^^^^^^^^^^^^^^^^^^^
  File "/Users/rozhchenko/PycharmProjects/Book_shop/.venv/lib/python3.14/site-packages/rest_framework/views.py", line 526, in dispatch
    response = self.handle_exception(exc)
  File "/Users/rozhchenko/PycharmProjects/Book_shop/.venv/lib/python3.14/site-packages/rest_framework/views.py", line 474, in handle_exception
    self.raise_uncaught_exception(exc)
    ~~~~~~~~~~~~~~~~~~~~~~~~~~~~~^^^^^
  File "/Users/rozhchenko/PycharmProjects/Book_shop/.venv/lib/python3.14/site-packages/rest_framework/views.py", line 485, in raise_uncaught_exception
    raise exc
  File "/Users/rozhchenko/PycharmProjects/Book_shop/.venv/lib/python3.14/site-packages/rest_framework/views.py", line 514, in dispatch
    self.initial(request, *args, **kwargs)
    ~~~~~~~~~~~~^^^^^^^^^^^^^^^^^^^^^^^^^^
  File "/Users/rozhchenko/PycharmProjects/Book_shop/.venv/lib/python3.14/site-packages/rest_framework/views.py", line 421, in initial
    self.check_throttles(request)
    ~~~~~~~~~~~~~~~~~~~~^^^^^^^^^
  File "/Users/rozhchenko/PycharmProjects/Book_shop/.venv/lib/python3.14/site-packages/rest_framework/views.py", line 364, in check_throttles
    if not throttle.allow_request(request, self):
           ~~~~~~~~~~~~~~~~~~~~~~^^^^^^^^^^^^^^^
  File "/Users/rozhchenko/PycharmProjects/Book_shop/.venv/lib/python3.14/site-packages/rest_framework/throttling.py", line 123, in allow_request
    self.history = self.cache.get(self.key, [])
                   ~~~~~~~~~~~~~~^^^^^^^^^^^^^^
  File "/Users/rozhchenko/PycharmProjects/Book_shop/.venv/lib/python3.14/site-packages/django_redis/cache.py", line 117, in get
    value = self._get(key, default, version, client)
  File "/Users/rozhchenko/PycharmProjects/Book_shop/.venv/lib/python3.14/site-packages/django_redis/cache.py", line 55, in _decorator
    raise e.__cause__  # type: ignore[misc] # noqa: B904
    ^^^^^^^^^^^^^^^^^
  File "/Users/rozhchenko/PycharmProjects/Book_shop/.venv/lib/python3.14/site-packages/django_redis/client/default.py", line 360, in get
    value = client.get(key)
  File "/Users/rozhchenko/PycharmProjects/Book_shop/.venv/lib/python3.14/site-packages/redis/commands/core.py", line 3200, in get
    return self.execute_command("GET", name, keys=[name])
           ~~~~~~~~~~~~~~~~~~~~^^^^^^^^^^^^^^^^^^^^^^^^^^
  File "/Users/rozhchenko/PycharmProjects/Book_shop/.venv/lib/python3.14/site-packages/redis/client.py", line 867, in execute_command
    return self._execute_command(*args, **options)
           ~~~~~~~~~~~~~~~~~~~~~^^^^^^^^^^^^^^^^^^
  File "/Users/rozhchenko/PycharmProjects/Book_shop/.venv/lib/python3.14/site-packages/redis/client.py", line 873, in _execute_command
    conn = self.connection or pool.get_connection()
                              ~~~~~~~~~~~~~~~~~~~^^
  File "/Users/rozhchenko/PycharmProjects/Book_shop/.venv/lib/python3.14/site-packages/redis/utils.py", line 258, in wrapper
    return func(*args, **kwargs)
  File "/Users/rozhchenko/PycharmProjects/Book_shop/.venv/lib/python3.14/site-packages/redis/connection.py", line 3273, in get_connection
    connection.connect()
    ~~~~~~~~~~~~~~~~~~^^
  File "/Users/rozhchenko/PycharmProjects/Book_shop/.venv/lib/python3.14/site-packages/redis/connection.py", line 1028, in connect
    self.retry.call_with_retry(
    ~~~~~~~~~~~~~~~~~~~~~~~~~~^
        lambda: self.connect_check_health(
        ^^^^^^^^^^^^^^^^^^^^^^^^^^^^^^^^^^
    ...<2 lines>...
        lambda error: self.disconnect(error),
        ^^^^^^^^^^^^^^^^^^^^^^^^^^^^^^^^^^^^^
    )
    ^
  File "/Users/rozhchenko/PycharmProjects/Book_shop/.venv/lib/python3.14/site-packages/redis/retry.py", line 132, in call_with_retry
    raise error
  File "/Users/rozhchenko/PycharmProjects/Book_shop/.venv/lib/python3.14/site-packages/redis/retry.py", line 120, in call_with_retry
    return do()
  File "/Users/rozhchenko/PycharmProjects/Book_shop/.venv/lib/python3.14/site-packages/redis/connection.py", line 1029, in <lambda>
    lambda: self.connect_check_health(
            ~~~~~~~~~~~~~~~~~~~~~~~~~^
        check_health=True, retry_socket_connect=False
        ^^^^^^^^^^^^^^^^^^^^^^^^^^^^^^^^^^^^^^^^^^^^^
    ),
    ^
  File "/Users/rozhchenko/PycharmProjects/Book_shop/.venv/lib/python3.14/site-packages/redis/connection.py", line 1077, in connect_check_health
    raise e
redis.exceptions.ConnectionError: Error 8 connecting to redis:6379. nodename nor servname provided, or not known.
ERROR | 2026-09-10 07:43:26,512 | log | Internal Server Error: /api/categories/
Traceback (most recent call last):
  File "/Users/rozhchenko/PycharmProjects/Book_shop/.venv/lib/python3.14/site-packages/django_redis/cache.py", line 48, in _decorator
    return method(self, *args, **kwargs)
  File "/Users/rozhchenko/PycharmProjects/Book_shop/.venv/lib/python3.14/site-packages/django_redis/cache.py", line 124, in _get
    return self.client.get(key, default=default, version=version, client=client)
           ~~~~~~~~~~~~~~~^^^^^^^^^^^^^^^^^^^^^^^^^^^^^^^^^^^^^^^^^^^^^^^^^^^^^^
  File "/Users/rozhchenko/PycharmProjects/Book_shop/.venv/lib/python3.14/site-packages/django_redis/client/default.py", line 362, in get
    raise ConnectionInterrupted(connection=client) from e
django_redis.exceptions.ConnectionInterrupted: Redis ConnectionError: Error 8 connecting to redis:6379. nodename nor servname provided, or not known.

During handling of the above exception, another exception occurred:

Traceback (most recent call last):
  File "/Users/rozhchenko/PycharmProjects/Book_shop/.venv/lib/python3.14/site-packages/django/core/handlers/exception.py", line 55, in inner
    response = get_response(request)
  File "/Users/rozhchenko/PycharmProjects/Book_shop/.venv/lib/python3.14/site-packages/django/core/handlers/base.py", line 198, in _get_response
    response = wrapped_callback(request, *callback_args, **callback_kwargs)
  File "/Users/rozhchenko/PycharmProjects/Book_shop/.venv/lib/python3.14/site-packages/django/views/decorators/csrf.py", line 65, in _view_wrapper
    return view_func(request, *args, **kwargs)
  File "/Users/rozhchenko/PycharmProjects/Book_shop/.venv/lib/python3.14/site-packages/rest_framework/viewsets.py", line 124, in view
    return self.dispatch(request, *args, **kwargs)
           ~~~~~~~~~~~~~^^^^^^^^^^^^^^^^^^^^^^^^^^
  File "/Users/rozhchenko/PycharmProjects/Book_shop/.venv/lib/python3.14/site-packages/rest_framework/views.py", line 526, in dispatch
    response = self.handle_exception(exc)
  File "/Users/rozhchenko/PycharmProjects/Book_shop/.venv/lib/python3.14/site-packages/rest_framework/views.py", line 474, in handle_exception
    self.raise_uncaught_exception(exc)
    ~~~~~~~~~~~~~~~~~~~~~~~~~~~~~^^^^^
  File "/Users/rozhchenko/PycharmProjects/Book_shop/.venv/lib/python3.14/site-packages/rest_framework/views.py", line 485, in raise_uncaught_exception
    raise exc
  File "/Users/rozhchenko/PycharmProjects/Book_shop/.venv/lib/python3.14/site-packages/rest_framework/views.py", line 514, in dispatch
    self.initial(request, *args, **kwargs)
    ~~~~~~~~~~~~^^^^^^^^^^^^^^^^^^^^^^^^^^
  File "/Users/rozhchenko/PycharmProjects/Book_shop/.venv/lib/python3.14/site-packages/rest_framework/views.py", line 421, in initial
    self.check_throttles(request)
    ~~~~~~~~~~~~~~~~~~~~^^^^^^^^^
  File "/Users/rozhchenko/PycharmProjects/Book_shop/.venv/lib/python3.14/site-packages/rest_framework/views.py", line 364, in check_throttles
    if not throttle.allow_request(request, self):
           ~~~~~~~~~~~~~~~~~~~~~~^^^^^^^^^^^^^^^
  File "/Users/rozhchenko/PycharmProjects/Book_shop/.venv/lib/python3.14/site-packages/rest_framework/throttling.py", line 123, in allow_request
    self.history = self.cache.get(self.key, [])
                   ~~~~~~~~~~~~~~^^^^^^^^^^^^^^
  File "/Users/rozhchenko/PycharmProjects/Book_shop/.venv/lib/python3.14/site-packages/django_redis/cache.py", line 117, in get
    value = self._get(key, default, version, client)
  File "/Users/rozhchenko/PycharmProjects/Book_shop/.venv/lib/python3.14/site-packages/django_redis/cache.py", line 55, in _decorator
    raise e.__cause__  # type: ignore[misc] # noqa: B904
    ^^^^^^^^^^^^^^^^^
  File "/Users/rozhchenko/PycharmProjects/Book_shop/.venv/lib/python3.14/site-packages/django_redis/client/default.py", line 360, in get
    value = client.get(key)
  File "/Users/rozhchenko/PycharmProjects/Book_shop/.venv/lib/python3.14/site-packages/redis/commands/core.py", line 3200, in get
    return self.execute_command("GET", name, keys=[name])
           ~~~~~~~~~~~~~~~~~~~~^^^^^^^^^^^^^^^^^^^^^^^^^^
  File "/Users/rozhchenko/PycharmProjects/Book_shop/.venv/lib/python3.14/site-packages/redis/client.py", line 867, in execute_command
    return self._execute_command(*args, **options)
           ~~~~~~~~~~~~~~~~~~~~~^^^^^^^^^^^^^^^^^^
  File "/Users/rozhchenko/PycharmProjects/Book_shop/.venv/lib/python3.14/site-packages/redis/client.py", line 873, in _execute_command
    conn = self.connection or pool.get_connection()
                              ~~~~~~~~~~~~~~~~~~~^^
  File "/Users/rozhchenko/PycharmProjects/Book_shop/.venv/lib/python3.14/site-packages/redis/utils.py", line 258, in wrapper
    return func(*args, **kwargs)
  File "/Users/rozhchenko/PycharmProjects/Book_shop/.venv/lib/python3.14/site-packages/redis/connection.py", line 3273, in get_connection
    connection.connect()
    ~~~~~~~~~~~~~~~~~~^^
  File "/Users/rozhchenko/PycharmProjects/Book_shop/.venv/lib/python3.14/site-packages/redis/connection.py", line 1028, in connect
    self.retry.call_with_retry(
    ~~~~~~~~~~~~~~~~~~~~~~~~~~^
        lambda: self.connect_check_health(
        ^^^^^^^^^^^^^^^^^^^^^^^^^^^^^^^^^^
    ...<2 lines>...
        lambda error: self.disconnect(error),
        ^^^^^^^^^^^^^^^^^^^^^^^^^^^^^^^^^^^^^
    )
    ^
  File "/Users/rozhchenko/PycharmProjects/Book_shop/.venv/lib/python3.14/site-packages/redis/retry.py", line 132, in call_with_retry
    raise error
  File "/Users/rozhchenko/PycharmProjects/Book_shop/.venv/lib/python3.14/site-packages/redis/retry.py", line 120, in call_with_retry
    return do()
  File "/Users/rozhchenko/PycharmProjects/Book_shop/.venv/lib/python3.14/site-packages/redis/connection.py", line 1029, in <lambda>
    lambda: self.connect_check_health(
            ~~~~~~~~~~~~~~~~~~~~~~~~~^
        check_health=True, retry_socket_connect=False
        ^^^^^^^^^^^^^^^^^^^^^^^^^^^^^^^^^^^^^^^^^^^^^
    ),
    ^
  File "/Users/rozhchenko/PycharmProjects/Book_shop/.venv/lib/python3.14/site-packages/redis/connection.py", line 1077, in connect_check_health
    raise e
redis.exceptions.ConnectionError: Error 8 connecting to redis:6379. nodename nor servname provided, or not known.
ERROR | 2026-09-10 07:43:27,160 | log | Internal Server Error: /api/docs/
Traceback (most recent call last):
  File "/Users/rozhchenko/PycharmProjects/Book_shop/.venv/lib/python3.14/site-packages/django_redis/cache.py", line 48, in _decorator
    return method(self, *args, **kwargs)
  File "/Users/rozhchenko/PycharmProjects/Book_shop/.venv/lib/python3.14/site-packages/django_redis/cache.py", line 124, in _get
    return self.client.get(key, default=default, version=version, client=client)
           ~~~~~~~~~~~~~~~^^^^^^^^^^^^^^^^^^^^^^^^^^^^^^^^^^^^^^^^^^^^^^^^^^^^^^
  File "/Users/rozhchenko/PycharmProjects/Book_shop/.venv/lib/python3.14/site-packages/django_redis/client/default.py", line 362, in get
    raise ConnectionInterrupted(connection=client) from e
django_redis.exceptions.ConnectionInterrupted: Redis ConnectionError: Error 8 connecting to redis:6379. nodename nor servname provided, or not known.

During handling of the above exception, another exception occurred:

Traceback (most recent call last):
  File "/Users/rozhchenko/PycharmProjects/Book_shop/.venv/lib/python3.14/site-packages/django/core/handlers/exception.py", line 55, in inner
    response = get_response(request)
  File "/Users/rozhchenko/PycharmProjects/Book_shop/.venv/lib/python3.14/site-packages/django/core/handlers/base.py", line 198, in _get_response
    response = wrapped_callback(request, *callback_args, **callback_kwargs)
  File "/Users/rozhchenko/PycharmProjects/Book_shop/.venv/lib/python3.14/site-packages/django/views/decorators/csrf.py", line 65, in _view_wrapper
    return view_func(request, *args, **kwargs)
  File "/Users/rozhchenko/PycharmProjects/Book_shop/.venv/lib/python3.14/site-packages/django/views/generic/base.py", line 106, in view
    return self.dispatch(request, *args, **kwargs)
           ~~~~~~~~~~~~~^^^^^^^^^^^^^^^^^^^^^^^^^^
  File "/Users/rozhchenko/PycharmProjects/Book_shop/.venv/lib/python3.14/site-packages/rest_framework/views.py", line 526, in dispatch
    response = self.handle_exception(exc)
  File "/Users/rozhchenko/PycharmProjects/Book_shop/.venv/lib/python3.14/site-packages/rest_framework/views.py", line 474, in handle_exception
    self.raise_uncaught_exception(exc)
    ~~~~~~~~~~~~~~~~~~~~~~~~~~~~~^^^^^
  File "/Users/rozhchenko/PycharmProjects/Book_shop/.venv/lib/python3.14/site-packages/rest_framework/views.py", line 485, in raise_uncaught_exception
    raise exc
  File "/Users/rozhchenko/PycharmProjects/Book_shop/.venv/lib/python3.14/site-packages/rest_framework/views.py", line 514, in dispatch
    self.initial(request, *args, **kwargs)
    ~~~~~~~~~~~~^^^^^^^^^^^^^^^^^^^^^^^^^^
  File "/Users/rozhchenko/PycharmProjects/Book_shop/.venv/lib/python3.14/site-packages/rest_framework/views.py", line 421, in initial
    self.check_throttles(request)
    ~~~~~~~~~~~~~~~~~~~~^^^^^^^^^
  File "/Users/rozhchenko/PycharmProjects/Book_shop/.venv/lib/python3.14/site-packages/rest_framework/views.py", line 364, in check_throttles
    if not throttle.allow_request(request, self):
           ~~~~~~~~~~~~~~~~~~~~~~^^^^^^^^^^^^^^^
  File "/Users/rozhchenko/PycharmProjects/Book_shop/.venv/lib/python3.14/site-packages/rest_framework/throttling.py", line 123, in allow_request
    self.history = self.cache.get(self.key, [])
                   ~~~~~~~~~~~~~~^^^^^^^^^^^^^^
  File "/Users/rozhchenko/PycharmProjects/Book_shop/.venv/lib/python3.14/site-packages/django_redis/cache.py", line 117, in get
    value = self._get(key, default, version, client)
  File "/Users/rozhchenko/PycharmProjects/Book_shop/.venv/lib/python3.14/site-packages/django_redis/cache.py", line 55, in _decorator
    raise e.__cause__  # type: ignore[misc] # noqa: B904
    ^^^^^^^^^^^^^^^^^
  File "/Users/rozhchenko/PycharmProjects/Book_shop/.venv/lib/python3.14/site-packages/django_redis/client/default.py", line 360, in get
    value = client.get(key)
  File "/Users/rozhchenko/PycharmProjects/Book_shop/.venv/lib/python3.14/site-packages/redis/commands/core.py", line 3200, in get
    return self.execute_command("GET", name, keys=[name])
           ~~~~~~~~~~~~~~~~~~~~^^^^^^^^^^^^^^^^^^^^^^^^^^
  File "/Users/rozhchenko/PycharmProjects/Book_shop/.venv/lib/python3.14/site-packages/redis/client.py", line 867, in execute_command
    return self._execute_command(*args, **options)
           ~~~~~~~~~~~~~~~~~~~~~^^^^^^^^^^^^^^^^^^
  File "/Users/rozhchenko/PycharmProjects/Book_shop/.venv/lib/python3.14/site-packages/redis/client.py", line 873, in _execute_command
    conn = self.connection or pool.get_connection()
                              ~~~~~~~~~~~~~~~~~~~^^
  File "/Users/rozhchenko/PycharmProjects/Book_shop/.venv/lib/python3.14/site-packages/redis/utils.py", line 258, in wrapper
    return func(*args, **kwargs)
  File "/Users/rozhchenko/PycharmProjects/Book_shop/.venv/lib/python3.14/site-packages/redis/connection.py", line 3273, in get_connection
    connection.connect()
    ~~~~~~~~~~~~~~~~~~^^
  File "/Users/rozhchenko/PycharmProjects/Book_shop/.venv/lib/python3.14/site-packages/redis/connection.py", line 1028, in connect
    self.retry.call_with_retry(
    ~~~~~~~~~~~~~~~~~~~~~~~~~~^
        lambda: self.connect_check_health(
        ^^^^^^^^^^^^^^^^^^^^^^^^^^^^^^^^^^
    ...<2 lines>...
        lambda error: self.disconnect(error),
        ^^^^^^^^^^^^^^^^^^^^^^^^^^^^^^^^^^^^^
    )
    ^
  File "/Users/rozhchenko/PycharmProjects/Book_shop/.venv/lib/python3.14/site-packages/redis/retry.py", line 132, in call_with_retry
    raise error
  File "/Users/rozhchenko/PycharmProjects/Book_shop/.venv/lib/python3.14/site-packages/redis/retry.py", line 120, in call_with_retry
    return do()
  File "/Users/rozhchenko/PycharmProjects/Book_shop/.venv/lib/python3.14/site-packages/redis/connection.py", line 1029, in <lambda>
    lambda: self.connect_check_health(
            ~~~~~~~~~~~~~~~~~~~~~~~~~^
        check_health=True, retry_socket_connect=False
        ^^^^^^^^^^^^^^^^^^^^^^^^^^^^^^^^^^^^^^^^^^^^^
    ),
    ^
  File "/Users/rozhchenko/PycharmProjects/Book_shop/.venv/lib/python3.14/site-packages/redis/connection.py", line 1077, in connect_check_health
    raise e
redis.exceptions.ConnectionError: Error 8 connecting to redis:6379. nodename nor servname provided, or not known.
WARNING | 2026-09-10 07:43:27,778 | log | Unauthorized: /api/orders/
WARNING | 2026-09-10 07:43:27,810 | log | Unauthorized: /api/carts/
ERROR | 2026-09-10 07:43:29,064 | log | Internal Server Error: /api/orders/
Traceback (most recent call last):
  File "/Users/rozhchenko/PycharmProjects/Book_shop/.venv/lib/python3.14/site-packages/django_redis/cache.py", line 48, in _decorator
    return method(self, *args, **kwargs)
  File "/Users/rozhchenko/PycharmProjects/Book_shop/.venv/lib/python3.14/site-packages/django_redis/cache.py", line 124, in _get
    return self.client.get(key, default=default, version=version, client=client)
           ~~~~~~~~~~~~~~~^^^^^^^^^^^^^^^^^^^^^^^^^^^^^^^^^^^^^^^^^^^^^^^^^^^^^^
  File "/Users/rozhchenko/PycharmProjects/Book_shop/.venv/lib/python3.14/site-packages/django_redis/client/default.py", line 362, in get
    raise ConnectionInterrupted(connection=client) from e
django_redis.exceptions.ConnectionInterrupted: Redis ConnectionError: Error 8 connecting to redis:6379. nodename nor servname provided, or not known.

During handling of the above exception, another exception occurred:

Traceback (most recent call last):
  File "/Users/rozhchenko/PycharmProjects/Book_shop/.venv/lib/python3.14/site-packages/django/core/handlers/exception.py", line 55, in inner
    response = get_response(request)
  File "/Users/rozhchenko/PycharmProjects/Book_shop/.venv/lib/python3.14/site-packages/django/core/handlers/base.py", line 198, in _get_response
    response = wrapped_callback(request, *callback_args, **callback_kwargs)
  File "/Users/rozhchenko/PycharmProjects/Book_shop/.venv/lib/python3.14/site-packages/django/views/decorators/csrf.py", line 65, in _view_wrapper
    return view_func(request, *args, **kwargs)
  File "/Users/rozhchenko/PycharmProjects/Book_shop/.venv/lib/python3.14/site-packages/rest_framework/viewsets.py", line 124, in view
    return self.dispatch(request, *args, **kwargs)
           ~~~~~~~~~~~~~^^^^^^^^^^^^^^^^^^^^^^^^^^
  File "/Users/rozhchenko/PycharmProjects/Book_shop/.venv/lib/python3.14/site-packages/rest_framework/views.py", line 526, in dispatch
    response = self.handle_exception(exc)
  File "/Users/rozhchenko/PycharmProjects/Book_shop/.venv/lib/python3.14/site-packages/rest_framework/views.py", line 474, in handle_exception
    self.raise_uncaught_exception(exc)
    ~~~~~~~~~~~~~~~~~~~~~~~~~~~~~^^^^^
  File "/Users/rozhchenko/PycharmProjects/Book_shop/.venv/lib/python3.14/site-packages/rest_framework/views.py", line 485, in raise_uncaught_exception
    raise exc
  File "/Users/rozhchenko/PycharmProjects/Book_shop/.venv/lib/python3.14/site-packages/rest_framework/views.py", line 514, in dispatch
    self.initial(request, *args, **kwargs)
    ~~~~~~~~~~~~^^^^^^^^^^^^^^^^^^^^^^^^^^
  File "/Users/rozhchenko/PycharmProjects/Book_shop/.venv/lib/python3.14/site-packages/rest_framework/views.py", line 421, in initial
    self.check_throttles(request)
    ~~~~~~~~~~~~~~~~~~~~^^^^^^^^^
  File "/Users/rozhchenko/PycharmProjects/Book_shop/.venv/lib/python3.14/site-packages/rest_framework/views.py", line 364, in check_throttles
    if not throttle.allow_request(request, self):
           ~~~~~~~~~~~~~~~~~~~~~~^^^^^^^^^^^^^^^
  File "/Users/rozhchenko/PycharmProjects/Book_shop/.venv/lib/python3.14/site-packages/rest_framework/throttling.py", line 123, in allow_request
    self.history = self.cache.get(self.key, [])
                   ~~~~~~~~~~~~~~^^^^^^^^^^^^^^
  File "/Users/rozhchenko/PycharmProjects/Book_shop/.venv/lib/python3.14/site-packages/django_redis/cache.py", line 117, in get
    value = self._get(key, default, version, client)
  File "/Users/rozhchenko/PycharmProjects/Book_shop/.venv/lib/python3.14/site-packages/django_redis/cache.py", line 55, in _decorator
    raise e.__cause__  # type: ignore[misc] # noqa: B904
    ^^^^^^^^^^^^^^^^^
  File "/Users/rozhchenko/PycharmProjects/Book_shop/.venv/lib/python3.14/site-packages/django_redis/client/default.py", line 360, in get
    value = client.get(key)
  File "/Users/rozhchenko/PycharmProjects/Book_shop/.venv/lib/python3.14/site-packages/redis/commands/core.py", line 3200, in get
    return self.execute_command("GET", name, keys=[name])
           ~~~~~~~~~~~~~~~~~~~~^^^^^^^^^^^^^^^^^^^^^^^^^^
  File "/Users/rozhchenko/PycharmProjects/Book_shop/.venv/lib/python3.14/site-packages/redis/client.py", line 867, in execute_command
    return self._execute_command(*args, **options)
           ~~~~~~~~~~~~~~~~~~~~~^^^^^^^^^^^^^^^^^^
  File "/Users/rozhchenko/PycharmProjects/Book_shop/.venv/lib/python3.14/site-packages/redis/client.py", line 873, in _execute_command
    conn = self.connection or pool.get_connection()
                              ~~~~~~~~~~~~~~~~~~~^^
  File "/Users/rozhchenko/PycharmProjects/Book_shop/.venv/lib/python3.14/site-packages/redis/utils.py", line 258, in wrapper
    return func(*args, **kwargs)
  File "/Users/rozhchenko/PycharmProjects/Book_shop/.venv/lib/python3.14/site-packages/redis/connection.py", line 3273, in get_connection
    connection.connect()
    ~~~~~~~~~~~~~~~~~~^^
  File "/Users/rozhchenko/PycharmProjects/Book_shop/.venv/lib/python3.14/site-packages/redis/connection.py", line 1028, in connect
    self.retry.call_with_retry(
    ~~~~~~~~~~~~~~~~~~~~~~~~~~^
        lambda: self.connect_check_health(
        ^^^^^^^^^^^^^^^^^^^^^^^^^^^^^^^^^^
    ...<2 lines>...
        lambda error: self.disconnect(error),
        ^^^^^^^^^^^^^^^^^^^^^^^^^^^^^^^^^^^^^
    )
    ^
  File "/Users/rozhchenko/PycharmProjects/Book_shop/.venv/lib/python3.14/site-packages/redis/retry.py", line 132, in call_with_retry
    raise error
  File "/Users/rozhchenko/PycharmProjects/Book_shop/.venv/lib/python3.14/site-packages/redis/retry.py", line 120, in call_with_retry
    return do()
  File "/Users/rozhchenko/PycharmProjects/Book_shop/.venv/lib/python3.14/site-packages/redis/connection.py", line 1029, in <lambda>
    lambda: self.connect_check_health(
            ~~~~~~~~~~~~~~~~~~~~~~~~~^
        check_health=True, retry_socket_connect=False
        ^^^^^^^^^^^^^^^^^^^^^^^^^^^^^^^^^^^^^^^^^^^^^
    ),
    ^
  File "/Users/rozhchenko/PycharmProjects/Book_shop/.venv/lib/python3.14/site-packages/redis/connection.py", line 1077, in connect_check_health
    raise e
redis.exceptions.ConnectionError: Error 8 connecting to redis:6379. nodename nor servname provided, or not known.
ERROR | 2026-09-10 07:43:30,960 | log | Internal Server Error: /api/carts/
Traceback (most recent call last):
  File "/Users/rozhchenko/PycharmProjects/Book_shop/.venv/lib/python3.14/site-packages/django_redis/cache.py", line 48, in _decorator
    return method(self, *args, **kwargs)
  File "/Users/rozhchenko/PycharmProjects/Book_shop/.venv/lib/python3.14/site-packages/django_redis/cache.py", line 124, in _get
    return self.client.get(key, default=default, version=version, client=client)
           ~~~~~~~~~~~~~~~^^^^^^^^^^^^^^^^^^^^^^^^^^^^^^^^^^^^^^^^^^^^^^^^^^^^^^
  File "/Users/rozhchenko/PycharmProjects/Book_shop/.venv/lib/python3.14/site-packages/django_redis/client/default.py", line 362, in get
    raise ConnectionInterrupted(connection=client) from e
django_redis.exceptions.ConnectionInterrupted: Redis ConnectionError: Error 8 connecting to redis:6379. nodename nor servname provided, or not known.

During handling of the above exception, another exception occurred:

Traceback (most recent call last):
  File "/Users/rozhchenko/PycharmProjects/Book_shop/.venv/lib/python3.14/site-packages/django/core/handlers/exception.py", line 55, in inner
    response = get_response(request)
  File "/Users/rozhchenko/PycharmProjects/Book_shop/.venv/lib/python3.14/site-packages/django/core/handlers/base.py", line 198, in _get_response
    response = wrapped_callback(request, *callback_args, **callback_kwargs)
  File "/Users/rozhchenko/PycharmProjects/Book_shop/.venv/lib/python3.14/site-packages/django/views/decorators/csrf.py", line 65, in _view_wrapper
    return view_func(request, *args, **kwargs)
  File "/Users/rozhchenko/PycharmProjects/Book_shop/.venv/lib/python3.14/site-packages/rest_framework/viewsets.py", line 124, in view
    return self.dispatch(request, *args, **kwargs)
           ~~~~~~~~~~~~~^^^^^^^^^^^^^^^^^^^^^^^^^^
  File "/Users/rozhchenko/PycharmProjects/Book_shop/.venv/lib/python3.14/site-packages/rest_framework/views.py", line 526, in dispatch
    response = self.handle_exception(exc)
  File "/Users/rozhchenko/PycharmProjects/Book_shop/.venv/lib/python3.14/site-packages/rest_framework/views.py", line 474, in handle_exception
    self.raise_uncaught_exception(exc)
    ~~~~~~~~~~~~~~~~~~~~~~~~~~~~~^^^^^
  File "/Users/rozhchenko/PycharmProjects/Book_shop/.venv/lib/python3.14/site-packages/rest_framework/views.py", line 485, in raise_uncaught_exception
    raise exc
  File "/Users/rozhchenko/PycharmProjects/Book_shop/.venv/lib/python3.14/site-packages/rest_framework/views.py", line 514, in dispatch
    self.initial(request, *args, **kwargs)
    ~~~~~~~~~~~~^^^^^^^^^^^^^^^^^^^^^^^^^^
  File "/Users/rozhchenko/PycharmProjects/Book_shop/.venv/lib/python3.14/site-packages/rest_framework/views.py", line 421, in initial
    self.check_throttles(request)
    ~~~~~~~~~~~~~~~~~~~~^^^^^^^^^
  File "/Users/rozhchenko/PycharmProjects/Book_shop/.venv/lib/python3.14/site-packages/rest_framework/views.py", line 364, in check_throttles
    if not throttle.allow_request(request, self):
           ~~~~~~~~~~~~~~~~~~~~~~^^^^^^^^^^^^^^^
  File "/Users/rozhchenko/PycharmProjects/Book_shop/.venv/lib/python3.14/site-packages/rest_framework/throttling.py", line 123, in allow_request
    self.history = self.cache.get(self.key, [])
                   ~~~~~~~~~~~~~~^^^^^^^^^^^^^^
  File "/Users/rozhchenko/PycharmProjects/Book_shop/.venv/lib/python3.14/site-packages/django_redis/cache.py", line 117, in get
    value = self._get(key, default, version, client)
  File "/Users/rozhchenko/PycharmProjects/Book_shop/.venv/lib/python3.14/site-packages/django_redis/cache.py", line 55, in _decorator
    raise e.__cause__  # type: ignore[misc] # noqa: B904
    ^^^^^^^^^^^^^^^^^
  File "/Users/rozhchenko/PycharmProjects/Book_shop/.venv/lib/python3.14/site-packages/django_redis/client/default.py", line 360, in get
    value = client.get(key)
  File "/Users/rozhchenko/PycharmProjects/Book_shop/.venv/lib/python3.14/site-packages/redis/commands/core.py", line 3200, in get
    return self.execute_command("GET", name, keys=[name])
           ~~~~~~~~~~~~~~~~~~~~^^^^^^^^^^^^^^^^^^^^^^^^^^
  File "/Users/rozhchenko/PycharmProjects/Book_shop/.venv/lib/python3.14/site-packages/redis/client.py", line 867, in execute_command
    return self._execute_command(*args, **options)
           ~~~~~~~~~~~~~~~~~~~~~^^^^^^^^^^^^^^^^^^
  File "/Users/rozhchenko/PycharmProjects/Book_shop/.venv/lib/python3.14/site-packages/redis/client.py", line 873, in _execute_command
    conn = self.connection or pool.get_connection()
                              ~~~~~~~~~~~~~~~~~~~^^
  File "/Users/rozhchenko/PycharmProjects/Book_shop/.venv/lib/python3.14/site-packages/redis/utils.py", line 258, in wrapper
    return func(*args, **kwargs)
  File "/Users/rozhchenko/PycharmProjects/Book_shop/.venv/lib/python3.14/site-packages/redis/connection.py", line 3273, in get_connection
    connection.connect()
    ~~~~~~~~~~~~~~~~~~^^
  File "/Users/rozhchenko/PycharmProjects/Book_shop/.venv/lib/python3.14/site-packages/redis/connection.py", line 1028, in connect
    self.retry.call_with_retry(
    ~~~~~~~~~~~~~~~~~~~~~~~~~~^
        lambda: self.connect_check_health(
        ^^^^^^^^^^^^^^^^^^^^^^^^^^^^^^^^^^
    ...<2 lines>...
        lambda error: self.disconnect(error),
        ^^^^^^^^^^^^^^^^^^^^^^^^^^^^^^^^^^^^^
    )
    ^
  File "/Users/rozhchenko/PycharmProjects/Book_shop/.venv/lib/python3.14/site-packages/redis/retry.py", line 132, in call_with_retry
    raise error
  File "/Users/rozhchenko/PycharmProjects/Book_shop/.venv/lib/python3.14/site-packages/redis/retry.py", line 120, in call_with_retry
    return do()
  File "/Users/rozhchenko/PycharmProjects/Book_shop/.venv/lib/python3.14/site-packages/redis/connection.py", line 1029, in <lambda>
    lambda: self.connect_check_health(
            ~~~~~~~~~~~~~~~~~~~~~~~~~^
        check_health=True, retry_socket_connect=False
        ^^^^^^^^^^^^^^^^^^^^^^^^^^^^^^^^^^^^^^^^^^^^^
    ),
    ^
  File "/Users/rozhchenko/PycharmProjects/Book_shop/.venv/lib/python3.14/site-packages/redis/connection.py", line 1077, in connect_check_health
    raise e
redis.exceptions.ConnectionError: Error 8 connecting to redis:6379. nodename nor servname provided, or not known.
ERROR | 2026-09-10 07:43:32,811 | log | Internal Server Error: /api/token/
Traceback (most recent call last):
  File "/Users/rozhchenko/PycharmProjects/Book_shop/.venv/lib/python3.14/site-packages/django_redis/cache.py", line 48, in _decorator
    return method(self, *args, **kwargs)
  File "/Users/rozhchenko/PycharmProjects/Book_shop/.venv/lib/python3.14/site-packages/django_redis/cache.py", line 124, in _get
    return self.client.get(key, default=default, version=version, client=client)
           ~~~~~~~~~~~~~~~^^^^^^^^^^^^^^^^^^^^^^^^^^^^^^^^^^^^^^^^^^^^^^^^^^^^^^
  File "/Users/rozhchenko/PycharmProjects/Book_shop/.venv/lib/python3.14/site-packages/django_redis/client/default.py", line 362, in get
    raise ConnectionInterrupted(connection=client) from e
django_redis.exceptions.ConnectionInterrupted: Redis ConnectionError: Error 8 connecting to redis:6379. nodename nor servname provided, or not known.

During handling of the above exception, another exception occurred:

Traceback (most recent call last):
  File "/Users/rozhchenko/PycharmProjects/Book_shop/.venv/lib/python3.14/site-packages/django/core/handlers/exception.py", line 55, in inner
    response = get_response(request)
  File "/Users/rozhchenko/PycharmProjects/Book_shop/.venv/lib/python3.14/site-packages/django/core/handlers/base.py", line 198, in _get_response
    response = wrapped_callback(request, *callback_args, **callback_kwargs)
  File "/Users/rozhchenko/PycharmProjects/Book_shop/.venv/lib/python3.14/site-packages/django/views/decorators/csrf.py", line 65, in _view_wrapper
    return view_func(request, *args, **kwargs)
  File "/Users/rozhchenko/PycharmProjects/Book_shop/.venv/lib/python3.14/site-packages/django/views/generic/base.py", line 106, in view
    return self.dispatch(request, *args, **kwargs)
           ~~~~~~~~~~~~~^^^^^^^^^^^^^^^^^^^^^^^^^^
  File "/Users/rozhchenko/PycharmProjects/Book_shop/.venv/lib/python3.14/site-packages/rest_framework/views.py", line 526, in dispatch
    response = self.handle_exception(exc)
  File "/Users/rozhchenko/PycharmProjects/Book_shop/.venv/lib/python3.14/site-packages/rest_framework/views.py", line 474, in handle_exception
    self.raise_uncaught_exception(exc)
    ~~~~~~~~~~~~~~~~~~~~~~~~~~~~~^^^^^
  File "/Users/rozhchenko/PycharmProjects/Book_shop/.venv/lib/python3.14/site-packages/rest_framework/views.py", line 485, in raise_uncaught_exception
    raise exc
  File "/Users/rozhchenko/PycharmProjects/Book_shop/.venv/lib/python3.14/site-packages/rest_framework/views.py", line 514, in dispatch
    self.initial(request, *args, **kwargs)
    ~~~~~~~~~~~~^^^^^^^^^^^^^^^^^^^^^^^^^^
  File "/Users/rozhchenko/PycharmProjects/Book_shop/.venv/lib/python3.14/site-packages/rest_framework/views.py", line 421, in initial
    self.check_throttles(request)
    ~~~~~~~~~~~~~~~~~~~~^^^^^^^^^
  File "/Users/rozhchenko/PycharmProjects/Book_shop/.venv/lib/python3.14/site-packages/rest_framework/views.py", line 364, in check_throttles
    if not throttle.allow_request(request, self):
           ~~~~~~~~~~~~~~~~~~~~~~^^^^^^^^^^^^^^^
  File "/Users/rozhchenko/PycharmProjects/Book_shop/.venv/lib/python3.14/site-packages/rest_framework/throttling.py", line 123, in allow_request
    self.history = self.cache.get(self.key, [])
                   ~~~~~~~~~~~~~~^^^^^^^^^^^^^^
  File "/Users/rozhchenko/PycharmProjects/Book_shop/.venv/lib/python3.14/site-packages/django_redis/cache.py", line 117, in get
    value = self._get(key, default, version, client)
  File "/Users/rozhchenko/PycharmProjects/Book_shop/.venv/lib/python3.14/site-packages/django_redis/cache.py", line 55, in _decorator
    raise e.__cause__  # type: ignore[misc] # noqa: B904
    ^^^^^^^^^^^^^^^^^
  File "/Users/rozhchenko/PycharmProjects/Book_shop/.venv/lib/python3.14/site-packages/django_redis/client/default.py", line 360, in get
    value = client.get(key)
  File "/Users/rozhchenko/PycharmProjects/Book_shop/.venv/lib/python3.14/site-packages/redis/commands/core.py", line 3200, in get
    return self.execute_command("GET", name, keys=[name])
           ~~~~~~~~~~~~~~~~~~~~^^^^^^^^^^^^^^^^^^^^^^^^^^
  File "/Users/rozhchenko/PycharmProjects/Book_shop/.venv/lib/python3.14/site-packages/redis/client.py", line 867, in execute_command
    return self._execute_command(*args, **options)
           ~~~~~~~~~~~~~~~~~~~~~^^^^^^^^^^^^^^^^^^
  File "/Users/rozhchenko/PycharmProjects/Book_shop/.venv/lib/python3.14/site-packages/redis/client.py", line 873, in _execute_command
    conn = self.connection or pool.get_connection()
                              ~~~~~~~~~~~~~~~~~~~^^
  File "/Users/rozhchenko/PycharmProjects/Book_shop/.venv/lib/python3.14/site-packages/redis/utils.py", line 258, in wrapper
    return func(*args, **kwargs)
  File "/Users/rozhchenko/PycharmProjects/Book_shop/.venv/lib/python3.14/site-packages/redis/connection.py", line 3273, in get_connection
    connection.connect()
    ~~~~~~~~~~~~~~~~~~^^
  File "/Users/rozhchenko/PycharmProjects/Book_shop/.venv/lib/python3.14/site-packages/redis/connection.py", line 1028, in connect
    self.retry.call_with_retry(
    ~~~~~~~~~~~~~~~~~~~~~~~~~~^
        lambda: self.connect_check_health(
        ^^^^^^^^^^^^^^^^^^^^^^^^^^^^^^^^^^
    ...<2 lines>...
        lambda error: self.disconnect(error),
        ^^^^^^^^^^^^^^^^^^^^^^^^^^^^^^^^^^^^^
    )
    ^
  File "/Users/rozhchenko/PycharmProjects/Book_shop/.venv/lib/python3.14/site-packages/redis/retry.py", line 132, in call_with_retry
    raise error
  File "/Users/rozhchenko/PycharmProjects/Book_shop/.venv/lib/python3.14/site-packages/redis/retry.py", line 120, in call_with_retry
    return do()
  File "/Users/rozhchenko/PycharmProjects/Book_shop/.venv/lib/python3.14/site-packages/redis/connection.py", line 1029, in <lambda>
    lambda: self.connect_check_health(
            ~~~~~~~~~~~~~~~~~~~~~~~~~^
        check_health=True, retry_socket_connect=False
        ^^^^^^^^^^^^^^^^^^^^^^^^^^^^^^^^^^^^^^^^^^^^^
    ),
    ^
  File "/Users/rozhchenko/PycharmProjects/Book_shop/.venv/lib/python3.14/site-packages/redis/connection.py", line 1077, in connect_check_health
    raise e
redis.exceptions.ConnectionError: Error 8 connecting to redis:6379. nodename nor servname provided, or not known.
ERROR | 2026-09-10 07:43:33,413 | log | Internal Server Error: /api/token/
Traceback (most recent call last):
  File "/Users/rozhchenko/PycharmProjects/Book_shop/.venv/lib/python3.14/site-packages/django_redis/cache.py", line 48, in _decorator
    return method(self, *args, **kwargs)
  File "/Users/rozhchenko/PycharmProjects/Book_shop/.venv/lib/python3.14/site-packages/django_redis/cache.py", line 124, in _get
    return self.client.get(key, default=default, version=version, client=client)
           ~~~~~~~~~~~~~~~^^^^^^^^^^^^^^^^^^^^^^^^^^^^^^^^^^^^^^^^^^^^^^^^^^^^^^
  File "/Users/rozhchenko/PycharmProjects/Book_shop/.venv/lib/python3.14/site-packages/django_redis/client/default.py", line 362, in get
    raise ConnectionInterrupted(connection=client) from e
django_redis.exceptions.ConnectionInterrupted: Redis ConnectionError: Error 8 connecting to redis:6379. nodename nor servname provided, or not known.

During handling of the above exception, another exception occurred:

Traceback (most recent call last):
  File "/Users/rozhchenko/PycharmProjects/Book_shop/.venv/lib/python3.14/site-packages/django/core/handlers/exception.py", line 55, in inner
    response = get_response(request)
  File "/Users/rozhchenko/PycharmProjects/Book_shop/.venv/lib/python3.14/site-packages/django/core/handlers/base.py", line 198, in _get_response
    response = wrapped_callback(request, *callback_args, **callback_kwargs)
  File "/Users/rozhchenko/PycharmProjects/Book_shop/.venv/lib/python3.14/site-packages/django/views/decorators/csrf.py", line 65, in _view_wrapper
    return view_func(request, *args, **kwargs)
  File "/Users/rozhchenko/PycharmProjects/Book_shop/.venv/lib/python3.14/site-packages/django/views/generic/base.py", line 106, in view
    return self.dispatch(request, *args, **kwargs)
           ~~~~~~~~~~~~~^^^^^^^^^^^^^^^^^^^^^^^^^^
  File "/Users/rozhchenko/PycharmProjects/Book_shop/.venv/lib/python3.14/site-packages/rest_framework/views.py", line 526, in dispatch
    response = self.handle_exception(exc)
  File "/Users/rozhchenko/PycharmProjects/Book_shop/.venv/lib/python3.14/site-packages/rest_framework/views.py", line 474, in handle_exception
    self.raise_uncaught_exception(exc)
    ~~~~~~~~~~~~~~~~~~~~~~~~~~~~~^^^^^
  File "/Users/rozhchenko/PycharmProjects/Book_shop/.venv/lib/python3.14/site-packages/rest_framework/views.py", line 485, in raise_uncaught_exception
    raise exc
  File "/Users/rozhchenko/PycharmProjects/Book_shop/.venv/lib/python3.14/site-packages/rest_framework/views.py", line 514, in dispatch
    self.initial(request, *args, **kwargs)
    ~~~~~~~~~~~~^^^^^^^^^^^^^^^^^^^^^^^^^^
  File "/Users/rozhchenko/PycharmProjects/Book_shop/.venv/lib/python3.14/site-packages/rest_framework/views.py", line 421, in initial
    self.check_throttles(request)
    ~~~~~~~~~~~~~~~~~~~~^^^^^^^^^
  File "/Users/rozhchenko/PycharmProjects/Book_shop/.venv/lib/python3.14/site-packages/rest_framework/views.py", line 364, in check_throttles
    if not throttle.allow_request(request, self):
           ~~~~~~~~~~~~~~~~~~~~~~^^^^^^^^^^^^^^^
  File "/Users/rozhchenko/PycharmProjects/Book_shop/.venv/lib/python3.14/site-packages/rest_framework/throttling.py", line 123, in allow_request
    self.history = self.cache.get(self.key, [])
                   ~~~~~~~~~~~~~~^^^^^^^^^^^^^^
  File "/Users/rozhchenko/PycharmProjects/Book_shop/.venv/lib/python3.14/site-packages/django_redis/cache.py", line 117, in get
    value = self._get(key, default, version, client)
  File "/Users/rozhchenko/PycharmProjects/Book_shop/.venv/lib/python3.14/site-packages/django_redis/cache.py", line 55, in _decorator
    raise e.__cause__  # type: ignore[misc] # noqa: B904
    ^^^^^^^^^^^^^^^^^
  File "/Users/rozhchenko/PycharmProjects/Book_shop/.venv/lib/python3.14/site-packages/django_redis/client/default.py", line 360, in get
    value = client.get(key)
  File "/Users/rozhchenko/PycharmProjects/Book_shop/.venv/lib/python3.14/site-packages/redis/commands/core.py", line 3200, in get
    return self.execute_command("GET", name, keys=[name])
           ~~~~~~~~~~~~~~~~~~~~^^^^^^^^^^^^^^^^^^^^^^^^^^
  File "/Users/rozhchenko/PycharmProjects/Book_shop/.venv/lib/python3.14/site-packages/redis/client.py", line 867, in execute_command
    return self._execute_command(*args, **options)
           ~~~~~~~~~~~~~~~~~~~~~^^^^^^^^^^^^^^^^^^
  File "/Users/rozhchenko/PycharmProjects/Book_shop/.venv/lib/python3.14/site-packages/redis/client.py", line 873, in _execute_command
    conn = self.connection or pool.get_connection()
                              ~~~~~~~~~~~~~~~~~~~^^
  File "/Users/rozhchenko/PycharmProjects/Book_shop/.venv/lib/python3.14/site-packages/redis/utils.py", line 258, in wrapper
    return func(*args, **kwargs)
  File "/Users/rozhchenko/PycharmProjects/Book_shop/.venv/lib/python3.14/site-packages/redis/connection.py", line 3273, in get_connection
    connection.connect()
    ~~~~~~~~~~~~~~~~~~^^
  File "/Users/rozhchenko/PycharmProjects/Book_shop/.venv/lib/python3.14/site-packages/redis/connection.py", line 1028, in connect
    self.retry.call_with_retry(
    ~~~~~~~~~~~~~~~~~~~~~~~~~~^
        lambda: self.connect_check_health(
        ^^^^^^^^^^^^^^^^^^^^^^^^^^^^^^^^^^
    ...<2 lines>...
        lambda error: self.disconnect(error),
        ^^^^^^^^^^^^^^^^^^^^^^^^^^^^^^^^^^^^^
    )
    ^
  File "/Users/rozhchenko/PycharmProjects/Book_shop/.venv/lib/python3.14/site-packages/redis/retry.py", line 132, in call_with_retry
    raise error
  File "/Users/rozhchenko/PycharmProjects/Book_shop/.venv/lib/python3.14/site-packages/redis/retry.py", line 120, in call_with_retry
    return do()
  File "/Users/rozhchenko/PycharmProjects/Book_shop/.venv/lib/python3.14/site-packages/redis/connection.py", line 1029, in <lambda>
    lambda: self.connect_check_health(
            ~~~~~~~~~~~~~~~~~~~~~~~~~^
        check_health=True, retry_socket_connect=False
        ^^^^^^^^^^^^^^^^^^^^^^^^^^^^^^^^^^^^^^^^^^^^^
    ),
    ^
  File "/Users/rozhchenko/PycharmProjects/Book_shop/.venv/lib/python3.14/site-packages/redis/connection.py", line 1077, in connect_check_health
    raise e
redis.exceptions.ConnectionError: Error 8 connecting to redis:6379. nodename nor servname provided, or not known.
WARNING | 2026-09-10 07:43:36,461 | log | Forbidden: /api/categories/
ERROR | 2026-09-10 07:43:36,494 | log | Internal Server Error: /api/categories/
Traceback (most recent call last):
  File "/Users/rozhchenko/PycharmProjects/Book_shop/.venv/lib/python3.14/site-packages/django_redis/cache.py", line 48, in _decorator
    return method(self, *args, **kwargs)
  File "/Users/rozhchenko/PycharmProjects/Book_shop/.venv/lib/python3.14/site-packages/django_redis/cache.py", line 124, in _get
    return self.client.get(key, default=default, version=version, client=client)
           ~~~~~~~~~~~~~~~^^^^^^^^^^^^^^^^^^^^^^^^^^^^^^^^^^^^^^^^^^^^^^^^^^^^^^
  File "/Users/rozhchenko/PycharmProjects/Book_shop/.venv/lib/python3.14/site-packages/django_redis/client/default.py", line 362, in get
    raise ConnectionInterrupted(connection=client) from e
django_redis.exceptions.ConnectionInterrupted: Redis ConnectionError: Error 8 connecting to redis:6379. nodename nor servname provided, or not known.

During handling of the above exception, another exception occurred:

Traceback (most recent call last):
  File "/Users/rozhchenko/PycharmProjects/Book_shop/.venv/lib/python3.14/site-packages/django/core/handlers/exception.py", line 55, in inner
    response = get_response(request)
  File "/Users/rozhchenko/PycharmProjects/Book_shop/.venv/lib/python3.14/site-packages/django/core/handlers/base.py", line 198, in _get_response
    response = wrapped_callback(request, *callback_args, **callback_kwargs)
  File "/Users/rozhchenko/PycharmProjects/Book_shop/.venv/lib/python3.14/site-packages/django/views/decorators/csrf.py", line 65, in _view_wrapper
    return view_func(request, *args, **kwargs)
  File "/Users/rozhchenko/PycharmProjects/Book_shop/.venv/lib/python3.14/site-packages/rest_framework/viewsets.py", line 124, in view
    return self.dispatch(request, *args, **kwargs)
           ~~~~~~~~~~~~~^^^^^^^^^^^^^^^^^^^^^^^^^^
  File "/Users/rozhchenko/PycharmProjects/Book_shop/.venv/lib/python3.14/site-packages/rest_framework/views.py", line 526, in dispatch
    response = self.handle_exception(exc)
  File "/Users/rozhchenko/PycharmProjects/Book_shop/.venv/lib/python3.14/site-packages/rest_framework/views.py", line 474, in handle_exception
    self.raise_uncaught_exception(exc)
    ~~~~~~~~~~~~~~~~~~~~~~~~~~~~~^^^^^
  File "/Users/rozhchenko/PycharmProjects/Book_shop/.venv/lib/python3.14/site-packages/rest_framework/views.py", line 485, in raise_uncaught_exception
    raise exc
  File "/Users/rozhchenko/PycharmProjects/Book_shop/.venv/lib/python3.14/site-packages/rest_framework/views.py", line 514, in dispatch
    self.initial(request, *args, **kwargs)
    ~~~~~~~~~~~~^^^^^^^^^^^^^^^^^^^^^^^^^^
  File "/Users/rozhchenko/PycharmProjects/Book_shop/.venv/lib/python3.14/site-packages/rest_framework/views.py", line 421, in initial
    self.check_throttles(request)
    ~~~~~~~~~~~~~~~~~~~~^^^^^^^^^
  File "/Users/rozhchenko/PycharmProjects/Book_shop/.venv/lib/python3.14/site-packages/rest_framework/views.py", line 364, in check_throttles
    if not throttle.allow_request(request, self):
           ~~~~~~~~~~~~~~~~~~~~~~^^^^^^^^^^^^^^^
  File "/Users/rozhchenko/PycharmProjects/Book_shop/.venv/lib/python3.14/site-packages/rest_framework/throttling.py", line 123, in allow_request
    self.history = self.cache.get(self.key, [])
                   ~~~~~~~~~~~~~~^^^^^^^^^^^^^^
  File "/Users/rozhchenko/PycharmProjects/Book_shop/.venv/lib/python3.14/site-packages/django_redis/cache.py", line 117, in get
    value = self._get(key, default, version, client)
  File "/Users/rozhchenko/PycharmProjects/Book_shop/.venv/lib/python3.14/site-packages/django_redis/cache.py", line 55, in _decorator
    raise e.__cause__  # type: ignore[misc] # noqa: B904
    ^^^^^^^^^^^^^^^^^
  File "/Users/rozhchenko/PycharmProjects/Book_shop/.venv/lib/python3.14/site-packages/django_redis/client/default.py", line 360, in get
    value = client.get(key)
  File "/Users/rozhchenko/PycharmProjects/Book_shop/.venv/lib/python3.14/site-packages/redis/commands/core.py", line 3200, in get
    return self.execute_command("GET", name, keys=[name])
           ~~~~~~~~~~~~~~~~~~~~^^^^^^^^^^^^^^^^^^^^^^^^^^
  File "/Users/rozhchenko/PycharmProjects/Book_shop/.venv/lib/python3.14/site-packages/redis/client.py", line 867, in execute_command
    return self._execute_command(*args, **options)
           ~~~~~~~~~~~~~~~~~~~~~^^^^^^^^^^^^^^^^^^
  File "/Users/rozhchenko/PycharmProjects/Book_shop/.venv/lib/python3.14/site-packages/redis/client.py", line 873, in _execute_command
    conn = self.connection or pool.get_connection()
                              ~~~~~~~~~~~~~~~~~~~^^
  File "/Users/rozhchenko/PycharmProjects/Book_shop/.venv/lib/python3.14/site-packages/redis/utils.py", line 258, in wrapper
    return func(*args, **kwargs)
  File "/Users/rozhchenko/PycharmProjects/Book_shop/.venv/lib/python3.14/site-packages/redis/connection.py", line 3273, in get_connection
    connection.connect()
    ~~~~~~~~~~~~~~~~~~^^
  File "/Users/rozhchenko/PycharmProjects/Book_shop/.venv/lib/python3.14/site-packages/redis/connection.py", line 1028, in connect
    self.retry.call_with_retry(
    ~~~~~~~~~~~~~~~~~~~~~~~~~~^
        lambda: self.connect_check_health(
        ^^^^^^^^^^^^^^^^^^^^^^^^^^^^^^^^^^
    ...<2 lines>...
        lambda error: self.disconnect(error),
        ^^^^^^^^^^^^^^^^^^^^^^^^^^^^^^^^^^^^^
    )
    ^
  File "/Users/rozhchenko/PycharmProjects/Book_shop/.venv/lib/python3.14/site-packages/redis/retry.py", line 132, in call_with_retry
    raise error
  File "/Users/rozhchenko/PycharmProjects/Book_shop/.venv/lib/python3.14/site-packages/redis/retry.py", line 120, in call_with_retry
    return do()
  File "/Users/rozhchenko/PycharmProjects/Book_shop/.venv/lib/python3.14/site-packages/redis/connection.py", line 1029, in <lambda>
    lambda: self.connect_check_health(
            ~~~~~~~~~~~~~~~~~~~~~~~~~^
        check_health=True, retry_socket_connect=False
        ^^^^^^^^^^^^^^^^^^^^^^^^^^^^^^^^^^^^^^^^^^^^^
    ),
    ^
  File "/Users/rozhchenko/PycharmProjects/Book_shop/.venv/lib/python3.14/site-packages/redis/connection.py", line 1077, in connect_check_health
    raise e
redis.exceptions.ConnectionError: Error 8 connecting to redis:6379. nodename nor servname provided, or not known.
WARNING | 2026-09-10 07:43:39,603 | log | Forbidden: /api/categories/999/
ERROR | 2026-09-10 07:43:39,636 | log | Internal Server Error: /api/categories/999/
Traceback (most recent call last):
  File "/Users/rozhchenko/PycharmProjects/Book_shop/.venv/lib/python3.14/site-packages/django_redis/cache.py", line 48, in _decorator
    return method(self, *args, **kwargs)
  File "/Users/rozhchenko/PycharmProjects/Book_shop/.venv/lib/python3.14/site-packages/django_redis/cache.py", line 124, in _get
    return self.client.get(key, default=default, version=version, client=client)
           ~~~~~~~~~~~~~~~^^^^^^^^^^^^^^^^^^^^^^^^^^^^^^^^^^^^^^^^^^^^^^^^^^^^^^
  File "/Users/rozhchenko/PycharmProjects/Book_shop/.venv/lib/python3.14/site-packages/django_redis/client/default.py", line 362, in get
    raise ConnectionInterrupted(connection=client) from e
django_redis.exceptions.ConnectionInterrupted: Redis ConnectionError: Error 8 connecting to redis:6379. nodename nor servname provided, or not known.

During handling of the above exception, another exception occurred:

Traceback (most recent call last):
  File "/Users/rozhchenko/PycharmProjects/Book_shop/.venv/lib/python3.14/site-packages/django/core/handlers/exception.py", line 55, in inner
    response = get_response(request)
  File "/Users/rozhchenko/PycharmProjects/Book_shop/.venv/lib/python3.14/site-packages/django/core/handlers/base.py", line 198, in _get_response
    response = wrapped_callback(request, *callback_args, **callback_kwargs)
  File "/Users/rozhchenko/PycharmProjects/Book_shop/.venv/lib/python3.14/site-packages/django/views/decorators/csrf.py", line 65, in _view_wrapper
    return view_func(request, *args, **kwargs)
  File "/Users/rozhchenko/PycharmProjects/Book_shop/.venv/lib/python3.14/site-packages/rest_framework/viewsets.py", line 124, in view
    return self.dispatch(request, *args, **kwargs)
           ~~~~~~~~~~~~~^^^^^^^^^^^^^^^^^^^^^^^^^^
  File "/Users/rozhchenko/PycharmProjects/Book_shop/.venv/lib/python3.14/site-packages/rest_framework/views.py", line 526, in dispatch
    response = self.handle_exception(exc)
  File "/Users/rozhchenko/PycharmProjects/Book_shop/.venv/lib/python3.14/site-packages/rest_framework/views.py", line 474, in handle_exception
    self.raise_uncaught_exception(exc)
    ~~~~~~~~~~~~~~~~~~~~~~~~~~~~~^^^^^
  File "/Users/rozhchenko/PycharmProjects/Book_shop/.venv/lib/python3.14/site-packages/rest_framework/views.py", line 485, in raise_uncaught_exception
    raise exc
  File "/Users/rozhchenko/PycharmProjects/Book_shop/.venv/lib/python3.14/site-packages/rest_framework/views.py", line 514, in dispatch
    self.initial(request, *args, **kwargs)
    ~~~~~~~~~~~~^^^^^^^^^^^^^^^^^^^^^^^^^^
  File "/Users/rozhchenko/PycharmProjects/Book_shop/.venv/lib/python3.14/site-packages/rest_framework/views.py", line 421, in initial
    self.check_throttles(request)
    ~~~~~~~~~~~~~~~~~~~~^^^^^^^^^
  File "/Users/rozhchenko/PycharmProjects/Book_shop/.venv/lib/python3.14/site-packages/rest_framework/views.py", line 364, in check_throttles
    if not throttle.allow_request(request, self):
           ~~~~~~~~~~~~~~~~~~~~~~^^^^^^^^^^^^^^^
  File "/Users/rozhchenko/PycharmProjects/Book_shop/.venv/lib/python3.14/site-packages/rest_framework/throttling.py", line 123, in allow_request
    self.history = self.cache.get(self.key, [])
                   ~~~~~~~~~~~~~~^^^^^^^^^^^^^^
  File "/Users/rozhchenko/PycharmProjects/Book_shop/.venv/lib/python3.14/site-packages/django_redis/cache.py", line 117, in get
    value = self._get(key, default, version, client)
  File "/Users/rozhchenko/PycharmProjects/Book_shop/.venv/lib/python3.14/site-packages/django_redis/cache.py", line 55, in _decorator
    raise e.__cause__  # type: ignore[misc] # noqa: B904
    ^^^^^^^^^^^^^^^^^
  File "/Users/rozhchenko/PycharmProjects/Book_shop/.venv/lib/python3.14/site-packages/django_redis/client/default.py", line 360, in get
    value = client.get(key)
  File "/Users/rozhchenko/PycharmProjects/Book_shop/.venv/lib/python3.14/site-packages/redis/commands/core.py", line 3200, in get
    return self.execute_command("GET", name, keys=[name])
           ~~~~~~~~~~~~~~~~~~~~^^^^^^^^^^^^^^^^^^^^^^^^^^
  File "/Users/rozhchenko/PycharmProjects/Book_shop/.venv/lib/python3.14/site-packages/redis/client.py", line 867, in execute_command
    return self._execute_command(*args, **options)
           ~~~~~~~~~~~~~~~~~~~~~^^^^^^^^^^^^^^^^^^
  File "/Users/rozhchenko/PycharmProjects/Book_shop/.venv/lib/python3.14/site-packages/redis/client.py", line 873, in _execute_command
    conn = self.connection or pool.get_connection()
                              ~~~~~~~~~~~~~~~~~~~^^
  File "/Users/rozhchenko/PycharmProjects/Book_shop/.venv/lib/python3.14/site-packages/redis/utils.py", line 258, in wrapper
    return func(*args, **kwargs)
  File "/Users/rozhchenko/PycharmProjects/Book_shop/.venv/lib/python3.14/site-packages/redis/connection.py", line 3273, in get_connection
    connection.connect()
    ~~~~~~~~~~~~~~~~~~^^
  File "/Users/rozhchenko/PycharmProjects/Book_shop/.venv/lib/python3.14/site-packages/redis/connection.py", line 1028, in connect
    self.retry.call_with_retry(
    ~~~~~~~~~~~~~~~~~~~~~~~~~~^
        lambda: self.connect_check_health(
        ^^^^^^^^^^^^^^^^^^^^^^^^^^^^^^^^^^
    ...<2 lines>...
        lambda error: self.disconnect(error),
        ^^^^^^^^^^^^^^^^^^^^^^^^^^^^^^^^^^^^^
    )
    ^
  File "/Users/rozhchenko/PycharmProjects/Book_shop/.venv/lib/python3.14/site-packages/redis/retry.py", line 132, in call_with_retry
    raise error
  File "/Users/rozhchenko/PycharmProjects/Book_shop/.venv/lib/python3.14/site-packages/redis/retry.py", line 120, in call_with_retry
    return do()
  File "/Users/rozhchenko/PycharmProjects/Book_shop/.venv/lib/python3.14/site-packages/redis/connection.py", line 1029, in <lambda>
    lambda: self.connect_check_health(
            ~~~~~~~~~~~~~~~~~~~~~~~~~^
        check_health=True, retry_socket_connect=False
        ^^^^^^^^^^^^^^^^^^^^^^^^^^^^^^^^^^^^^^^^^^^^^
    ),
    ^
  File "/Users/rozhchenko/PycharmProjects/Book_shop/.venv/lib/python3.14/site-packages/redis/connection.py", line 1077, in connect_check_health
    raise e
redis.exceptions.ConnectionError: Error 8 connecting to redis:6379. nodename nor servname provided, or not known.
WARNING | 2026-09-10 07:43:42,711 | log | Forbidden: /api/books/
ERROR | 2026-09-10 07:43:42,743 | log | Internal Server Error: /api/books/
Traceback (most recent call last):
  File "/Users/rozhchenko/PycharmProjects/Book_shop/.venv/lib/python3.14/site-packages/django_redis/cache.py", line 48, in _decorator
    return method(self, *args, **kwargs)
  File "/Users/rozhchenko/PycharmProjects/Book_shop/.venv/lib/python3.14/site-packages/django_redis/cache.py", line 124, in _get
    return self.client.get(key, default=default, version=version, client=client)
           ~~~~~~~~~~~~~~~^^^^^^^^^^^^^^^^^^^^^^^^^^^^^^^^^^^^^^^^^^^^^^^^^^^^^^
  File "/Users/rozhchenko/PycharmProjects/Book_shop/.venv/lib/python3.14/site-packages/django_redis/client/default.py", line 362, in get
    raise ConnectionInterrupted(connection=client) from e
django_redis.exceptions.ConnectionInterrupted: Redis ConnectionError: Error 8 connecting to redis:6379. nodename nor servname provided, or not known.

During handling of the above exception, another exception occurred:

Traceback (most recent call last):
  File "/Users/rozhchenko/PycharmProjects/Book_shop/.venv/lib/python3.14/site-packages/django/core/handlers/exception.py", line 55, in inner
    response = get_response(request)
  File "/Users/rozhchenko/PycharmProjects/Book_shop/.venv/lib/python3.14/site-packages/django/core/handlers/base.py", line 198, in _get_response
    response = wrapped_callback(request, *callback_args, **callback_kwargs)
  File "/Users/rozhchenko/PycharmProjects/Book_shop/.venv/lib/python3.14/site-packages/django/views/decorators/csrf.py", line 65, in _view_wrapper
    return view_func(request, *args, **kwargs)
  File "/Users/rozhchenko/PycharmProjects/Book_shop/.venv/lib/python3.14/site-packages/rest_framework/viewsets.py", line 124, in view
    return self.dispatch(request, *args, **kwargs)
           ~~~~~~~~~~~~~^^^^^^^^^^^^^^^^^^^^^^^^^^
  File "/Users/rozhchenko/PycharmProjects/Book_shop/.venv/lib/python3.14/site-packages/rest_framework/views.py", line 526, in dispatch
    response = self.handle_exception(exc)
  File "/Users/rozhchenko/PycharmProjects/Book_shop/.venv/lib/python3.14/site-packages/rest_framework/views.py", line 474, in handle_exception
    self.raise_uncaught_exception(exc)
    ~~~~~~~~~~~~~~~~~~~~~~~~~~~~~^^^^^
  File "/Users/rozhchenko/PycharmProjects/Book_shop/.venv/lib/python3.14/site-packages/rest_framework/views.py", line 485, in raise_uncaught_exception
    raise exc
  File "/Users/rozhchenko/PycharmProjects/Book_shop/.venv/lib/python3.14/site-packages/rest_framework/views.py", line 514, in dispatch
    self.initial(request, *args, **kwargs)
    ~~~~~~~~~~~~^^^^^^^^^^^^^^^^^^^^^^^^^^
  File "/Users/rozhchenko/PycharmProjects/Book_shop/.venv/lib/python3.14/site-packages/rest_framework/views.py", line 421, in initial
    self.check_throttles(request)
    ~~~~~~~~~~~~~~~~~~~~^^^^^^^^^
  File "/Users/rozhchenko/PycharmProjects/Book_shop/.venv/lib/python3.14/site-packages/rest_framework/views.py", line 364, in check_throttles
    if not throttle.allow_request(request, self):
           ~~~~~~~~~~~~~~~~~~~~~~^^^^^^^^^^^^^^^
  File "/Users/rozhchenko/PycharmProjects/Book_shop/.venv/lib/python3.14/site-packages/rest_framework/throttling.py", line 123, in allow_request
    self.history = self.cache.get(self.key, [])
                   ~~~~~~~~~~~~~~^^^^^^^^^^^^^^
  File "/Users/rozhchenko/PycharmProjects/Book_shop/.venv/lib/python3.14/site-packages/django_redis/cache.py", line 117, in get
    value = self._get(key, default, version, client)
  File "/Users/rozhchenko/PycharmProjects/Book_shop/.venv/lib/python3.14/site-packages/django_redis/cache.py", line 55, in _decorator
    raise e.__cause__  # type: ignore[misc] # noqa: B904
    ^^^^^^^^^^^^^^^^^
  File "/Users/rozhchenko/PycharmProjects/Book_shop/.venv/lib/python3.14/site-packages/django_redis/client/default.py", line 360, in get
    value = client.get(key)
  File "/Users/rozhchenko/PycharmProjects/Book_shop/.venv/lib/python3.14/site-packages/redis/commands/core.py", line 3200, in get
    return self.execute_command("GET", name, keys=[name])
           ~~~~~~~~~~~~~~~~~~~~^^^^^^^^^^^^^^^^^^^^^^^^^^
  File "/Users/rozhchenko/PycharmProjects/Book_shop/.venv/lib/python3.14/site-packages/redis/client.py", line 867, in execute_command
    return self._execute_command(*args, **options)
           ~~~~~~~~~~~~~~~~~~~~~^^^^^^^^^^^^^^^^^^
  File "/Users/rozhchenko/PycharmProjects/Book_shop/.venv/lib/python3.14/site-packages/redis/client.py", line 873, in _execute_command
    conn = self.connection or pool.get_connection()
                              ~~~~~~~~~~~~~~~~~~~^^
  File "/Users/rozhchenko/PycharmProjects/Book_shop/.venv/lib/python3.14/site-packages/redis/utils.py", line 258, in wrapper
    return func(*args, **kwargs)
  File "/Users/rozhchenko/PycharmProjects/Book_shop/.venv/lib/python3.14/site-packages/redis/connection.py", line 3273, in get_connection
    connection.connect()
    ~~~~~~~~~~~~~~~~~~^^
  File "/Users/rozhchenko/PycharmProjects/Book_shop/.venv/lib/python3.14/site-packages/redis/connection.py", line 1028, in connect
    self.retry.call_with_retry(
    ~~~~~~~~~~~~~~~~~~~~~~~~~~^
        lambda: self.connect_check_health(
        ^^^^^^^^^^^^^^^^^^^^^^^^^^^^^^^^^^
    ...<2 lines>...
        lambda error: self.disconnect(error),
        ^^^^^^^^^^^^^^^^^^^^^^^^^^^^^^^^^^^^^
    )
    ^
  File "/Users/rozhchenko/PycharmProjects/Book_shop/.venv/lib/python3.14/site-packages/redis/retry.py", line 132, in call_with_retry
    raise error
  File "/Users/rozhchenko/PycharmProjects/Book_shop/.venv/lib/python3.14/site-packages/redis/retry.py", line 120, in call_with_retry
    return do()
  File "/Users/rozhchenko/PycharmProjects/Book_shop/.venv/lib/python3.14/site-packages/redis/connection.py", line 1029, in <lambda>
    lambda: self.connect_check_health(
            ~~~~~~~~~~~~~~~~~~~~~~~~~^
        check_health=True, retry_socket_connect=False
        ^^^^^^^^^^^^^^^^^^^^^^^^^^^^^^^^^^^^^^^^^^^^^
    ),
    ^
  File "/Users/rozhchenko/PycharmProjects/Book_shop/.venv/lib/python3.14/site-packages/redis/connection.py", line 1077, in connect_check_health
    raise e
redis.exceptions.ConnectionError: Error 8 connecting to redis:6379. nodename nor servname provided, or not known.
WARNING | 2026-09-10 07:43:45,774 | log | Forbidden: /api/books/999/
ERROR | 2026-09-10 07:43:45,806 | log | Internal Server Error: /api/books/999/
Traceback (most recent call last):
  File "/Users/rozhchenko/PycharmProjects/Book_shop/.venv/lib/python3.14/site-packages/django_redis/cache.py", line 48, in _decorator
    return method(self, *args, **kwargs)
  File "/Users/rozhchenko/PycharmProjects/Book_shop/.venv/lib/python3.14/site-packages/django_redis/cache.py", line 124, in _get
    return self.client.get(key, default=default, version=version, client=client)
           ~~~~~~~~~~~~~~~^^^^^^^^^^^^^^^^^^^^^^^^^^^^^^^^^^^^^^^^^^^^^^^^^^^^^^
  File "/Users/rozhchenko/PycharmProjects/Book_shop/.venv/lib/python3.14/site-packages/django_redis/client/default.py", line 362, in get
    raise ConnectionInterrupted(connection=client) from e
django_redis.exceptions.ConnectionInterrupted: Redis ConnectionError: Error 8 connecting to redis:6379. nodename nor servname provided, or not known.

During handling of the above exception, another exception occurred:

Traceback (most recent call last):
  File "/Users/rozhchenko/PycharmProjects/Book_shop/.venv/lib/python3.14/site-packages/django/core/handlers/exception.py", line 55, in inner
    response = get_response(request)
  File "/Users/rozhchenko/PycharmProjects/Book_shop/.venv/lib/python3.14/site-packages/django/core/handlers/base.py", line 198, in _get_response
    response = wrapped_callback(request, *callback_args, **callback_kwargs)
  File "/Users/rozhchenko/PycharmProjects/Book_shop/.venv/lib/python3.14/site-packages/django/views/decorators/csrf.py", line 65, in _view_wrapper
    return view_func(request, *args, **kwargs)
  File "/Users/rozhchenko/PycharmProjects/Book_shop/.venv/lib/python3.14/site-packages/rest_framework/viewsets.py", line 124, in view
    return self.dispatch(request, *args, **kwargs)
           ~~~~~~~~~~~~~^^^^^^^^^^^^^^^^^^^^^^^^^^
  File "/Users/rozhchenko/PycharmProjects/Book_shop/.venv/lib/python3.14/site-packages/rest_framework/views.py", line 526, in dispatch
    response = self.handle_exception(exc)
  File "/Users/rozhchenko/PycharmProjects/Book_shop/.venv/lib/python3.14/site-packages/rest_framework/views.py", line 474, in handle_exception
    self.raise_uncaught_exception(exc)
    ~~~~~~~~~~~~~~~~~~~~~~~~~~~~~^^^^^
  File "/Users/rozhchenko/PycharmProjects/Book_shop/.venv/lib/python3.14/site-packages/rest_framework/views.py", line 485, in raise_uncaught_exception
    raise exc
  File "/Users/rozhchenko/PycharmProjects/Book_shop/.venv/lib/python3.14/site-packages/rest_framework/views.py", line 514, in dispatch
    self.initial(request, *args, **kwargs)
    ~~~~~~~~~~~~^^^^^^^^^^^^^^^^^^^^^^^^^^
  File "/Users/rozhchenko/PycharmProjects/Book_shop/.venv/lib/python3.14/site-packages/rest_framework/views.py", line 421, in initial
    self.check_throttles(request)
    ~~~~~~~~~~~~~~~~~~~~^^^^^^^^^
  File "/Users/rozhchenko/PycharmProjects/Book_shop/.venv/lib/python3.14/site-packages/rest_framework/views.py", line 364, in check_throttles
    if not throttle.allow_request(request, self):
           ~~~~~~~~~~~~~~~~~~~~~~^^^^^^^^^^^^^^^
  File "/Users/rozhchenko/PycharmProjects/Book_shop/.venv/lib/python3.14/site-packages/rest_framework/throttling.py", line 123, in allow_request
    self.history = self.cache.get(self.key, [])
                   ~~~~~~~~~~~~~~^^^^^^^^^^^^^^
  File "/Users/rozhchenko/PycharmProjects/Book_shop/.venv/lib/python3.14/site-packages/django_redis/cache.py", line 117, in get
    value = self._get(key, default, version, client)
  File "/Users/rozhchenko/PycharmProjects/Book_shop/.venv/lib/python3.14/site-packages/django_redis/cache.py", line 55, in _decorator
    raise e.__cause__  # type: ignore[misc] # noqa: B904
    ^^^^^^^^^^^^^^^^^
  File "/Users/rozhchenko/PycharmProjects/Book_shop/.venv/lib/python3.14/site-packages/django_redis/client/default.py", line 360, in get
    value = client.get(key)
  File "/Users/rozhchenko/PycharmProjects/Book_shop/.venv/lib/python3.14/site-packages/redis/commands/core.py", line 3200, in get
    return self.execute_command("GET", name, keys=[name])
           ~~~~~~~~~~~~~~~~~~~~^^^^^^^^^^^^^^^^^^^^^^^^^^
  File "/Users/rozhchenko/PycharmProjects/Book_shop/.venv/lib/python3.14/site-packages/redis/client.py", line 867, in execute_command
    return self._execute_command(*args, **options)
           ~~~~~~~~~~~~~~~~~~~~~^^^^^^^^^^^^^^^^^^
  File "/Users/rozhchenko/PycharmProjects/Book_shop/.venv/lib/python3.14/site-packages/redis/client.py", line 873, in _execute_command
    conn = self.connection or pool.get_connection()
                              ~~~~~~~~~~~~~~~~~~~^^
  File "/Users/rozhchenko/PycharmProjects/Book_shop/.venv/lib/python3.14/site-packages/redis/utils.py", line 258, in wrapper
    return func(*args, **kwargs)
  File "/Users/rozhchenko/PycharmProjects/Book_shop/.venv/lib/python3.14/site-packages/redis/connection.py", line 3273, in get_connection
    connection.connect()
    ~~~~~~~~~~~~~~~~~~^^
  File "/Users/rozhchenko/PycharmProjects/Book_shop/.venv/lib/python3.14/site-packages/redis/connection.py", line 1028, in connect
    self.retry.call_with_retry(
    ~~~~~~~~~~~~~~~~~~~~~~~~~~^
        lambda: self.connect_check_health(
        ^^^^^^^^^^^^^^^^^^^^^^^^^^^^^^^^^^
    ...<2 lines>...
        lambda error: self.disconnect(error),
        ^^^^^^^^^^^^^^^^^^^^^^^^^^^^^^^^^^^^^
    )
    ^
  File "/Users/rozhchenko/PycharmProjects/Book_shop/.venv/lib/python3.14/site-packages/redis/retry.py", line 132, in call_with_retry
    raise error
  File "/Users/rozhchenko/PycharmProjects/Book_shop/.venv/lib/python3.14/site-packages/redis/retry.py", line 120, in call_with_retry
    return do()
  File "/Users/rozhchenko/PycharmProjects/Book_shop/.venv/lib/python3.14/site-packages/redis/connection.py", line 1029, in <lambda>
    lambda: self.connect_check_health(
            ~~~~~~~~~~~~~~~~~~~~~~~~~^
        check_health=True, retry_socket_connect=False
        ^^^^^^^^^^^^^^^^^^^^^^^^^^^^^^^^^^^^^^^^^^^^^
    ),
    ^
  File "/Users/rozhchenko/PycharmProjects/Book_shop/.venv/lib/python3.14/site-packages/redis/connection.py", line 1077, in connect_check_health
    raise e
redis.exceptions.ConnectionError: Error 8 connecting to redis:6379. nodename nor servname provided, or not known.
ERROR | 2026-09-10 07:43:47,649 | log | Internal Server Error: /api/carts/
Traceback (most recent call last):
  File "/Users/rozhchenko/PycharmProjects/Book_shop/.venv/lib/python3.14/site-packages/django_redis/cache.py", line 48, in _decorator
    return method(self, *args, **kwargs)
  File "/Users/rozhchenko/PycharmProjects/Book_shop/.venv/lib/python3.14/site-packages/django_redis/cache.py", line 124, in _get
    return self.client.get(key, default=default, version=version, client=client)
           ~~~~~~~~~~~~~~~^^^^^^^^^^^^^^^^^^^^^^^^^^^^^^^^^^^^^^^^^^^^^^^^^^^^^^
  File "/Users/rozhchenko/PycharmProjects/Book_shop/.venv/lib/python3.14/site-packages/django_redis/client/default.py", line 362, in get
    raise ConnectionInterrupted(connection=client) from e
django_redis.exceptions.ConnectionInterrupted: Redis ConnectionError: Error 8 connecting to redis:6379. nodename nor servname provided, or not known.

During handling of the above exception, another exception occurred:

Traceback (most recent call last):
  File "/Users/rozhchenko/PycharmProjects/Book_shop/.venv/lib/python3.14/site-packages/django/core/handlers/exception.py", line 55, in inner
    response = get_response(request)
  File "/Users/rozhchenko/PycharmProjects/Book_shop/.venv/lib/python3.14/site-packages/django/core/handlers/base.py", line 198, in _get_response
    response = wrapped_callback(request, *callback_args, **callback_kwargs)
  File "/Users/rozhchenko/PycharmProjects/Book_shop/.venv/lib/python3.14/site-packages/django/views/decorators/csrf.py", line 65, in _view_wrapper
    return view_func(request, *args, **kwargs)
  File "/Users/rozhchenko/PycharmProjects/Book_shop/.venv/lib/python3.14/site-packages/rest_framework/viewsets.py", line 124, in view
    return self.dispatch(request, *args, **kwargs)
           ~~~~~~~~~~~~~^^^^^^^^^^^^^^^^^^^^^^^^^^
  File "/Users/rozhchenko/PycharmProjects/Book_shop/.venv/lib/python3.14/site-packages/rest_framework/views.py", line 526, in dispatch
    response = self.handle_exception(exc)
  File "/Users/rozhchenko/PycharmProjects/Book_shop/.venv/lib/python3.14/site-packages/rest_framework/views.py", line 474, in handle_exception
    self.raise_uncaught_exception(exc)
    ~~~~~~~~~~~~~~~~~~~~~~~~~~~~~^^^^^
  File "/Users/rozhchenko/PycharmProjects/Book_shop/.venv/lib/python3.14/site-packages/rest_framework/views.py", line 485, in raise_uncaught_exception
    raise exc
  File "/Users/rozhchenko/PycharmProjects/Book_shop/.venv/lib/python3.14/site-packages/rest_framework/views.py", line 514, in dispatch
    self.initial(request, *args, **kwargs)
    ~~~~~~~~~~~~^^^^^^^^^^^^^^^^^^^^^^^^^^
  File "/Users/rozhchenko/PycharmProjects/Book_shop/.venv/lib/python3.14/site-packages/rest_framework/views.py", line 421, in initial
    self.check_throttles(request)
    ~~~~~~~~~~~~~~~~~~~~^^^^^^^^^
  File "/Users/rozhchenko/PycharmProjects/Book_shop/.venv/lib/python3.14/site-packages/rest_framework/views.py", line 364, in check_throttles
    if not throttle.allow_request(request, self):
           ~~~~~~~~~~~~~~~~~~~~~~^^^^^^^^^^^^^^^
  File "/Users/rozhchenko/PycharmProjects/Book_shop/.venv/lib/python3.14/site-packages/rest_framework/throttling.py", line 123, in allow_request
    self.history = self.cache.get(self.key, [])
                   ~~~~~~~~~~~~~~^^^^^^^^^^^^^^
  File "/Users/rozhchenko/PycharmProjects/Book_shop/.venv/lib/python3.14/site-packages/django_redis/cache.py", line 117, in get
    value = self._get(key, default, version, client)
  File "/Users/rozhchenko/PycharmProjects/Book_shop/.venv/lib/python3.14/site-packages/django_redis/cache.py", line 55, in _decorator
    raise e.__cause__  # type: ignore[misc] # noqa: B904
    ^^^^^^^^^^^^^^^^^
  File "/Users/rozhchenko/PycharmProjects/Book_shop/.venv/lib/python3.14/site-packages/django_redis/client/default.py", line 360, in get
    value = client.get(key)
  File "/Users/rozhchenko/PycharmProjects/Book_shop/.venv/lib/python3.14/site-packages/redis/commands/core.py", line 3200, in get
    return self.execute_command("GET", name, keys=[name])
           ~~~~~~~~~~~~~~~~~~~~^^^^^^^^^^^^^^^^^^^^^^^^^^
  File "/Users/rozhchenko/PycharmProjects/Book_shop/.venv/lib/python3.14/site-packages/redis/client.py", line 867, in execute_command
    return self._execute_command(*args, **options)
           ~~~~~~~~~~~~~~~~~~~~~^^^^^^^^^^^^^^^^^^
  File "/Users/rozhchenko/PycharmProjects/Book_shop/.venv/lib/python3.14/site-packages/redis/client.py", line 873, in _execute_command
    conn = self.connection or pool.get_connection()
                              ~~~~~~~~~~~~~~~~~~~^^
  File "/Users/rozhchenko/PycharmProjects/Book_shop/.venv/lib/python3.14/site-packages/redis/utils.py", line 258, in wrapper
    return func(*args, **kwargs)
  File "/Users/rozhchenko/PycharmProjects/Book_shop/.venv/lib/python3.14/site-packages/redis/connection.py", line 3273, in get_connection
    connection.connect()
    ~~~~~~~~~~~~~~~~~~^^
  File "/Users/rozhchenko/PycharmProjects/Book_shop/.venv/lib/python3.14/site-packages/redis/connection.py", line 1028, in connect
    self.retry.call_with_retry(
    ~~~~~~~~~~~~~~~~~~~~~~~~~~^
        lambda: self.connect_check_health(
        ^^^^^^^^^^^^^^^^^^^^^^^^^^^^^^^^^^
    ...<2 lines>...
        lambda error: self.disconnect(error),
        ^^^^^^^^^^^^^^^^^^^^^^^^^^^^^^^^^^^^^
    )
    ^
  File "/Users/rozhchenko/PycharmProjects/Book_shop/.venv/lib/python3.14/site-packages/redis/retry.py", line 132, in call_with_retry
    raise error
  File "/Users/rozhchenko/PycharmProjects/Book_shop/.venv/lib/python3.14/site-packages/redis/retry.py", line 120, in call_with_retry
    return do()
  File "/Users/rozhchenko/PycharmProjects/Book_shop/.venv/lib/python3.14/site-packages/redis/connection.py", line 1029, in <lambda>
    lambda: self.connect_check_health(
            ~~~~~~~~~~~~~~~~~~~~~~~~~^
        check_health=True, retry_socket_connect=False
        ^^^^^^^^^^^^^^^^^^^^^^^^^^^^^^^^^^^^^^^^^^^^^
    ),
    ^
  File "/Users/rozhchenko/PycharmProjects/Book_shop/.venv/lib/python3.14/site-packages/redis/connection.py", line 1077, in connect_check_health
    raise e
redis.exceptions.ConnectionError: Error 8 connecting to redis:6379. nodename nor servname provided, or not known.
ERROR | 2026-09-10 07:43:49,537 | log | Internal Server Error: /api/carts/
Traceback (most recent call last):
  File "/Users/rozhchenko/PycharmProjects/Book_shop/.venv/lib/python3.14/site-packages/django_redis/cache.py", line 48, in _decorator
    return method(self, *args, **kwargs)
  File "/Users/rozhchenko/PycharmProjects/Book_shop/.venv/lib/python3.14/site-packages/django_redis/cache.py", line 124, in _get
    return self.client.get(key, default=default, version=version, client=client)
           ~~~~~~~~~~~~~~~^^^^^^^^^^^^^^^^^^^^^^^^^^^^^^^^^^^^^^^^^^^^^^^^^^^^^^
  File "/Users/rozhchenko/PycharmProjects/Book_shop/.venv/lib/python3.14/site-packages/django_redis/client/default.py", line 362, in get
    raise ConnectionInterrupted(connection=client) from e
django_redis.exceptions.ConnectionInterrupted: Redis ConnectionError: Error 8 connecting to redis:6379. nodename nor servname provided, or not known.

During handling of the above exception, another exception occurred:

Traceback (most recent call last):
  File "/Users/rozhchenko/PycharmProjects/Book_shop/.venv/lib/python3.14/site-packages/django/core/handlers/exception.py", line 55, in inner
    response = get_response(request)
  File "/Users/rozhchenko/PycharmProjects/Book_shop/.venv/lib/python3.14/site-packages/django/core/handlers/base.py", line 198, in _get_response
    response = wrapped_callback(request, *callback_args, **callback_kwargs)
  File "/Users/rozhchenko/PycharmProjects/Book_shop/.venv/lib/python3.14/site-packages/django/views/decorators/csrf.py", line 65, in _view_wrapper
    return view_func(request, *args, **kwargs)
  File "/Users/rozhchenko/PycharmProjects/Book_shop/.venv/lib/python3.14/site-packages/rest_framework/viewsets.py", line 124, in view
    return self.dispatch(request, *args, **kwargs)
           ~~~~~~~~~~~~~^^^^^^^^^^^^^^^^^^^^^^^^^^
  File "/Users/rozhchenko/PycharmProjects/Book_shop/.venv/lib/python3.14/site-packages/rest_framework/views.py", line 526, in dispatch
    response = self.handle_exception(exc)
  File "/Users/rozhchenko/PycharmProjects/Book_shop/.venv/lib/python3.14/site-packages/rest_framework/views.py", line 474, in handle_exception
    self.raise_uncaught_exception(exc)
    ~~~~~~~~~~~~~~~~~~~~~~~~~~~~~^^^^^
  File "/Users/rozhchenko/PycharmProjects/Book_shop/.venv/lib/python3.14/site-packages/rest_framework/views.py", line 485, in raise_uncaught_exception
    raise exc
  File "/Users/rozhchenko/PycharmProjects/Book_shop/.venv/lib/python3.14/site-packages/rest_framework/views.py", line 514, in dispatch
    self.initial(request, *args, **kwargs)
    ~~~~~~~~~~~~^^^^^^^^^^^^^^^^^^^^^^^^^^
  File "/Users/rozhchenko/PycharmProjects/Book_shop/.venv/lib/python3.14/site-packages/rest_framework/views.py", line 421, in initial
    self.check_throttles(request)
    ~~~~~~~~~~~~~~~~~~~~^^^^^^^^^
  File "/Users/rozhchenko/PycharmProjects/Book_shop/.venv/lib/python3.14/site-packages/rest_framework/views.py", line 364, in check_throttles
    if not throttle.allow_request(request, self):
           ~~~~~~~~~~~~~~~~~~~~~~^^^^^^^^^^^^^^^
  File "/Users/rozhchenko/PycharmProjects/Book_shop/.venv/lib/python3.14/site-packages/rest_framework/throttling.py", line 123, in allow_request
    self.history = self.cache.get(self.key, [])
                   ~~~~~~~~~~~~~~^^^^^^^^^^^^^^
  File "/Users/rozhchenko/PycharmProjects/Book_shop/.venv/lib/python3.14/site-packages/django_redis/cache.py", line 117, in get
    value = self._get(key, default, version, client)
  File "/Users/rozhchenko/PycharmProjects/Book_shop/.venv/lib/python3.14/site-packages/django_redis/cache.py", line 55, in _decorator
    raise e.__cause__  # type: ignore[misc] # noqa: B904
    ^^^^^^^^^^^^^^^^^
  File "/Users/rozhchenko/PycharmProjects/Book_shop/.venv/lib/python3.14/site-packages/django_redis/client/default.py", line 360, in get
    value = client.get(key)
  File "/Users/rozhchenko/PycharmProjects/Book_shop/.venv/lib/python3.14/site-packages/redis/commands/core.py", line 3200, in get
    return self.execute_command("GET", name, keys=[name])
           ~~~~~~~~~~~~~~~~~~~~^^^^^^^^^^^^^^^^^^^^^^^^^^
  File "/Users/rozhchenko/PycharmProjects/Book_shop/.venv/lib/python3.14/site-packages/redis/client.py", line 867, in execute_command
    return self._execute_command(*args, **options)
           ~~~~~~~~~~~~~~~~~~~~~^^^^^^^^^^^^^^^^^^
  File "/Users/rozhchenko/PycharmProjects/Book_shop/.venv/lib/python3.14/site-packages/redis/client.py", line 873, in _execute_command
    conn = self.connection or pool.get_connection()
                              ~~~~~~~~~~~~~~~~~~~^^
  File "/Users/rozhchenko/PycharmProjects/Book_shop/.venv/lib/python3.14/site-packages/redis/utils.py", line 258, in wrapper
    return func(*args, **kwargs)
  File "/Users/rozhchenko/PycharmProjects/Book_shop/.venv/lib/python3.14/site-packages/redis/connection.py", line 3273, in get_connection
    connection.connect()
    ~~~~~~~~~~~~~~~~~~^^
  File "/Users/rozhchenko/PycharmProjects/Book_shop/.venv/lib/python3.14/site-packages/redis/connection.py", line 1028, in connect
    self.retry.call_with_retry(
    ~~~~~~~~~~~~~~~~~~~~~~~~~~^
        lambda: self.connect_check_health(
        ^^^^^^^^^^^^^^^^^^^^^^^^^^^^^^^^^^
    ...<2 lines>...
        lambda error: self.disconnect(error),
        ^^^^^^^^^^^^^^^^^^^^^^^^^^^^^^^^^^^^^
    )
    ^
  File "/Users/rozhchenko/PycharmProjects/Book_shop/.venv/lib/python3.14/site-packages/redis/retry.py", line 132, in call_with_retry
    raise error
  File "/Users/rozhchenko/PycharmProjects/Book_shop/.venv/lib/python3.14/site-packages/redis/retry.py", line 120, in call_with_retry
    return do()
  File "/Users/rozhchenko/PycharmProjects/Book_shop/.venv/lib/python3.14/site-packages/redis/connection.py", line 1029, in <lambda>
    lambda: self.connect_check_health(
            ~~~~~~~~~~~~~~~~~~~~~~~~~^
        check_health=True, retry_socket_connect=False
        ^^^^^^^^^^^^^^^^^^^^^^^^^^^^^^^^^^^^^^^^^^^^^
    ),
    ^
  File "/Users/rozhchenko/PycharmProjects/Book_shop/.venv/lib/python3.14/site-packages/redis/connection.py", line 1077, in connect_check_health
    raise e
redis.exceptions.ConnectionError: Error 8 connecting to redis:6379. nodename nor servname provided, or not known.
WARNING | 2026-09-10 07:43:50,144 | log | Unauthorized: /api/carts/
WARNING | 2026-09-10 07:43:50,175 | log | Unauthorized: /api/carts/
ERROR | 2026-09-10 07:43:50,217 | log | Internal Server Error: /api/books/
Traceback (most recent call last):
  File "/Users/rozhchenko/PycharmProjects/Book_shop/.venv/lib/python3.14/site-packages/django_redis/cache.py", line 48, in _decorator
    return method(self, *args, **kwargs)
  File "/Users/rozhchenko/PycharmProjects/Book_shop/.venv/lib/python3.14/site-packages/django_redis/cache.py", line 124, in _get
    return self.client.get(key, default=default, version=version, client=client)
           ~~~~~~~~~~~~~~~^^^^^^^^^^^^^^^^^^^^^^^^^^^^^^^^^^^^^^^^^^^^^^^^^^^^^^
  File "/Users/rozhchenko/PycharmProjects/Book_shop/.venv/lib/python3.14/site-packages/django_redis/client/default.py", line 362, in get
    raise ConnectionInterrupted(connection=client) from e
django_redis.exceptions.ConnectionInterrupted: Redis ConnectionError: Error 8 connecting to redis:6379. nodename nor servname provided, or not known.

During handling of the above exception, another exception occurred:

Traceback (most recent call last):
  File "/Users/rozhchenko/PycharmProjects/Book_shop/.venv/lib/python3.14/site-packages/django/core/handlers/exception.py", line 55, in inner
    response = get_response(request)
  File "/Users/rozhchenko/PycharmProjects/Book_shop/.venv/lib/python3.14/site-packages/django/core/handlers/base.py", line 198, in _get_response
    response = wrapped_callback(request, *callback_args, **callback_kwargs)
  File "/Users/rozhchenko/PycharmProjects/Book_shop/.venv/lib/python3.14/site-packages/django/views/decorators/csrf.py", line 65, in _view_wrapper
    return view_func(request, *args, **kwargs)
  File "/Users/rozhchenko/PycharmProjects/Book_shop/.venv/lib/python3.14/site-packages/rest_framework/viewsets.py", line 124, in view
    return self.dispatch(request, *args, **kwargs)
           ~~~~~~~~~~~~~^^^^^^^^^^^^^^^^^^^^^^^^^^
  File "/Users/rozhchenko/PycharmProjects/Book_shop/.venv/lib/python3.14/site-packages/rest_framework/views.py", line 526, in dispatch
    response = self.handle_exception(exc)
  File "/Users/rozhchenko/PycharmProjects/Book_shop/.venv/lib/python3.14/site-packages/rest_framework/views.py", line 474, in handle_exception
    self.raise_uncaught_exception(exc)
    ~~~~~~~~~~~~~~~~~~~~~~~~~~~~~^^^^^
  File "/Users/rozhchenko/PycharmProjects/Book_shop/.venv/lib/python3.14/site-packages/rest_framework/views.py", line 485, in raise_uncaught_exception
    raise exc
  File "/Users/rozhchenko/PycharmProjects/Book_shop/.venv/lib/python3.14/site-packages/rest_framework/views.py", line 514, in dispatch
    self.initial(request, *args, **kwargs)
    ~~~~~~~~~~~~^^^^^^^^^^^^^^^^^^^^^^^^^^
  File "/Users/rozhchenko/PycharmProjects/Book_shop/.venv/lib/python3.14/site-packages/rest_framework/views.py", line 421, in initial
    self.check_throttles(request)
    ~~~~~~~~~~~~~~~~~~~~^^^^^^^^^
  File "/Users/rozhchenko/PycharmProjects/Book_shop/.venv/lib/python3.14/site-packages/rest_framework/views.py", line 364, in check_throttles
    if not throttle.allow_request(request, self):
           ~~~~~~~~~~~~~~~~~~~~~~^^^^^^^^^^^^^^^
  File "/Users/rozhchenko/PycharmProjects/Book_shop/.venv/lib/python3.14/site-packages/rest_framework/throttling.py", line 123, in allow_request
    self.history = self.cache.get(self.key, [])
                   ~~~~~~~~~~~~~~^^^^^^^^^^^^^^
  File "/Users/rozhchenko/PycharmProjects/Book_shop/.venv/lib/python3.14/site-packages/django_redis/cache.py", line 117, in get
    value = self._get(key, default, version, client)
  File "/Users/rozhchenko/PycharmProjects/Book_shop/.venv/lib/python3.14/site-packages/django_redis/cache.py", line 55, in _decorator
    raise e.__cause__  # type: ignore[misc] # noqa: B904
    ^^^^^^^^^^^^^^^^^
  File "/Users/rozhchenko/PycharmProjects/Book_shop/.venv/lib/python3.14/site-packages/django_redis/client/default.py", line 360, in get
    value = client.get(key)
  File "/Users/rozhchenko/PycharmProjects/Book_shop/.venv/lib/python3.14/site-packages/redis/commands/core.py", line 3200, in get
    return self.execute_command("GET", name, keys=[name])
           ~~~~~~~~~~~~~~~~~~~~^^^^^^^^^^^^^^^^^^^^^^^^^^
  File "/Users/rozhchenko/PycharmProjects/Book_shop/.venv/lib/python3.14/site-packages/redis/client.py", line 867, in execute_command
    return self._execute_command(*args, **options)
           ~~~~~~~~~~~~~~~~~~~~~^^^^^^^^^^^^^^^^^^
  File "/Users/rozhchenko/PycharmProjects/Book_shop/.venv/lib/python3.14/site-packages/redis/client.py", line 873, in _execute_command
    conn = self.connection or pool.get_connection()
                              ~~~~~~~~~~~~~~~~~~~^^
  File "/Users/rozhchenko/PycharmProjects/Book_shop/.venv/lib/python3.14/site-packages/redis/utils.py", line 258, in wrapper
    return func(*args, **kwargs)
  File "/Users/rozhchenko/PycharmProjects/Book_shop/.venv/lib/python3.14/site-packages/redis/connection.py", line 3273, in get_connection
    connection.connect()
    ~~~~~~~~~~~~~~~~~~^^
  File "/Users/rozhchenko/PycharmProjects/Book_shop/.venv/lib/python3.14/site-packages/redis/connection.py", line 1028, in connect
    self.retry.call_with_retry(
    ~~~~~~~~~~~~~~~~~~~~~~~~~~^
        lambda: self.connect_check_health(
        ^^^^^^^^^^^^^^^^^^^^^^^^^^^^^^^^^^
    ...<2 lines>...
        lambda error: self.disconnect(error),
        ^^^^^^^^^^^^^^^^^^^^^^^^^^^^^^^^^^^^^
    )
    ^
  File "/Users/rozhchenko/PycharmProjects/Book_shop/.venv/lib/python3.14/site-packages/redis/retry.py", line 132, in call_with_retry
    raise error
  File "/Users/rozhchenko/PycharmProjects/Book_shop/.venv/lib/python3.14/site-packages/redis/retry.py", line 120, in call_with_retry
    return do()
  File "/Users/rozhchenko/PycharmProjects/Book_shop/.venv/lib/python3.14/site-packages/redis/connection.py", line 1029, in <lambda>
    lambda: self.connect_check_health(
            ~~~~~~~~~~~~~~~~~~~~~~~~~^
        check_health=True, retry_socket_connect=False
        ^^^^^^^^^^^^^^^^^^^^^^^^^^^^^^^^^^^^^^^^^^^^^
    ),
    ^
  File "/Users/rozhchenko/PycharmProjects/Book_shop/.venv/lib/python3.14/site-packages/redis/connection.py", line 1077, in connect_check_health
    raise e
redis.exceptions.ConnectionError: Error 8 connecting to redis:6379. nodename nor servname provided, or not known.
ERROR | 2026-09-10 07:43:50,846 | log | Internal Server Error: /api/books/
Traceback (most recent call last):
  File "/Users/rozhchenko/PycharmProjects/Book_shop/.venv/lib/python3.14/site-packages/django_redis/cache.py", line 48, in _decorator
    return method(self, *args, **kwargs)
  File "/Users/rozhchenko/PycharmProjects/Book_shop/.venv/lib/python3.14/site-packages/django_redis/cache.py", line 124, in _get
    return self.client.get(key, default=default, version=version, client=client)
           ~~~~~~~~~~~~~~~^^^^^^^^^^^^^^^^^^^^^^^^^^^^^^^^^^^^^^^^^^^^^^^^^^^^^^
  File "/Users/rozhchenko/PycharmProjects/Book_shop/.venv/lib/python3.14/site-packages/django_redis/client/default.py", line 362, in get
    raise ConnectionInterrupted(connection=client) from e
django_redis.exceptions.ConnectionInterrupted: Redis ConnectionError: Error 8 connecting to redis:6379. nodename nor servname provided, or not known.

During handling of the above exception, another exception occurred:

Traceback (most recent call last):
  File "/Users/rozhchenko/PycharmProjects/Book_shop/.venv/lib/python3.14/site-packages/django/core/handlers/exception.py", line 55, in inner
    response = get_response(request)
  File "/Users/rozhchenko/PycharmProjects/Book_shop/.venv/lib/python3.14/site-packages/django/core/handlers/base.py", line 198, in _get_response
    response = wrapped_callback(request, *callback_args, **callback_kwargs)
  File "/Users/rozhchenko/PycharmProjects/Book_shop/.venv/lib/python3.14/site-packages/django/views/decorators/csrf.py", line 65, in _view_wrapper
    return view_func(request, *args, **kwargs)
  File "/Users/rozhchenko/PycharmProjects/Book_shop/.venv/lib/python3.14/site-packages/rest_framework/viewsets.py", line 124, in view
    return self.dispatch(request, *args, **kwargs)
           ~~~~~~~~~~~~~^^^^^^^^^^^^^^^^^^^^^^^^^^
  File "/Users/rozhchenko/PycharmProjects/Book_shop/.venv/lib/python3.14/site-packages/rest_framework/views.py", line 526, in dispatch
    response = self.handle_exception(exc)
  File "/Users/rozhchenko/PycharmProjects/Book_shop/.venv/lib/python3.14/site-packages/rest_framework/views.py", line 474, in handle_exception
    self.raise_uncaught_exception(exc)
    ~~~~~~~~~~~~~~~~~~~~~~~~~~~~~^^^^^
  File "/Users/rozhchenko/PycharmProjects/Book_shop/.venv/lib/python3.14/site-packages/rest_framework/views.py", line 485, in raise_uncaught_exception
    raise exc
  File "/Users/rozhchenko/PycharmProjects/Book_shop/.venv/lib/python3.14/site-packages/rest_framework/views.py", line 514, in dispatch
    self.initial(request, *args, **kwargs)
    ~~~~~~~~~~~~^^^^^^^^^^^^^^^^^^^^^^^^^^
  File "/Users/rozhchenko/PycharmProjects/Book_shop/.venv/lib/python3.14/site-packages/rest_framework/views.py", line 421, in initial
    self.check_throttles(request)
    ~~~~~~~~~~~~~~~~~~~~^^^^^^^^^
  File "/Users/rozhchenko/PycharmProjects/Book_shop/.venv/lib/python3.14/site-packages/rest_framework/views.py", line 364, in check_throttles
    if not throttle.allow_request(request, self):
           ~~~~~~~~~~~~~~~~~~~~~~^^^^^^^^^^^^^^^
  File "/Users/rozhchenko/PycharmProjects/Book_shop/.venv/lib/python3.14/site-packages/rest_framework/throttling.py", line 123, in allow_request
    self.history = self.cache.get(self.key, [])
                   ~~~~~~~~~~~~~~^^^^^^^^^^^^^^
  File "/Users/rozhchenko/PycharmProjects/Book_shop/.venv/lib/python3.14/site-packages/django_redis/cache.py", line 117, in get
    value = self._get(key, default, version, client)
  File "/Users/rozhchenko/PycharmProjects/Book_shop/.venv/lib/python3.14/site-packages/django_redis/cache.py", line 55, in _decorator
    raise e.__cause__  # type: ignore[misc] # noqa: B904
    ^^^^^^^^^^^^^^^^^
  File "/Users/rozhchenko/PycharmProjects/Book_shop/.venv/lib/python3.14/site-packages/django_redis/client/default.py", line 360, in get
    value = client.get(key)
  File "/Users/rozhchenko/PycharmProjects/Book_shop/.venv/lib/python3.14/site-packages/redis/commands/core.py", line 3200, in get
    return self.execute_command("GET", name, keys=[name])
           ~~~~~~~~~~~~~~~~~~~~^^^^^^^^^^^^^^^^^^^^^^^^^^
  File "/Users/rozhchenko/PycharmProjects/Book_shop/.venv/lib/python3.14/site-packages/redis/client.py", line 867, in execute_command
    return self._execute_command(*args, **options)
           ~~~~~~~~~~~~~~~~~~~~~^^^^^^^^^^^^^^^^^^
  File "/Users/rozhchenko/PycharmProjects/Book_shop/.venv/lib/python3.14/site-packages/redis/client.py", line 873, in _execute_command
    conn = self.connection or pool.get_connection()
                              ~~~~~~~~~~~~~~~~~~~^^
  File "/Users/rozhchenko/PycharmProjects/Book_shop/.venv/lib/python3.14/site-packages/redis/utils.py", line 258, in wrapper
    return func(*args, **kwargs)
  File "/Users/rozhchenko/PycharmProjects/Book_shop/.venv/lib/python3.14/site-packages/redis/connection.py", line 3273, in get_connection
    connection.connect()
    ~~~~~~~~~~~~~~~~~~^^
  File "/Users/rozhchenko/PycharmProjects/Book_shop/.venv/lib/python3.14/site-packages/redis/connection.py", line 1028, in connect
    self.retry.call_with_retry(
    ~~~~~~~~~~~~~~~~~~~~~~~~~~^
        lambda: self.connect_check_health(
        ^^^^^^^^^^^^^^^^^^^^^^^^^^^^^^^^^^
    ...<2 lines>...
        lambda error: self.disconnect(error),
        ^^^^^^^^^^^^^^^^^^^^^^^^^^^^^^^^^^^^^
    )
    ^
  File "/Users/rozhchenko/PycharmProjects/Book_shop/.venv/lib/python3.14/site-packages/redis/retry.py", line 132, in call_with_retry
    raise error
  File "/Users/rozhchenko/PycharmProjects/Book_shop/.venv/lib/python3.14/site-packages/redis/retry.py", line 120, in call_with_retry
    return do()
  File "/Users/rozhchenko/PycharmProjects/Book_shop/.venv/lib/python3.14/site-packages/redis/connection.py", line 1029, in <lambda>
    lambda: self.connect_check_health(
            ~~~~~~~~~~~~~~~~~~~~~~~~~^
        check_health=True, retry_socket_connect=False
        ^^^^^^^^^^^^^^^^^^^^^^^^^^^^^^^^^^^^^^^^^^^^^
    ),
    ^
  File "/Users/rozhchenko/PycharmProjects/Book_shop/.venv/lib/python3.14/site-packages/redis/connection.py", line 1077, in connect_check_health
    raise e
redis.exceptions.ConnectionError: Error 8 connecting to redis:6379. nodename nor servname provided, or not known.
ERROR | 2026-09-10 07:43:51,486 | log | Internal Server Error: /api/books/
Traceback (most recent call last):
  File "/Users/rozhchenko/PycharmProjects/Book_shop/.venv/lib/python3.14/site-packages/django_redis/cache.py", line 48, in _decorator
    return method(self, *args, **kwargs)
  File "/Users/rozhchenko/PycharmProjects/Book_shop/.venv/lib/python3.14/site-packages/django_redis/cache.py", line 124, in _get
    return self.client.get(key, default=default, version=version, client=client)
           ~~~~~~~~~~~~~~~^^^^^^^^^^^^^^^^^^^^^^^^^^^^^^^^^^^^^^^^^^^^^^^^^^^^^^
  File "/Users/rozhchenko/PycharmProjects/Book_shop/.venv/lib/python3.14/site-packages/django_redis/client/default.py", line 362, in get
    raise ConnectionInterrupted(connection=client) from e
django_redis.exceptions.ConnectionInterrupted: Redis ConnectionError: Error 8 connecting to redis:6379. nodename nor servname provided, or not known.

During handling of the above exception, another exception occurred:

Traceback (most recent call last):
  File "/Users/rozhchenko/PycharmProjects/Book_shop/.venv/lib/python3.14/site-packages/django/core/handlers/exception.py", line 55, in inner
    response = get_response(request)
  File "/Users/rozhchenko/PycharmProjects/Book_shop/.venv/lib/python3.14/site-packages/django/core/handlers/base.py", line 198, in _get_response
    response = wrapped_callback(request, *callback_args, **callback_kwargs)
  File "/Users/rozhchenko/PycharmProjects/Book_shop/.venv/lib/python3.14/site-packages/django/views/decorators/csrf.py", line 65, in _view_wrapper
    return view_func(request, *args, **kwargs)
  File "/Users/rozhchenko/PycharmProjects/Book_shop/.venv/lib/python3.14/site-packages/rest_framework/viewsets.py", line 124, in view
    return self.dispatch(request, *args, **kwargs)
           ~~~~~~~~~~~~~^^^^^^^^^^^^^^^^^^^^^^^^^^
  File "/Users/rozhchenko/PycharmProjects/Book_shop/.venv/lib/python3.14/site-packages/rest_framework/views.py", line 526, in dispatch
    response = self.handle_exception(exc)
  File "/Users/rozhchenko/PycharmProjects/Book_shop/.venv/lib/python3.14/site-packages/rest_framework/views.py", line 474, in handle_exception
    self.raise_uncaught_exception(exc)
    ~~~~~~~~~~~~~~~~~~~~~~~~~~~~~^^^^^
  File "/Users/rozhchenko/PycharmProjects/Book_shop/.venv/lib/python3.14/site-packages/rest_framework/views.py", line 485, in raise_uncaught_exception
    raise exc
  File "/Users/rozhchenko/PycharmProjects/Book_shop/.venv/lib/python3.14/site-packages/rest_framework/views.py", line 514, in dispatch
    self.initial(request, *args, **kwargs)
    ~~~~~~~~~~~~^^^^^^^^^^^^^^^^^^^^^^^^^^
  File "/Users/rozhchenko/PycharmProjects/Book_shop/.venv/lib/python3.14/site-packages/rest_framework/views.py", line 421, in initial
    self.check_throttles(request)
    ~~~~~~~~~~~~~~~~~~~~^^^^^^^^^
  File "/Users/rozhchenko/PycharmProjects/Book_shop/.venv/lib/python3.14/site-packages/rest_framework/views.py", line 364, in check_throttles
    if not throttle.allow_request(request, self):
           ~~~~~~~~~~~~~~~~~~~~~~^^^^^^^^^^^^^^^
  File "/Users/rozhchenko/PycharmProjects/Book_shop/.venv/lib/python3.14/site-packages/rest_framework/throttling.py", line 123, in allow_request
    self.history = self.cache.get(self.key, [])
                   ~~~~~~~~~~~~~~^^^^^^^^^^^^^^
  File "/Users/rozhchenko/PycharmProjects/Book_shop/.venv/lib/python3.14/site-packages/django_redis/cache.py", line 117, in get
    value = self._get(key, default, version, client)
  File "/Users/rozhchenko/PycharmProjects/Book_shop/.venv/lib/python3.14/site-packages/django_redis/cache.py", line 55, in _decorator
    raise e.__cause__  # type: ignore[misc] # noqa: B904
    ^^^^^^^^^^^^^^^^^
  File "/Users/rozhchenko/PycharmProjects/Book_shop/.venv/lib/python3.14/site-packages/django_redis/client/default.py", line 360, in get
    value = client.get(key)
  File "/Users/rozhchenko/PycharmProjects/Book_shop/.venv/lib/python3.14/site-packages/redis/commands/core.py", line 3200, in get
    return self.execute_command("GET", name, keys=[name])
           ~~~~~~~~~~~~~~~~~~~~^^^^^^^^^^^^^^^^^^^^^^^^^^
  File "/Users/rozhchenko/PycharmProjects/Book_shop/.venv/lib/python3.14/site-packages/redis/client.py", line 867, in execute_command
    return self._execute_command(*args, **options)
           ~~~~~~~~~~~~~~~~~~~~~^^^^^^^^^^^^^^^^^^
  File "/Users/rozhchenko/PycharmProjects/Book_shop/.venv/lib/python3.14/site-packages/redis/client.py", line 873, in _execute_command
    conn = self.connection or pool.get_connection()
                              ~~~~~~~~~~~~~~~~~~~^^
  File "/Users/rozhchenko/PycharmProjects/Book_shop/.venv/lib/python3.14/site-packages/redis/utils.py", line 258, in wrapper
    return func(*args, **kwargs)
  File "/Users/rozhchenko/PycharmProjects/Book_shop/.venv/lib/python3.14/site-packages/redis/connection.py", line 3273, in get_connection
    connection.connect()
    ~~~~~~~~~~~~~~~~~~^^
  File "/Users/rozhchenko/PycharmProjects/Book_shop/.venv/lib/python3.14/site-packages/redis/connection.py", line 1028, in connect
    self.retry.call_with_retry(
    ~~~~~~~~~~~~~~~~~~~~~~~~~~^
        lambda: self.connect_check_health(
        ^^^^^^^^^^^^^^^^^^^^^^^^^^^^^^^^^^
    ...<2 lines>...
        lambda error: self.disconnect(error),
        ^^^^^^^^^^^^^^^^^^^^^^^^^^^^^^^^^^^^^
    )
    ^
  File "/Users/rozhchenko/PycharmProjects/Book_shop/.venv/lib/python3.14/site-packages/redis/retry.py", line 132, in call_with_retry
    raise error
  File "/Users/rozhchenko/PycharmProjects/Book_shop/.venv/lib/python3.14/site-packages/redis/retry.py", line 120, in call_with_retry
    return do()
  File "/Users/rozhchenko/PycharmProjects/Book_shop/.venv/lib/python3.14/site-packages/redis/connection.py", line 1029, in <lambda>
    lambda: self.connect_check_health(
            ~~~~~~~~~~~~~~~~~~~~~~~~~^
        check_health=True, retry_socket_connect=False
        ^^^^^^^^^^^^^^^^^^^^^^^^^^^^^^^^^^^^^^^^^^^^^
    ),
    ^
  File "/Users/rozhchenko/PycharmProjects/Book_shop/.venv/lib/python3.14/site-packages/redis/connection.py", line 1077, in connect_check_health
    raise e
redis.exceptions.ConnectionError: Error 8 connecting to redis:6379. nodename nor servname provided, or not known.
ERROR | 2026-09-10 07:43:52,090 | log | Internal Server Error: /api/books/
Traceback (most recent call last):
  File "/Users/rozhchenko/PycharmProjects/Book_shop/.venv/lib/python3.14/site-packages/django_redis/cache.py", line 48, in _decorator
    return method(self, *args, **kwargs)
  File "/Users/rozhchenko/PycharmProjects/Book_shop/.venv/lib/python3.14/site-packages/django_redis/cache.py", line 124, in _get
    return self.client.get(key, default=default, version=version, client=client)
           ~~~~~~~~~~~~~~~^^^^^^^^^^^^^^^^^^^^^^^^^^^^^^^^^^^^^^^^^^^^^^^^^^^^^^
  File "/Users/rozhchenko/PycharmProjects/Book_shop/.venv/lib/python3.14/site-packages/django_redis/client/default.py", line 362, in get
    raise ConnectionInterrupted(connection=client) from e
django_redis.exceptions.ConnectionInterrupted: Redis ConnectionError: Error 8 connecting to redis:6379. nodename nor servname provided, or not known.

During handling of the above exception, another exception occurred:

Traceback (most recent call last):
  File "/Users/rozhchenko/PycharmProjects/Book_shop/.venv/lib/python3.14/site-packages/django/core/handlers/exception.py", line 55, in inner
    response = get_response(request)
  File "/Users/rozhchenko/PycharmProjects/Book_shop/.venv/lib/python3.14/site-packages/django/core/handlers/base.py", line 198, in _get_response
    response = wrapped_callback(request, *callback_args, **callback_kwargs)
  File "/Users/rozhchenko/PycharmProjects/Book_shop/.venv/lib/python3.14/site-packages/django/views/decorators/csrf.py", line 65, in _view_wrapper
    return view_func(request, *args, **kwargs)
  File "/Users/rozhchenko/PycharmProjects/Book_shop/.venv/lib/python3.14/site-packages/rest_framework/viewsets.py", line 124, in view
    return self.dispatch(request, *args, **kwargs)
           ~~~~~~~~~~~~~^^^^^^^^^^^^^^^^^^^^^^^^^^
  File "/Users/rozhchenko/PycharmProjects/Book_shop/.venv/lib/python3.14/site-packages/rest_framework/views.py", line 526, in dispatch
    response = self.handle_exception(exc)
  File "/Users/rozhchenko/PycharmProjects/Book_shop/.venv/lib/python3.14/site-packages/rest_framework/views.py", line 474, in handle_exception
    self.raise_uncaught_exception(exc)
    ~~~~~~~~~~~~~~~~~~~~~~~~~~~~~^^^^^
  File "/Users/rozhchenko/PycharmProjects/Book_shop/.venv/lib/python3.14/site-packages/rest_framework/views.py", line 485, in raise_uncaught_exception
    raise exc
  File "/Users/rozhchenko/PycharmProjects/Book_shop/.venv/lib/python3.14/site-packages/rest_framework/views.py", line 514, in dispatch
    self.initial(request, *args, **kwargs)
    ~~~~~~~~~~~~^^^^^^^^^^^^^^^^^^^^^^^^^^
  File "/Users/rozhchenko/PycharmProjects/Book_shop/.venv/lib/python3.14/site-packages/rest_framework/views.py", line 421, in initial
    self.check_throttles(request)
    ~~~~~~~~~~~~~~~~~~~~^^^^^^^^^
  File "/Users/rozhchenko/PycharmProjects/Book_shop/.venv/lib/python3.14/site-packages/rest_framework/views.py", line 364, in check_throttles
    if not throttle.allow_request(request, self):
           ~~~~~~~~~~~~~~~~~~~~~~^^^^^^^^^^^^^^^
  File "/Users/rozhchenko/PycharmProjects/Book_shop/.venv/lib/python3.14/site-packages/rest_framework/throttling.py", line 123, in allow_request
    self.history = self.cache.get(self.key, [])
                   ~~~~~~~~~~~~~~^^^^^^^^^^^^^^
  File "/Users/rozhchenko/PycharmProjects/Book_shop/.venv/lib/python3.14/site-packages/django_redis/cache.py", line 117, in get
    value = self._get(key, default, version, client)
  File "/Users/rozhchenko/PycharmProjects/Book_shop/.venv/lib/python3.14/site-packages/django_redis/cache.py", line 55, in _decorator
    raise e.__cause__  # type: ignore[misc] # noqa: B904
    ^^^^^^^^^^^^^^^^^
  File "/Users/rozhchenko/PycharmProjects/Book_shop/.venv/lib/python3.14/site-packages/django_redis/client/default.py", line 360, in get
    value = client.get(key)
  File "/Users/rozhchenko/PycharmProjects/Book_shop/.venv/lib/python3.14/site-packages/redis/commands/core.py", line 3200, in get
    return self.execute_command("GET", name, keys=[name])
           ~~~~~~~~~~~~~~~~~~~~^^^^^^^^^^^^^^^^^^^^^^^^^^
  File "/Users/rozhchenko/PycharmProjects/Book_shop/.venv/lib/python3.14/site-packages/redis/client.py", line 867, in execute_command
    return self._execute_command(*args, **options)
           ~~~~~~~~~~~~~~~~~~~~~^^^^^^^^^^^^^^^^^^
  File "/Users/rozhchenko/PycharmProjects/Book_shop/.venv/lib/python3.14/site-packages/redis/client.py", line 873, in _execute_command
    conn = self.connection or pool.get_connection()
                              ~~~~~~~~~~~~~~~~~~~^^
  File "/Users/rozhchenko/PycharmProjects/Book_shop/.venv/lib/python3.14/site-packages/redis/utils.py", line 258, in wrapper
    return func(*args, **kwargs)
  File "/Users/rozhchenko/PycharmProjects/Book_shop/.venv/lib/python3.14/site-packages/redis/connection.py", line 3273, in get_connection
    connection.connect()
    ~~~~~~~~~~~~~~~~~~^^
  File "/Users/rozhchenko/PycharmProjects/Book_shop/.venv/lib/python3.14/site-packages/redis/connection.py", line 1028, in connect
    self.retry.call_with_retry(
    ~~~~~~~~~~~~~~~~~~~~~~~~~~^
        lambda: self.connect_check_health(
        ^^^^^^^^^^^^^^^^^^^^^^^^^^^^^^^^^^
    ...<2 lines>...
        lambda error: self.disconnect(error),
        ^^^^^^^^^^^^^^^^^^^^^^^^^^^^^^^^^^^^^
    )
    ^
  File "/Users/rozhchenko/PycharmProjects/Book_shop/.venv/lib/python3.14/site-packages/redis/retry.py", line 132, in call_with_retry
    raise error
  File "/Users/rozhchenko/PycharmProjects/Book_shop/.venv/lib/python3.14/site-packages/redis/retry.py", line 120, in call_with_retry
    return do()
  File "/Users/rozhchenko/PycharmProjects/Book_shop/.venv/lib/python3.14/site-packages/redis/connection.py", line 1029, in <lambda>
    lambda: self.connect_check_health(
            ~~~~~~~~~~~~~~~~~~~~~~~~~^
        check_health=True, retry_socket_connect=False
        ^^^^^^^^^^^^^^^^^^^^^^^^^^^^^^^^^^^^^^^^^^^^^
    ),
    ^
  File "/Users/rozhchenko/PycharmProjects/Book_shop/.venv/lib/python3.14/site-packages/redis/connection.py", line 1077, in connect_check_health
    raise e
redis.exceptions.ConnectionError: Error 8 connecting to redis:6379. nodename nor servname provided, or not known.
ERROR | 2026-09-10 07:44:16,586 | log | Internal Server Error: /
Traceback (most recent call last):
  File "/Users/rozhchenko/PycharmProjects/Book_shop/.venv/lib/python3.14/site-packages/django_redis/cache.py", line 48, in _decorator
    return method(self, *args, **kwargs)
  File "/Users/rozhchenko/PycharmProjects/Book_shop/.venv/lib/python3.14/site-packages/django_redis/cache.py", line 124, in _get
    return self.client.get(key, default=default, version=version, client=client)
           ~~~~~~~~~~~~~~~^^^^^^^^^^^^^^^^^^^^^^^^^^^^^^^^^^^^^^^^^^^^^^^^^^^^^^
  File "/Users/rozhchenko/PycharmProjects/Book_shop/.venv/lib/python3.14/site-packages/django_redis/client/default.py", line 362, in get
    raise ConnectionInterrupted(connection=client) from e
django_redis.exceptions.ConnectionInterrupted: Redis ConnectionError: Error 8 connecting to redis:6379. nodename nor servname provided, or not known.

During handling of the above exception, another exception occurred:

Traceback (most recent call last):
  File "/Users/rozhchenko/PycharmProjects/Book_shop/.venv/lib/python3.14/site-packages/django/core/handlers/exception.py", line 55, in inner
    response = get_response(request)
  File "/Users/rozhchenko/PycharmProjects/Book_shop/.venv/lib/python3.14/site-packages/django/core/handlers/base.py", line 198, in _get_response
    response = wrapped_callback(request, *callback_args, **callback_kwargs)
  File "/Users/rozhchenko/PycharmProjects/Book_shop/.venv/lib/python3.14/site-packages/asgiref/sync.py", line 325, in __call__
    return call_result.result()
           ~~~~~~~~~~~~~~~~~~^^
  File "/Library/Frameworks/Python.framework/Versions/3.14/lib/python3.14/concurrent/futures/_base.py", line 443, in result
    return self.__get_result()
           ~~~~~~~~~~~~~~~~~^^
  File "/Library/Frameworks/Python.framework/Versions/3.14/lib/python3.14/concurrent/futures/_base.py", line 395, in __get_result
    raise self._exception
  File "/Users/rozhchenko/PycharmProjects/Book_shop/.venv/lib/python3.14/site-packages/asgiref/sync.py", line 365, in main_wrap
    result = await awaitable
             ^^^^^^^^^^^^^^^
  File "/Users/rozhchenko/PycharmProjects/Book_shop/shop/views.py", line 61, in async_book_list
    return render(request, 'shop/book_list.html', context)
  File "/Users/rozhchenko/PycharmProjects/Book_shop/.venv/lib/python3.14/site-packages/django/shortcuts.py", line 25, in render
    content = loader.render_to_string(template_name, context, request, using=using)
  File "/Users/rozhchenko/PycharmProjects/Book_shop/.venv/lib/python3.14/site-packages/django/template/loader.py", line 62, in render_to_string
    return template.render(context, request)
           ~~~~~~~~~~~~~~~^^^^^^^^^^^^^^^^^^
  File "/Users/rozhchenko/PycharmProjects/Book_shop/.venv/lib/python3.14/site-packages/django/template/backends/django.py", line 107, in render
    return self.template.render(context)
           ~~~~~~~~~~~~~~~~~~~~^^^^^^^^^
  File "/Users/rozhchenko/PycharmProjects/Book_shop/.venv/lib/python3.14/site-packages/django/template/base.py", line 174, in render
    return self._render(context)
           ~~~~~~~~~~~~^^^^^^^^^
  File "/Users/rozhchenko/PycharmProjects/Book_shop/.venv/lib/python3.14/site-packages/django/test/utils.py", line 114, in instrumented_test_render
    return self.nodelist.render(context)
           ~~~~~~~~~~~~~~~~~~~~^^^^^^^^^
  File "/Users/rozhchenko/PycharmProjects/Book_shop/.venv/lib/python3.14/site-packages/django/template/base.py", line 1091, in render
    return SafeString("".join([node.render_annotated(context) for node in self]))
                               ~~~~~~~~~~~~~~~~~~~~~^^^^^^^^^
  File "/Users/rozhchenko/PycharmProjects/Book_shop/.venv/lib/python3.14/site-packages/django/template/base.py", line 1052, in render_annotated
    return self.render(context)
           ~~~~~~~~~~~^^^^^^^^^
  File "/Users/rozhchenko/PycharmProjects/Book_shop/.venv/lib/python3.14/site-packages/django/template/loader_tags.py", line 160, in render
    return compiled_parent._render(context)
           ~~~~~~~~~~~~~~~~~~~~~~~^^^^^^^^^
  File "/Users/rozhchenko/PycharmProjects/Book_shop/.venv/lib/python3.14/site-packages/django/test/utils.py", line 114, in instrumented_test_render
    return self.nodelist.render(context)
           ~~~~~~~~~~~~~~~~~~~~^^^^^^^^^
  File "/Users/rozhchenko/PycharmProjects/Book_shop/.venv/lib/python3.14/site-packages/django/template/base.py", line 1091, in render
    return SafeString("".join([node.render_annotated(context) for node in self]))
                               ~~~~~~~~~~~~~~~~~~~~~^^^^^^^^^
  File "/Users/rozhchenko/PycharmProjects/Book_shop/.venv/lib/python3.14/site-packages/django/template/base.py", line 1052, in render_annotated
    return self.render(context)
           ~~~~~~~~~~~^^^^^^^^^
  File "/Users/rozhchenko/PycharmProjects/Book_shop/.venv/lib/python3.14/site-packages/django/template/loader_tags.py", line 66, in render
    result = block.nodelist.render(context)
  File "/Users/rozhchenko/PycharmProjects/Book_shop/.venv/lib/python3.14/site-packages/django/template/base.py", line 1091, in render
    return SafeString("".join([node.render_annotated(context) for node in self]))
                               ~~~~~~~~~~~~~~~~~~~~~^^^^^^^^^
  File "/Users/rozhchenko/PycharmProjects/Book_shop/.venv/lib/python3.14/site-packages/django/template/base.py", line 1052, in render_annotated
    return self.render(context)
           ~~~~~~~~~~~^^^^^^^^^
  File "/Users/rozhchenko/PycharmProjects/Book_shop/.venv/lib/python3.14/site-packages/django/templatetags/cache.py", line 51, in render
    value = fragment_cache.get(cache_key)
  File "/Users/rozhchenko/PycharmProjects/Book_shop/.venv/lib/python3.14/site-packages/django_redis/cache.py", line 117, in get
    value = self._get(key, default, version, client)
  File "/Users/rozhchenko/PycharmProjects/Book_shop/.venv/lib/python3.14/site-packages/django_redis/cache.py", line 55, in _decorator
    raise e.__cause__  # type: ignore[misc] # noqa: B904
    ^^^^^^^^^^^^^^^^^
  File "/Users/rozhchenko/PycharmProjects/Book_shop/.venv/lib/python3.14/site-packages/django_redis/client/default.py", line 360, in get
    value = client.get(key)
  File "/Users/rozhchenko/PycharmProjects/Book_shop/.venv/lib/python3.14/site-packages/redis/commands/core.py", line 3200, in get
    return self.execute_command("GET", name, keys=[name])
           ~~~~~~~~~~~~~~~~~~~~^^^^^^^^^^^^^^^^^^^^^^^^^^
  File "/Users/rozhchenko/PycharmProjects/Book_shop/.venv/lib/python3.14/site-packages/redis/client.py", line 867, in execute_command
    return self._execute_command(*args, **options)
           ~~~~~~~~~~~~~~~~~~~~~^^^^^^^^^^^^^^^^^^
  File "/Users/rozhchenko/PycharmProjects/Book_shop/.venv/lib/python3.14/site-packages/redis/client.py", line 873, in _execute_command
    conn = self.connection or pool.get_connection()
                              ~~~~~~~~~~~~~~~~~~~^^
  File "/Users/rozhchenko/PycharmProjects/Book_shop/.venv/lib/python3.14/site-packages/redis/utils.py", line 258, in wrapper
    return func(*args, **kwargs)
  File "/Users/rozhchenko/PycharmProjects/Book_shop/.venv/lib/python3.14/site-packages/redis/connection.py", line 3273, in get_connection
    connection.connect()
    ~~~~~~~~~~~~~~~~~~^^
  File "/Users/rozhchenko/PycharmProjects/Book_shop/.venv/lib/python3.14/site-packages/redis/connection.py", line 1028, in connect
    self.retry.call_with_retry(
    ~~~~~~~~~~~~~~~~~~~~~~~~~~^
        lambda: self.connect_check_health(
        ^^^^^^^^^^^^^^^^^^^^^^^^^^^^^^^^^^
    ...<2 lines>...
        lambda error: self.disconnect(error),
        ^^^^^^^^^^^^^^^^^^^^^^^^^^^^^^^^^^^^^
    )
    ^
  File "/Users/rozhchenko/PycharmProjects/Book_shop/.venv/lib/python3.14/site-packages/redis/retry.py", line 132, in call_with_retry
    raise error
  File "/Users/rozhchenko/PycharmProjects/Book_shop/.venv/lib/python3.14/site-packages/redis/retry.py", line 120, in call_with_retry
    return do()
  File "/Users/rozhchenko/PycharmProjects/Book_shop/.venv/lib/python3.14/site-packages/redis/connection.py", line 1029, in <lambda>
    lambda: self.connect_check_health(
            ~~~~~~~~~~~~~~~~~~~~~~~~~^
        check_health=True, retry_socket_connect=False
        ^^^^^^^^^^^^^^^^^^^^^^^^^^^^^^^^^^^^^^^^^^^^^
    ),
    ^
  File "/Users/rozhchenko/PycharmProjects/Book_shop/.venv/lib/python3.14/site-packages/redis/connection.py", line 1077, in connect_check_health
    raise e
redis.exceptions.ConnectionError: Error 8 connecting to redis:6379. nodename nor servname provided, or not known.
WARNING | 2026-09-10 07:44:17,931 | log | Not Found: /books/999
WARNING | 2026-09-10 07:44:22,233 | log | Forbidden (Permission denied): /books/add
Traceback (most recent call last):
  File "/Users/rozhchenko/PycharmProjects/Book_shop/.venv/lib/python3.14/site-packages/django/core/handlers/exception.py", line 55, in inner
    response = get_response(request)
  File "/Users/rozhchenko/PycharmProjects/Book_shop/.venv/lib/python3.14/site-packages/django/core/handlers/base.py", line 198, in _get_response
    response = wrapped_callback(request, *callback_args, **callback_kwargs)
  File "/Users/rozhchenko/PycharmProjects/Book_shop/.venv/lib/python3.14/site-packages/django/views/generic/base.py", line 106, in view
    return self.dispatch(request, *args, **kwargs)
           ~~~~~~~~~~~~~^^^^^^^^^^^^^^^^^^^^^^^^^^
  File "/Users/rozhchenko/PycharmProjects/Book_shop/.venv/lib/python3.14/site-packages/django/contrib/auth/mixins.py", line 135, in dispatch
    return self.handle_no_permission()
           ~~~~~~~~~~~~~~~~~~~~~~~~~^^
  File "/Users/rozhchenko/PycharmProjects/Book_shop/.venv/lib/python3.14/site-packages/django/contrib/auth/mixins.py", line 49, in handle_no_permission
    raise PermissionDenied(self.get_permission_denied_message())
django.core.exceptions.PermissionDenied
WARNING | 2026-09-10 07:44:26,014 | log | Not Found: /non-existent-url-12345/
ERROR | 2026-09-10 07:55:36,635 | log | Internal Server Error: /api/books/
Traceback (most recent call last):
  File "/Users/rozhchenko/PycharmProjects/Book_shop/.venv/lib/python3.14/site-packages/django_redis/cache.py", line 48, in _decorator
    return method(self, *args, **kwargs)
  File "/Users/rozhchenko/PycharmProjects/Book_shop/.venv/lib/python3.14/site-packages/django_redis/cache.py", line 124, in _get
    return self.client.get(key, default=default, version=version, client=client)
           ~~~~~~~~~~~~~~~^^^^^^^^^^^^^^^^^^^^^^^^^^^^^^^^^^^^^^^^^^^^^^^^^^^^^^
  File "/Users/rozhchenko/PycharmProjects/Book_shop/.venv/lib/python3.14/site-packages/django_redis/client/default.py", line 362, in get
    raise ConnectionInterrupted(connection=client) from e
django_redis.exceptions.ConnectionInterrupted: Redis ConnectionError: Error 8 connecting to redis:6379. nodename nor servname provided, or not known.

During handling of the above exception, another exception occurred:

Traceback (most recent call last):
  File "/Users/rozhchenko/PycharmProjects/Book_shop/.venv/lib/python3.14/site-packages/django/core/handlers/exception.py", line 55, in inner
    response = get_response(request)
  File "/Users/rozhchenko/PycharmProjects/Book_shop/.venv/lib/python3.14/site-packages/django/core/handlers/base.py", line 198, in _get_response
    response = wrapped_callback(request, *callback_args, **callback_kwargs)
  File "/Users/rozhchenko/PycharmProjects/Book_shop/.venv/lib/python3.14/site-packages/django/views/decorators/csrf.py", line 65, in _view_wrapper
    return view_func(request, *args, **kwargs)
  File "/Users/rozhchenko/PycharmProjects/Book_shop/.venv/lib/python3.14/site-packages/rest_framework/viewsets.py", line 124, in view
    return self.dispatch(request, *args, **kwargs)
           ~~~~~~~~~~~~~^^^^^^^^^^^^^^^^^^^^^^^^^^
  File "/Users/rozhchenko/PycharmProjects/Book_shop/.venv/lib/python3.14/site-packages/rest_framework/views.py", line 526, in dispatch
    response = self.handle_exception(exc)
  File "/Users/rozhchenko/PycharmProjects/Book_shop/.venv/lib/python3.14/site-packages/rest_framework/views.py", line 474, in handle_exception
    self.raise_uncaught_exception(exc)
    ~~~~~~~~~~~~~~~~~~~~~~~~~~~~~^^^^^
  File "/Users/rozhchenko/PycharmProjects/Book_shop/.venv/lib/python3.14/site-packages/rest_framework/views.py", line 485, in raise_uncaught_exception
    raise exc
  File "/Users/rozhchenko/PycharmProjects/Book_shop/.venv/lib/python3.14/site-packages/rest_framework/views.py", line 514, in dispatch
    self.initial(request, *args, **kwargs)
    ~~~~~~~~~~~~^^^^^^^^^^^^^^^^^^^^^^^^^^
  File "/Users/rozhchenko/PycharmProjects/Book_shop/.venv/lib/python3.14/site-packages/rest_framework/views.py", line 421, in initial
    self.check_throttles(request)
    ~~~~~~~~~~~~~~~~~~~~^^^^^^^^^
  File "/Users/rozhchenko/PycharmProjects/Book_shop/.venv/lib/python3.14/site-packages/rest_framework/views.py", line 364, in check_throttles
    if not throttle.allow_request(request, self):
           ~~~~~~~~~~~~~~~~~~~~~~^^^^^^^^^^^^^^^
  File "/Users/rozhchenko/PycharmProjects/Book_shop/.venv/lib/python3.14/site-packages/rest_framework/throttling.py", line 123, in allow_request
    self.history = self.cache.get(self.key, [])
                   ~~~~~~~~~~~~~~^^^^^^^^^^^^^^
  File "/Users/rozhchenko/PycharmProjects/Book_shop/.venv/lib/python3.14/site-packages/django_redis/cache.py", line 117, in get
    value = self._get(key, default, version, client)
  File "/Users/rozhchenko/PycharmProjects/Book_shop/.venv/lib/python3.14/site-packages/django_redis/cache.py", line 55, in _decorator
    raise e.__cause__  # type: ignore[misc] # noqa: B904
    ^^^^^^^^^^^^^^^^^
  File "/Users/rozhchenko/PycharmProjects/Book_shop/.venv/lib/python3.14/site-packages/django_redis/client/default.py", line 360, in get
    value = client.get(key)
  File "/Users/rozhchenko/PycharmProjects/Book_shop/.venv/lib/python3.14/site-packages/redis/commands/core.py", line 3200, in get
    return self.execute_command("GET", name, keys=[name])
           ~~~~~~~~~~~~~~~~~~~~^^^^^^^^^^^^^^^^^^^^^^^^^^
  File "/Users/rozhchenko/PycharmProjects/Book_shop/.venv/lib/python3.14/site-packages/redis/client.py", line 867, in execute_command
    return self._execute_command(*args, **options)
           ~~~~~~~~~~~~~~~~~~~~~^^^^^^^^^^^^^^^^^^
  File "/Users/rozhchenko/PycharmProjects/Book_shop/.venv/lib/python3.14/site-packages/redis/client.py", line 873, in _execute_command
    conn = self.connection or pool.get_connection()
                              ~~~~~~~~~~~~~~~~~~~^^
  File "/Users/rozhchenko/PycharmProjects/Book_shop/.venv/lib/python3.14/site-packages/redis/utils.py", line 258, in wrapper
    return func(*args, **kwargs)
  File "/Users/rozhchenko/PycharmProjects/Book_shop/.venv/lib/python3.14/site-packages/redis/connection.py", line 3273, in get_connection
    connection.connect()
    ~~~~~~~~~~~~~~~~~~^^
  File "/Users/rozhchenko/PycharmProjects/Book_shop/.venv/lib/python3.14/site-packages/redis/connection.py", line 1028, in connect
    self.retry.call_with_retry(
    ~~~~~~~~~~~~~~~~~~~~~~~~~~^
        lambda: self.connect_check_health(
        ^^^^^^^^^^^^^^^^^^^^^^^^^^^^^^^^^^
    ...<2 lines>...
        lambda error: self.disconnect(error),
        ^^^^^^^^^^^^^^^^^^^^^^^^^^^^^^^^^^^^^
    )
    ^
  File "/Users/rozhchenko/PycharmProjects/Book_shop/.venv/lib/python3.14/site-packages/redis/retry.py", line 132, in call_with_retry
    raise error
  File "/Users/rozhchenko/PycharmProjects/Book_shop/.venv/lib/python3.14/site-packages/redis/retry.py", line 120, in call_with_retry
    return do()
  File "/Users/rozhchenko/PycharmProjects/Book_shop/.venv/lib/python3.14/site-packages/redis/connection.py", line 1029, in <lambda>
    lambda: self.connect_check_health(
            ~~~~~~~~~~~~~~~~~~~~~~~~~^
        check_health=True, retry_socket_connect=False
        ^^^^^^^^^^^^^^^^^^^^^^^^^^^^^^^^^^^^^^^^^^^^^
    ),
    ^
  File "/Users/rozhchenko/PycharmProjects/Book_shop/.venv/lib/python3.14/site-packages/redis/connection.py", line 1077, in connect_check_health
    raise e
redis.exceptions.ConnectionError: Error 8 connecting to redis:6379. nodename nor servname provided, or not known.
ERROR | 2026-09-10 07:55:37,403 | log | Internal Server Error: /api/categories/
Traceback (most recent call last):
  File "/Users/rozhchenko/PycharmProjects/Book_shop/.venv/lib/python3.14/site-packages/django_redis/cache.py", line 48, in _decorator
    return method(self, *args, **kwargs)
  File "/Users/rozhchenko/PycharmProjects/Book_shop/.venv/lib/python3.14/site-packages/django_redis/cache.py", line 124, in _get
    return self.client.get(key, default=default, version=version, client=client)
           ~~~~~~~~~~~~~~~^^^^^^^^^^^^^^^^^^^^^^^^^^^^^^^^^^^^^^^^^^^^^^^^^^^^^^
  File "/Users/rozhchenko/PycharmProjects/Book_shop/.venv/lib/python3.14/site-packages/django_redis/client/default.py", line 362, in get
    raise ConnectionInterrupted(connection=client) from e
django_redis.exceptions.ConnectionInterrupted: Redis ConnectionError: Error 8 connecting to redis:6379. nodename nor servname provided, or not known.

During handling of the above exception, another exception occurred:

Traceback (most recent call last):
  File "/Users/rozhchenko/PycharmProjects/Book_shop/.venv/lib/python3.14/site-packages/django/core/handlers/exception.py", line 55, in inner
    response = get_response(request)
  File "/Users/rozhchenko/PycharmProjects/Book_shop/.venv/lib/python3.14/site-packages/django/core/handlers/base.py", line 198, in _get_response
    response = wrapped_callback(request, *callback_args, **callback_kwargs)
  File "/Users/rozhchenko/PycharmProjects/Book_shop/.venv/lib/python3.14/site-packages/django/views/decorators/csrf.py", line 65, in _view_wrapper
    return view_func(request, *args, **kwargs)
  File "/Users/rozhchenko/PycharmProjects/Book_shop/.venv/lib/python3.14/site-packages/rest_framework/viewsets.py", line 124, in view
    return self.dispatch(request, *args, **kwargs)
           ~~~~~~~~~~~~~^^^^^^^^^^^^^^^^^^^^^^^^^^
  File "/Users/rozhchenko/PycharmProjects/Book_shop/.venv/lib/python3.14/site-packages/rest_framework/views.py", line 526, in dispatch
    response = self.handle_exception(exc)
  File "/Users/rozhchenko/PycharmProjects/Book_shop/.venv/lib/python3.14/site-packages/rest_framework/views.py", line 474, in handle_exception
    self.raise_uncaught_exception(exc)
    ~~~~~~~~~~~~~~~~~~~~~~~~~~~~~^^^^^
  File "/Users/rozhchenko/PycharmProjects/Book_shop/.venv/lib/python3.14/site-packages/rest_framework/views.py", line 485, in raise_uncaught_exception
    raise exc
  File "/Users/rozhchenko/PycharmProjects/Book_shop/.venv/lib/python3.14/site-packages/rest_framework/views.py", line 514, in dispatch
    self.initial(request, *args, **kwargs)
    ~~~~~~~~~~~~^^^^^^^^^^^^^^^^^^^^^^^^^^
  File "/Users/rozhchenko/PycharmProjects/Book_shop/.venv/lib/python3.14/site-packages/rest_framework/views.py", line 421, in initial
    self.check_throttles(request)
    ~~~~~~~~~~~~~~~~~~~~^^^^^^^^^
  File "/Users/rozhchenko/PycharmProjects/Book_shop/.venv/lib/python3.14/site-packages/rest_framework/views.py", line 364, in check_throttles
    if not throttle.allow_request(request, self):
           ~~~~~~~~~~~~~~~~~~~~~~^^^^^^^^^^^^^^^
  File "/Users/rozhchenko/PycharmProjects/Book_shop/.venv/lib/python3.14/site-packages/rest_framework/throttling.py", line 123, in allow_request
    self.history = self.cache.get(self.key, [])
                   ~~~~~~~~~~~~~~^^^^^^^^^^^^^^
  File "/Users/rozhchenko/PycharmProjects/Book_shop/.venv/lib/python3.14/site-packages/django_redis/cache.py", line 117, in get
    value = self._get(key, default, version, client)
  File "/Users/rozhchenko/PycharmProjects/Book_shop/.venv/lib/python3.14/site-packages/django_redis/cache.py", line 55, in _decorator
    raise e.__cause__  # type: ignore[misc] # noqa: B904
    ^^^^^^^^^^^^^^^^^
  File "/Users/rozhchenko/PycharmProjects/Book_shop/.venv/lib/python3.14/site-packages/django_redis/client/default.py", line 360, in get
    value = client.get(key)
  File "/Users/rozhchenko/PycharmProjects/Book_shop/.venv/lib/python3.14/site-packages/redis/commands/core.py", line 3200, in get
    return self.execute_command("GET", name, keys=[name])
           ~~~~~~~~~~~~~~~~~~~~^^^^^^^^^^^^^^^^^^^^^^^^^^
  File "/Users/rozhchenko/PycharmProjects/Book_shop/.venv/lib/python3.14/site-packages/redis/client.py", line 867, in execute_command
    return self._execute_command(*args, **options)
           ~~~~~~~~~~~~~~~~~~~~~^^^^^^^^^^^^^^^^^^
  File "/Users/rozhchenko/PycharmProjects/Book_shop/.venv/lib/python3.14/site-packages/redis/client.py", line 873, in _execute_command
    conn = self.connection or pool.get_connection()
                              ~~~~~~~~~~~~~~~~~~~^^
  File "/Users/rozhchenko/PycharmProjects/Book_shop/.venv/lib/python3.14/site-packages/redis/utils.py", line 258, in wrapper
    return func(*args, **kwargs)
  File "/Users/rozhchenko/PycharmProjects/Book_shop/.venv/lib/python3.14/site-packages/redis/connection.py", line 3273, in get_connection
    connection.connect()
    ~~~~~~~~~~~~~~~~~~^^
  File "/Users/rozhchenko/PycharmProjects/Book_shop/.venv/lib/python3.14/site-packages/redis/connection.py", line 1028, in connect
    self.retry.call_with_retry(
    ~~~~~~~~~~~~~~~~~~~~~~~~~~^
        lambda: self.connect_check_health(
        ^^^^^^^^^^^^^^^^^^^^^^^^^^^^^^^^^^
    ...<2 lines>...
        lambda error: self.disconnect(error),
        ^^^^^^^^^^^^^^^^^^^^^^^^^^^^^^^^^^^^^
    )
    ^
  File "/Users/rozhchenko/PycharmProjects/Book_shop/.venv/lib/python3.14/site-packages/redis/retry.py", line 132, in call_with_retry
    raise error
  File "/Users/rozhchenko/PycharmProjects/Book_shop/.venv/lib/python3.14/site-packages/redis/retry.py", line 120, in call_with_retry
    return do()
  File "/Users/rozhchenko/PycharmProjects/Book_shop/.venv/lib/python3.14/site-packages/redis/connection.py", line 1029, in <lambda>
    lambda: self.connect_check_health(
            ~~~~~~~~~~~~~~~~~~~~~~~~~^
        check_health=True, retry_socket_connect=False
        ^^^^^^^^^^^^^^^^^^^^^^^^^^^^^^^^^^^^^^^^^^^^^
    ),
    ^
  File "/Users/rozhchenko/PycharmProjects/Book_shop/.venv/lib/python3.14/site-packages/redis/connection.py", line 1077, in connect_check_health
    raise e
redis.exceptions.ConnectionError: Error 8 connecting to redis:6379. nodename nor servname provided, or not known.
ERROR | 2026-09-10 07:55:38,034 | log | Internal Server Error: /api/docs/
Traceback (most recent call last):
  File "/Users/rozhchenko/PycharmProjects/Book_shop/.venv/lib/python3.14/site-packages/django_redis/cache.py", line 48, in _decorator
    return method(self, *args, **kwargs)
  File "/Users/rozhchenko/PycharmProjects/Book_shop/.venv/lib/python3.14/site-packages/django_redis/cache.py", line 124, in _get
    return self.client.get(key, default=default, version=version, client=client)
           ~~~~~~~~~~~~~~~^^^^^^^^^^^^^^^^^^^^^^^^^^^^^^^^^^^^^^^^^^^^^^^^^^^^^^
  File "/Users/rozhchenko/PycharmProjects/Book_shop/.venv/lib/python3.14/site-packages/django_redis/client/default.py", line 362, in get
    raise ConnectionInterrupted(connection=client) from e
django_redis.exceptions.ConnectionInterrupted: Redis ConnectionError: Error 8 connecting to redis:6379. nodename nor servname provided, or not known.

During handling of the above exception, another exception occurred:

Traceback (most recent call last):
  File "/Users/rozhchenko/PycharmProjects/Book_shop/.venv/lib/python3.14/site-packages/django/core/handlers/exception.py", line 55, in inner
    response = get_response(request)
  File "/Users/rozhchenko/PycharmProjects/Book_shop/.venv/lib/python3.14/site-packages/django/core/handlers/base.py", line 198, in _get_response
    response = wrapped_callback(request, *callback_args, **callback_kwargs)
  File "/Users/rozhchenko/PycharmProjects/Book_shop/.venv/lib/python3.14/site-packages/django/views/decorators/csrf.py", line 65, in _view_wrapper
    return view_func(request, *args, **kwargs)
  File "/Users/rozhchenko/PycharmProjects/Book_shop/.venv/lib/python3.14/site-packages/django/views/generic/base.py", line 106, in view
    return self.dispatch(request, *args, **kwargs)
           ~~~~~~~~~~~~~^^^^^^^^^^^^^^^^^^^^^^^^^^
  File "/Users/rozhchenko/PycharmProjects/Book_shop/.venv/lib/python3.14/site-packages/rest_framework/views.py", line 526, in dispatch
    response = self.handle_exception(exc)
  File "/Users/rozhchenko/PycharmProjects/Book_shop/.venv/lib/python3.14/site-packages/rest_framework/views.py", line 474, in handle_exception
    self.raise_uncaught_exception(exc)
    ~~~~~~~~~~~~~~~~~~~~~~~~~~~~~^^^^^
  File "/Users/rozhchenko/PycharmProjects/Book_shop/.venv/lib/python3.14/site-packages/rest_framework/views.py", line 485, in raise_uncaught_exception
    raise exc
  File "/Users/rozhchenko/PycharmProjects/Book_shop/.venv/lib/python3.14/site-packages/rest_framework/views.py", line 514, in dispatch
    self.initial(request, *args, **kwargs)
    ~~~~~~~~~~~~^^^^^^^^^^^^^^^^^^^^^^^^^^
  File "/Users/rozhchenko/PycharmProjects/Book_shop/.venv/lib/python3.14/site-packages/rest_framework/views.py", line 421, in initial
    self.check_throttles(request)
    ~~~~~~~~~~~~~~~~~~~~^^^^^^^^^
  File "/Users/rozhchenko/PycharmProjects/Book_shop/.venv/lib/python3.14/site-packages/rest_framework/views.py", line 364, in check_throttles
    if not throttle.allow_request(request, self):
           ~~~~~~~~~~~~~~~~~~~~~~^^^^^^^^^^^^^^^
  File "/Users/rozhchenko/PycharmProjects/Book_shop/.venv/lib/python3.14/site-packages/rest_framework/throttling.py", line 123, in allow_request
    self.history = self.cache.get(self.key, [])
                   ~~~~~~~~~~~~~~^^^^^^^^^^^^^^
  File "/Users/rozhchenko/PycharmProjects/Book_shop/.venv/lib/python3.14/site-packages/django_redis/cache.py", line 117, in get
    value = self._get(key, default, version, client)
  File "/Users/rozhchenko/PycharmProjects/Book_shop/.venv/lib/python3.14/site-packages/django_redis/cache.py", line 55, in _decorator
    raise e.__cause__  # type: ignore[misc] # noqa: B904
    ^^^^^^^^^^^^^^^^^
  File "/Users/rozhchenko/PycharmProjects/Book_shop/.venv/lib/python3.14/site-packages/django_redis/client/default.py", line 360, in get
    value = client.get(key)
  File "/Users/rozhchenko/PycharmProjects/Book_shop/.venv/lib/python3.14/site-packages/redis/commands/core.py", line 3200, in get
    return self.execute_command("GET", name, keys=[name])
           ~~~~~~~~~~~~~~~~~~~~^^^^^^^^^^^^^^^^^^^^^^^^^^
  File "/Users/rozhchenko/PycharmProjects/Book_shop/.venv/lib/python3.14/site-packages/redis/client.py", line 867, in execute_command
    return self._execute_command(*args, **options)
           ~~~~~~~~~~~~~~~~~~~~~^^^^^^^^^^^^^^^^^^
  File "/Users/rozhchenko/PycharmProjects/Book_shop/.venv/lib/python3.14/site-packages/redis/client.py", line 873, in _execute_command
    conn = self.connection or pool.get_connection()
                              ~~~~~~~~~~~~~~~~~~~^^
  File "/Users/rozhchenko/PycharmProjects/Book_shop/.venv/lib/python3.14/site-packages/redis/utils.py", line 258, in wrapper
    return func(*args, **kwargs)
  File "/Users/rozhchenko/PycharmProjects/Book_shop/.venv/lib/python3.14/site-packages/redis/connection.py", line 3273, in get_connection
    connection.connect()
    ~~~~~~~~~~~~~~~~~~^^
  File "/Users/rozhchenko/PycharmProjects/Book_shop/.venv/lib/python3.14/site-packages/redis/connection.py", line 1028, in connect
    self.retry.call_with_retry(
    ~~~~~~~~~~~~~~~~~~~~~~~~~~^
        lambda: self.connect_check_health(
        ^^^^^^^^^^^^^^^^^^^^^^^^^^^^^^^^^^
    ...<2 lines>...
        lambda error: self.disconnect(error),
        ^^^^^^^^^^^^^^^^^^^^^^^^^^^^^^^^^^^^^
    )
    ^
  File "/Users/rozhchenko/PycharmProjects/Book_shop/.venv/lib/python3.14/site-packages/redis/retry.py", line 132, in call_with_retry
    raise error
  File "/Users/rozhchenko/PycharmProjects/Book_shop/.venv/lib/python3.14/site-packages/redis/retry.py", line 120, in call_with_retry
    return do()
  File "/Users/rozhchenko/PycharmProjects/Book_shop/.venv/lib/python3.14/site-packages/redis/connection.py", line 1029, in <lambda>
    lambda: self.connect_check_health(
            ~~~~~~~~~~~~~~~~~~~~~~~~~^
        check_health=True, retry_socket_connect=False
        ^^^^^^^^^^^^^^^^^^^^^^^^^^^^^^^^^^^^^^^^^^^^^
    ),
    ^
  File "/Users/rozhchenko/PycharmProjects/Book_shop/.venv/lib/python3.14/site-packages/redis/connection.py", line 1077, in connect_check_health
    raise e
redis.exceptions.ConnectionError: Error 8 connecting to redis:6379. nodename nor servname provided, or not known.
WARNING | 2026-09-10 07:55:38,653 | log | Unauthorized: /api/orders/
WARNING | 2026-09-10 07:55:38,687 | log | Unauthorized: /api/carts/
ERROR | 2026-09-10 07:55:39,944 | log | Internal Server Error: /api/orders/
Traceback (most recent call last):
  File "/Users/rozhchenko/PycharmProjects/Book_shop/.venv/lib/python3.14/site-packages/django_redis/cache.py", line 48, in _decorator
    return method(self, *args, **kwargs)
  File "/Users/rozhchenko/PycharmProjects/Book_shop/.venv/lib/python3.14/site-packages/django_redis/cache.py", line 124, in _get
    return self.client.get(key, default=default, version=version, client=client)
           ~~~~~~~~~~~~~~~^^^^^^^^^^^^^^^^^^^^^^^^^^^^^^^^^^^^^^^^^^^^^^^^^^^^^^
  File "/Users/rozhchenko/PycharmProjects/Book_shop/.venv/lib/python3.14/site-packages/django_redis/client/default.py", line 362, in get
    raise ConnectionInterrupted(connection=client) from e
django_redis.exceptions.ConnectionInterrupted: Redis ConnectionError: Error 8 connecting to redis:6379. nodename nor servname provided, or not known.

During handling of the above exception, another exception occurred:

Traceback (most recent call last):
  File "/Users/rozhchenko/PycharmProjects/Book_shop/.venv/lib/python3.14/site-packages/django/core/handlers/exception.py", line 55, in inner
    response = get_response(request)
  File "/Users/rozhchenko/PycharmProjects/Book_shop/.venv/lib/python3.14/site-packages/django/core/handlers/base.py", line 198, in _get_response
    response = wrapped_callback(request, *callback_args, **callback_kwargs)
  File "/Users/rozhchenko/PycharmProjects/Book_shop/.venv/lib/python3.14/site-packages/django/views/decorators/csrf.py", line 65, in _view_wrapper
    return view_func(request, *args, **kwargs)
  File "/Users/rozhchenko/PycharmProjects/Book_shop/.venv/lib/python3.14/site-packages/rest_framework/viewsets.py", line 124, in view
    return self.dispatch(request, *args, **kwargs)
           ~~~~~~~~~~~~~^^^^^^^^^^^^^^^^^^^^^^^^^^
  File "/Users/rozhchenko/PycharmProjects/Book_shop/.venv/lib/python3.14/site-packages/rest_framework/views.py", line 526, in dispatch
    response = self.handle_exception(exc)
  File "/Users/rozhchenko/PycharmProjects/Book_shop/.venv/lib/python3.14/site-packages/rest_framework/views.py", line 474, in handle_exception
    self.raise_uncaught_exception(exc)
    ~~~~~~~~~~~~~~~~~~~~~~~~~~~~~^^^^^
  File "/Users/rozhchenko/PycharmProjects/Book_shop/.venv/lib/python3.14/site-packages/rest_framework/views.py", line 485, in raise_uncaught_exception
    raise exc
  File "/Users/rozhchenko/PycharmProjects/Book_shop/.venv/lib/python3.14/site-packages/rest_framework/views.py", line 514, in dispatch
    self.initial(request, *args, **kwargs)
    ~~~~~~~~~~~~^^^^^^^^^^^^^^^^^^^^^^^^^^
  File "/Users/rozhchenko/PycharmProjects/Book_shop/.venv/lib/python3.14/site-packages/rest_framework/views.py", line 421, in initial
    self.check_throttles(request)
    ~~~~~~~~~~~~~~~~~~~~^^^^^^^^^
  File "/Users/rozhchenko/PycharmProjects/Book_shop/.venv/lib/python3.14/site-packages/rest_framework/views.py", line 364, in check_throttles
    if not throttle.allow_request(request, self):
           ~~~~~~~~~~~~~~~~~~~~~~^^^^^^^^^^^^^^^
  File "/Users/rozhchenko/PycharmProjects/Book_shop/.venv/lib/python3.14/site-packages/rest_framework/throttling.py", line 123, in allow_request
    self.history = self.cache.get(self.key, [])
                   ~~~~~~~~~~~~~~^^^^^^^^^^^^^^
  File "/Users/rozhchenko/PycharmProjects/Book_shop/.venv/lib/python3.14/site-packages/django_redis/cache.py", line 117, in get
    value = self._get(key, default, version, client)
  File "/Users/rozhchenko/PycharmProjects/Book_shop/.venv/lib/python3.14/site-packages/django_redis/cache.py", line 55, in _decorator
    raise e.__cause__  # type: ignore[misc] # noqa: B904
    ^^^^^^^^^^^^^^^^^
  File "/Users/rozhchenko/PycharmProjects/Book_shop/.venv/lib/python3.14/site-packages/django_redis/client/default.py", line 360, in get
    value = client.get(key)
  File "/Users/rozhchenko/PycharmProjects/Book_shop/.venv/lib/python3.14/site-packages/redis/commands/core.py", line 3200, in get
    return self.execute_command("GET", name, keys=[name])
           ~~~~~~~~~~~~~~~~~~~~^^^^^^^^^^^^^^^^^^^^^^^^^^
  File "/Users/rozhchenko/PycharmProjects/Book_shop/.venv/lib/python3.14/site-packages/redis/client.py", line 867, in execute_command
    return self._execute_command(*args, **options)
           ~~~~~~~~~~~~~~~~~~~~~^^^^^^^^^^^^^^^^^^
  File "/Users/rozhchenko/PycharmProjects/Book_shop/.venv/lib/python3.14/site-packages/redis/client.py", line 873, in _execute_command
    conn = self.connection or pool.get_connection()
                              ~~~~~~~~~~~~~~~~~~~^^
  File "/Users/rozhchenko/PycharmProjects/Book_shop/.venv/lib/python3.14/site-packages/redis/utils.py", line 258, in wrapper
    return func(*args, **kwargs)
  File "/Users/rozhchenko/PycharmProjects/Book_shop/.venv/lib/python3.14/site-packages/redis/connection.py", line 3273, in get_connection
    connection.connect()
    ~~~~~~~~~~~~~~~~~~^^
  File "/Users/rozhchenko/PycharmProjects/Book_shop/.venv/lib/python3.14/site-packages/redis/connection.py", line 1028, in connect
    self.retry.call_with_retry(
    ~~~~~~~~~~~~~~~~~~~~~~~~~~^
        lambda: self.connect_check_health(
        ^^^^^^^^^^^^^^^^^^^^^^^^^^^^^^^^^^
    ...<2 lines>...
        lambda error: self.disconnect(error),
        ^^^^^^^^^^^^^^^^^^^^^^^^^^^^^^^^^^^^^
    )
    ^
  File "/Users/rozhchenko/PycharmProjects/Book_shop/.venv/lib/python3.14/site-packages/redis/retry.py", line 132, in call_with_retry
    raise error
  File "/Users/rozhchenko/PycharmProjects/Book_shop/.venv/lib/python3.14/site-packages/redis/retry.py", line 120, in call_with_retry
    return do()
  File "/Users/rozhchenko/PycharmProjects/Book_shop/.venv/lib/python3.14/site-packages/redis/connection.py", line 1029, in <lambda>
    lambda: self.connect_check_health(
            ~~~~~~~~~~~~~~~~~~~~~~~~~^
        check_health=True, retry_socket_connect=False
        ^^^^^^^^^^^^^^^^^^^^^^^^^^^^^^^^^^^^^^^^^^^^^
    ),
    ^
  File "/Users/rozhchenko/PycharmProjects/Book_shop/.venv/lib/python3.14/site-packages/redis/connection.py", line 1077, in connect_check_health
    raise e
redis.exceptions.ConnectionError: Error 8 connecting to redis:6379. nodename nor servname provided, or not known.
ERROR | 2026-09-10 07:55:41,780 | log | Internal Server Error: /api/carts/
Traceback (most recent call last):
  File "/Users/rozhchenko/PycharmProjects/Book_shop/.venv/lib/python3.14/site-packages/django_redis/cache.py", line 48, in _decorator
    return method(self, *args, **kwargs)
  File "/Users/rozhchenko/PycharmProjects/Book_shop/.venv/lib/python3.14/site-packages/django_redis/cache.py", line 124, in _get
    return self.client.get(key, default=default, version=version, client=client)
           ~~~~~~~~~~~~~~~^^^^^^^^^^^^^^^^^^^^^^^^^^^^^^^^^^^^^^^^^^^^^^^^^^^^^^
  File "/Users/rozhchenko/PycharmProjects/Book_shop/.venv/lib/python3.14/site-packages/django_redis/client/default.py", line 362, in get
    raise ConnectionInterrupted(connection=client) from e
django_redis.exceptions.ConnectionInterrupted: Redis ConnectionError: Error 8 connecting to redis:6379. nodename nor servname provided, or not known.

During handling of the above exception, another exception occurred:

Traceback (most recent call last):
  File "/Users/rozhchenko/PycharmProjects/Book_shop/.venv/lib/python3.14/site-packages/django/core/handlers/exception.py", line 55, in inner
    response = get_response(request)
  File "/Users/rozhchenko/PycharmProjects/Book_shop/.venv/lib/python3.14/site-packages/django/core/handlers/base.py", line 198, in _get_response
    response = wrapped_callback(request, *callback_args, **callback_kwargs)
  File "/Users/rozhchenko/PycharmProjects/Book_shop/.venv/lib/python3.14/site-packages/django/views/decorators/csrf.py", line 65, in _view_wrapper
    return view_func(request, *args, **kwargs)
  File "/Users/rozhchenko/PycharmProjects/Book_shop/.venv/lib/python3.14/site-packages/rest_framework/viewsets.py", line 124, in view
    return self.dispatch(request, *args, **kwargs)
           ~~~~~~~~~~~~~^^^^^^^^^^^^^^^^^^^^^^^^^^
  File "/Users/rozhchenko/PycharmProjects/Book_shop/.venv/lib/python3.14/site-packages/rest_framework/views.py", line 526, in dispatch
    response = self.handle_exception(exc)
  File "/Users/rozhchenko/PycharmProjects/Book_shop/.venv/lib/python3.14/site-packages/rest_framework/views.py", line 474, in handle_exception
    self.raise_uncaught_exception(exc)
    ~~~~~~~~~~~~~~~~~~~~~~~~~~~~~^^^^^
  File "/Users/rozhchenko/PycharmProjects/Book_shop/.venv/lib/python3.14/site-packages/rest_framework/views.py", line 485, in raise_uncaught_exception
    raise exc
  File "/Users/rozhchenko/PycharmProjects/Book_shop/.venv/lib/python3.14/site-packages/rest_framework/views.py", line 514, in dispatch
    self.initial(request, *args, **kwargs)
    ~~~~~~~~~~~~^^^^^^^^^^^^^^^^^^^^^^^^^^
  File "/Users/rozhchenko/PycharmProjects/Book_shop/.venv/lib/python3.14/site-packages/rest_framework/views.py", line 421, in initial
    self.check_throttles(request)
    ~~~~~~~~~~~~~~~~~~~~^^^^^^^^^
  File "/Users/rozhchenko/PycharmProjects/Book_shop/.venv/lib/python3.14/site-packages/rest_framework/views.py", line 364, in check_throttles
    if not throttle.allow_request(request, self):
           ~~~~~~~~~~~~~~~~~~~~~~^^^^^^^^^^^^^^^
  File "/Users/rozhchenko/PycharmProjects/Book_shop/.venv/lib/python3.14/site-packages/rest_framework/throttling.py", line 123, in allow_request
    self.history = self.cache.get(self.key, [])
                   ~~~~~~~~~~~~~~^^^^^^^^^^^^^^
  File "/Users/rozhchenko/PycharmProjects/Book_shop/.venv/lib/python3.14/site-packages/django_redis/cache.py", line 117, in get
    value = self._get(key, default, version, client)
  File "/Users/rozhchenko/PycharmProjects/Book_shop/.venv/lib/python3.14/site-packages/django_redis/cache.py", line 55, in _decorator
    raise e.__cause__  # type: ignore[misc] # noqa: B904
    ^^^^^^^^^^^^^^^^^
  File "/Users/rozhchenko/PycharmProjects/Book_shop/.venv/lib/python3.14/site-packages/django_redis/client/default.py", line 360, in get
    value = client.get(key)
  File "/Users/rozhchenko/PycharmProjects/Book_shop/.venv/lib/python3.14/site-packages/redis/commands/core.py", line 3200, in get
    return self.execute_command("GET", name, keys=[name])
           ~~~~~~~~~~~~~~~~~~~~^^^^^^^^^^^^^^^^^^^^^^^^^^
  File "/Users/rozhchenko/PycharmProjects/Book_shop/.venv/lib/python3.14/site-packages/redis/client.py", line 867, in execute_command
    return self._execute_command(*args, **options)
           ~~~~~~~~~~~~~~~~~~~~~^^^^^^^^^^^^^^^^^^
  File "/Users/rozhchenko/PycharmProjects/Book_shop/.venv/lib/python3.14/site-packages/redis/client.py", line 873, in _execute_command
    conn = self.connection or pool.get_connection()
                              ~~~~~~~~~~~~~~~~~~~^^
  File "/Users/rozhchenko/PycharmProjects/Book_shop/.venv/lib/python3.14/site-packages/redis/utils.py", line 258, in wrapper
    return func(*args, **kwargs)
  File "/Users/rozhchenko/PycharmProjects/Book_shop/.venv/lib/python3.14/site-packages/redis/connection.py", line 3273, in get_connection
    connection.connect()
    ~~~~~~~~~~~~~~~~~~^^
  File "/Users/rozhchenko/PycharmProjects/Book_shop/.venv/lib/python3.14/site-packages/redis/connection.py", line 1028, in connect
    self.retry.call_with_retry(
    ~~~~~~~~~~~~~~~~~~~~~~~~~~^
        lambda: self.connect_check_health(
        ^^^^^^^^^^^^^^^^^^^^^^^^^^^^^^^^^^
    ...<2 lines>...
        lambda error: self.disconnect(error),
        ^^^^^^^^^^^^^^^^^^^^^^^^^^^^^^^^^^^^^
    )
    ^
  File "/Users/rozhchenko/PycharmProjects/Book_shop/.venv/lib/python3.14/site-packages/redis/retry.py", line 132, in call_with_retry
    raise error
  File "/Users/rozhchenko/PycharmProjects/Book_shop/.venv/lib/python3.14/site-packages/redis/retry.py", line 120, in call_with_retry
    return do()
  File "/Users/rozhchenko/PycharmProjects/Book_shop/.venv/lib/python3.14/site-packages/redis/connection.py", line 1029, in <lambda>
    lambda: self.connect_check_health(
            ~~~~~~~~~~~~~~~~~~~~~~~~~^
        check_health=True, retry_socket_connect=False
        ^^^^^^^^^^^^^^^^^^^^^^^^^^^^^^^^^^^^^^^^^^^^^
    ),
    ^
  File "/Users/rozhchenko/PycharmProjects/Book_shop/.venv/lib/python3.14/site-packages/redis/connection.py", line 1077, in connect_check_health
    raise e
redis.exceptions.ConnectionError: Error 8 connecting to redis:6379. nodename nor servname provided, or not known.
ERROR | 2026-09-10 07:55:43,605 | log | Internal Server Error: /api/token/
Traceback (most recent call last):
  File "/Users/rozhchenko/PycharmProjects/Book_shop/.venv/lib/python3.14/site-packages/django_redis/cache.py", line 48, in _decorator
    return method(self, *args, **kwargs)
  File "/Users/rozhchenko/PycharmProjects/Book_shop/.venv/lib/python3.14/site-packages/django_redis/cache.py", line 124, in _get
    return self.client.get(key, default=default, version=version, client=client)
           ~~~~~~~~~~~~~~~^^^^^^^^^^^^^^^^^^^^^^^^^^^^^^^^^^^^^^^^^^^^^^^^^^^^^^
  File "/Users/rozhchenko/PycharmProjects/Book_shop/.venv/lib/python3.14/site-packages/django_redis/client/default.py", line 362, in get
    raise ConnectionInterrupted(connection=client) from e
django_redis.exceptions.ConnectionInterrupted: Redis ConnectionError: Error 8 connecting to redis:6379. nodename nor servname provided, or not known.

During handling of the above exception, another exception occurred:

Traceback (most recent call last):
  File "/Users/rozhchenko/PycharmProjects/Book_shop/.venv/lib/python3.14/site-packages/django/core/handlers/exception.py", line 55, in inner
    response = get_response(request)
  File "/Users/rozhchenko/PycharmProjects/Book_shop/.venv/lib/python3.14/site-packages/django/core/handlers/base.py", line 198, in _get_response
    response = wrapped_callback(request, *callback_args, **callback_kwargs)
  File "/Users/rozhchenko/PycharmProjects/Book_shop/.venv/lib/python3.14/site-packages/django/views/decorators/csrf.py", line 65, in _view_wrapper
    return view_func(request, *args, **kwargs)
  File "/Users/rozhchenko/PycharmProjects/Book_shop/.venv/lib/python3.14/site-packages/django/views/generic/base.py", line 106, in view
    return self.dispatch(request, *args, **kwargs)
           ~~~~~~~~~~~~~^^^^^^^^^^^^^^^^^^^^^^^^^^
  File "/Users/rozhchenko/PycharmProjects/Book_shop/.venv/lib/python3.14/site-packages/rest_framework/views.py", line 526, in dispatch
    response = self.handle_exception(exc)
  File "/Users/rozhchenko/PycharmProjects/Book_shop/.venv/lib/python3.14/site-packages/rest_framework/views.py", line 474, in handle_exception
    self.raise_uncaught_exception(exc)
    ~~~~~~~~~~~~~~~~~~~~~~~~~~~~~^^^^^
  File "/Users/rozhchenko/PycharmProjects/Book_shop/.venv/lib/python3.14/site-packages/rest_framework/views.py", line 485, in raise_uncaught_exception
    raise exc
  File "/Users/rozhchenko/PycharmProjects/Book_shop/.venv/lib/python3.14/site-packages/rest_framework/views.py", line 514, in dispatch
    self.initial(request, *args, **kwargs)
    ~~~~~~~~~~~~^^^^^^^^^^^^^^^^^^^^^^^^^^
  File "/Users/rozhchenko/PycharmProjects/Book_shop/.venv/lib/python3.14/site-packages/rest_framework/views.py", line 421, in initial
    self.check_throttles(request)
    ~~~~~~~~~~~~~~~~~~~~^^^^^^^^^
  File "/Users/rozhchenko/PycharmProjects/Book_shop/.venv/lib/python3.14/site-packages/rest_framework/views.py", line 364, in check_throttles
    if not throttle.allow_request(request, self):
           ~~~~~~~~~~~~~~~~~~~~~~^^^^^^^^^^^^^^^
  File "/Users/rozhchenko/PycharmProjects/Book_shop/.venv/lib/python3.14/site-packages/rest_framework/throttling.py", line 123, in allow_request
    self.history = self.cache.get(self.key, [])
                   ~~~~~~~~~~~~~~^^^^^^^^^^^^^^
  File "/Users/rozhchenko/PycharmProjects/Book_shop/.venv/lib/python3.14/site-packages/django_redis/cache.py", line 117, in get
    value = self._get(key, default, version, client)
  File "/Users/rozhchenko/PycharmProjects/Book_shop/.venv/lib/python3.14/site-packages/django_redis/cache.py", line 55, in _decorator
    raise e.__cause__  # type: ignore[misc] # noqa: B904
    ^^^^^^^^^^^^^^^^^
  File "/Users/rozhchenko/PycharmProjects/Book_shop/.venv/lib/python3.14/site-packages/django_redis/client/default.py", line 360, in get
    value = client.get(key)
  File "/Users/rozhchenko/PycharmProjects/Book_shop/.venv/lib/python3.14/site-packages/redis/commands/core.py", line 3200, in get
    return self.execute_command("GET", name, keys=[name])
           ~~~~~~~~~~~~~~~~~~~~^^^^^^^^^^^^^^^^^^^^^^^^^^
  File "/Users/rozhchenko/PycharmProjects/Book_shop/.venv/lib/python3.14/site-packages/redis/client.py", line 867, in execute_command
    return self._execute_command(*args, **options)
           ~~~~~~~~~~~~~~~~~~~~~^^^^^^^^^^^^^^^^^^
  File "/Users/rozhchenko/PycharmProjects/Book_shop/.venv/lib/python3.14/site-packages/redis/client.py", line 873, in _execute_command
    conn = self.connection or pool.get_connection()
                              ~~~~~~~~~~~~~~~~~~~^^
  File "/Users/rozhchenko/PycharmProjects/Book_shop/.venv/lib/python3.14/site-packages/redis/utils.py", line 258, in wrapper
    return func(*args, **kwargs)
  File "/Users/rozhchenko/PycharmProjects/Book_shop/.venv/lib/python3.14/site-packages/redis/connection.py", line 3273, in get_connection
    connection.connect()
    ~~~~~~~~~~~~~~~~~~^^
  File "/Users/rozhchenko/PycharmProjects/Book_shop/.venv/lib/python3.14/site-packages/redis/connection.py", line 1028, in connect
    self.retry.call_with_retry(
    ~~~~~~~~~~~~~~~~~~~~~~~~~~^
        lambda: self.connect_check_health(
        ^^^^^^^^^^^^^^^^^^^^^^^^^^^^^^^^^^
    ...<2 lines>...
        lambda error: self.disconnect(error),
        ^^^^^^^^^^^^^^^^^^^^^^^^^^^^^^^^^^^^^
    )
    ^
  File "/Users/rozhchenko/PycharmProjects/Book_shop/.venv/lib/python3.14/site-packages/redis/retry.py", line 132, in call_with_retry
    raise error
  File "/Users/rozhchenko/PycharmProjects/Book_shop/.venv/lib/python3.14/site-packages/redis/retry.py", line 120, in call_with_retry
    return do()
  File "/Users/rozhchenko/PycharmProjects/Book_shop/.venv/lib/python3.14/site-packages/redis/connection.py", line 1029, in <lambda>
    lambda: self.connect_check_health(
            ~~~~~~~~~~~~~~~~~~~~~~~~~^
        check_health=True, retry_socket_connect=False
        ^^^^^^^^^^^^^^^^^^^^^^^^^^^^^^^^^^^^^^^^^^^^^
    ),
    ^
  File "/Users/rozhchenko/PycharmProjects/Book_shop/.venv/lib/python3.14/site-packages/redis/connection.py", line 1077, in connect_check_health
    raise e
redis.exceptions.ConnectionError: Error 8 connecting to redis:6379. nodename nor servname provided, or not known.
ERROR | 2026-09-10 07:55:44,260 | log | Internal Server Error: /api/token/
Traceback (most recent call last):
  File "/Users/rozhchenko/PycharmProjects/Book_shop/.venv/lib/python3.14/site-packages/django_redis/cache.py", line 48, in _decorator
    return method(self, *args, **kwargs)
  File "/Users/rozhchenko/PycharmProjects/Book_shop/.venv/lib/python3.14/site-packages/django_redis/cache.py", line 124, in _get
    return self.client.get(key, default=default, version=version, client=client)
           ~~~~~~~~~~~~~~~^^^^^^^^^^^^^^^^^^^^^^^^^^^^^^^^^^^^^^^^^^^^^^^^^^^^^^
  File "/Users/rozhchenko/PycharmProjects/Book_shop/.venv/lib/python3.14/site-packages/django_redis/client/default.py", line 362, in get
    raise ConnectionInterrupted(connection=client) from e
django_redis.exceptions.ConnectionInterrupted: Redis ConnectionError: Error 8 connecting to redis:6379. nodename nor servname provided, or not known.

During handling of the above exception, another exception occurred:

Traceback (most recent call last):
  File "/Users/rozhchenko/PycharmProjects/Book_shop/.venv/lib/python3.14/site-packages/django/core/handlers/exception.py", line 55, in inner
    response = get_response(request)
  File "/Users/rozhchenko/PycharmProjects/Book_shop/.venv/lib/python3.14/site-packages/django/core/handlers/base.py", line 198, in _get_response
    response = wrapped_callback(request, *callback_args, **callback_kwargs)
  File "/Users/rozhchenko/PycharmProjects/Book_shop/.venv/lib/python3.14/site-packages/django/views/decorators/csrf.py", line 65, in _view_wrapper
    return view_func(request, *args, **kwargs)
  File "/Users/rozhchenko/PycharmProjects/Book_shop/.venv/lib/python3.14/site-packages/django/views/generic/base.py", line 106, in view
    return self.dispatch(request, *args, **kwargs)
           ~~~~~~~~~~~~~^^^^^^^^^^^^^^^^^^^^^^^^^^
  File "/Users/rozhchenko/PycharmProjects/Book_shop/.venv/lib/python3.14/site-packages/rest_framework/views.py", line 526, in dispatch
    response = self.handle_exception(exc)
  File "/Users/rozhchenko/PycharmProjects/Book_shop/.venv/lib/python3.14/site-packages/rest_framework/views.py", line 474, in handle_exception
    self.raise_uncaught_exception(exc)
    ~~~~~~~~~~~~~~~~~~~~~~~~~~~~~^^^^^
  File "/Users/rozhchenko/PycharmProjects/Book_shop/.venv/lib/python3.14/site-packages/rest_framework/views.py", line 485, in raise_uncaught_exception
    raise exc
  File "/Users/rozhchenko/PycharmProjects/Book_shop/.venv/lib/python3.14/site-packages/rest_framework/views.py", line 514, in dispatch
    self.initial(request, *args, **kwargs)
    ~~~~~~~~~~~~^^^^^^^^^^^^^^^^^^^^^^^^^^
  File "/Users/rozhchenko/PycharmProjects/Book_shop/.venv/lib/python3.14/site-packages/rest_framework/views.py", line 421, in initial
    self.check_throttles(request)
    ~~~~~~~~~~~~~~~~~~~~^^^^^^^^^
  File "/Users/rozhchenko/PycharmProjects/Book_shop/.venv/lib/python3.14/site-packages/rest_framework/views.py", line 364, in check_throttles
    if not throttle.allow_request(request, self):
           ~~~~~~~~~~~~~~~~~~~~~~^^^^^^^^^^^^^^^
  File "/Users/rozhchenko/PycharmProjects/Book_shop/.venv/lib/python3.14/site-packages/rest_framework/throttling.py", line 123, in allow_request
    self.history = self.cache.get(self.key, [])
                   ~~~~~~~~~~~~~~^^^^^^^^^^^^^^
  File "/Users/rozhchenko/PycharmProjects/Book_shop/.venv/lib/python3.14/site-packages/django_redis/cache.py", line 117, in get
    value = self._get(key, default, version, client)
  File "/Users/rozhchenko/PycharmProjects/Book_shop/.venv/lib/python3.14/site-packages/django_redis/cache.py", line 55, in _decorator
    raise e.__cause__  # type: ignore[misc] # noqa: B904
    ^^^^^^^^^^^^^^^^^
  File "/Users/rozhchenko/PycharmProjects/Book_shop/.venv/lib/python3.14/site-packages/django_redis/client/default.py", line 360, in get
    value = client.get(key)
  File "/Users/rozhchenko/PycharmProjects/Book_shop/.venv/lib/python3.14/site-packages/redis/commands/core.py", line 3200, in get
    return self.execute_command("GET", name, keys=[name])
           ~~~~~~~~~~~~~~~~~~~~^^^^^^^^^^^^^^^^^^^^^^^^^^
  File "/Users/rozhchenko/PycharmProjects/Book_shop/.venv/lib/python3.14/site-packages/redis/client.py", line 867, in execute_command
    return self._execute_command(*args, **options)
           ~~~~~~~~~~~~~~~~~~~~~^^^^^^^^^^^^^^^^^^
  File "/Users/rozhchenko/PycharmProjects/Book_shop/.venv/lib/python3.14/site-packages/redis/client.py", line 873, in _execute_command
    conn = self.connection or pool.get_connection()
                              ~~~~~~~~~~~~~~~~~~~^^
  File "/Users/rozhchenko/PycharmProjects/Book_shop/.venv/lib/python3.14/site-packages/redis/utils.py", line 258, in wrapper
    return func(*args, **kwargs)
  File "/Users/rozhchenko/PycharmProjects/Book_shop/.venv/lib/python3.14/site-packages/redis/connection.py", line 3273, in get_connection
    connection.connect()
    ~~~~~~~~~~~~~~~~~~^^
  File "/Users/rozhchenko/PycharmProjects/Book_shop/.venv/lib/python3.14/site-packages/redis/connection.py", line 1028, in connect
    self.retry.call_with_retry(
    ~~~~~~~~~~~~~~~~~~~~~~~~~~^
        lambda: self.connect_check_health(
        ^^^^^^^^^^^^^^^^^^^^^^^^^^^^^^^^^^
    ...<2 lines>...
        lambda error: self.disconnect(error),
        ^^^^^^^^^^^^^^^^^^^^^^^^^^^^^^^^^^^^^
    )
    ^
  File "/Users/rozhchenko/PycharmProjects/Book_shop/.venv/lib/python3.14/site-packages/redis/retry.py", line 132, in call_with_retry
    raise error
  File "/Users/rozhchenko/PycharmProjects/Book_shop/.venv/lib/python3.14/site-packages/redis/retry.py", line 120, in call_with_retry
    return do()
  File "/Users/rozhchenko/PycharmProjects/Book_shop/.venv/lib/python3.14/site-packages/redis/connection.py", line 1029, in <lambda>
    lambda: self.connect_check_health(
            ~~~~~~~~~~~~~~~~~~~~~~~~~^
        check_health=True, retry_socket_connect=False
        ^^^^^^^^^^^^^^^^^^^^^^^^^^^^^^^^^^^^^^^^^^^^^
    ),
    ^
  File "/Users/rozhchenko/PycharmProjects/Book_shop/.venv/lib/python3.14/site-packages/redis/connection.py", line 1077, in connect_check_health
    raise e
redis.exceptions.ConnectionError: Error 8 connecting to redis:6379. nodename nor servname provided, or not known.
WARNING | 2026-09-10 07:55:47,284 | log | Forbidden: /api/categories/
ERROR | 2026-09-10 07:55:47,317 | log | Internal Server Error: /api/categories/
Traceback (most recent call last):
  File "/Users/rozhchenko/PycharmProjects/Book_shop/.venv/lib/python3.14/site-packages/django_redis/cache.py", line 48, in _decorator
    return method(self, *args, **kwargs)
  File "/Users/rozhchenko/PycharmProjects/Book_shop/.venv/lib/python3.14/site-packages/django_redis/cache.py", line 124, in _get
    return self.client.get(key, default=default, version=version, client=client)
           ~~~~~~~~~~~~~~~^^^^^^^^^^^^^^^^^^^^^^^^^^^^^^^^^^^^^^^^^^^^^^^^^^^^^^
  File "/Users/rozhchenko/PycharmProjects/Book_shop/.venv/lib/python3.14/site-packages/django_redis/client/default.py", line 362, in get
    raise ConnectionInterrupted(connection=client) from e
django_redis.exceptions.ConnectionInterrupted: Redis ConnectionError: Error 8 connecting to redis:6379. nodename nor servname provided, or not known.

During handling of the above exception, another exception occurred:

Traceback (most recent call last):
  File "/Users/rozhchenko/PycharmProjects/Book_shop/.venv/lib/python3.14/site-packages/django/core/handlers/exception.py", line 55, in inner
    response = get_response(request)
  File "/Users/rozhchenko/PycharmProjects/Book_shop/.venv/lib/python3.14/site-packages/django/core/handlers/base.py", line 198, in _get_response
    response = wrapped_callback(request, *callback_args, **callback_kwargs)
  File "/Users/rozhchenko/PycharmProjects/Book_shop/.venv/lib/python3.14/site-packages/django/views/decorators/csrf.py", line 65, in _view_wrapper
    return view_func(request, *args, **kwargs)
  File "/Users/rozhchenko/PycharmProjects/Book_shop/.venv/lib/python3.14/site-packages/rest_framework/viewsets.py", line 124, in view
    return self.dispatch(request, *args, **kwargs)
           ~~~~~~~~~~~~~^^^^^^^^^^^^^^^^^^^^^^^^^^
  File "/Users/rozhchenko/PycharmProjects/Book_shop/.venv/lib/python3.14/site-packages/rest_framework/views.py", line 526, in dispatch
    response = self.handle_exception(exc)
  File "/Users/rozhchenko/PycharmProjects/Book_shop/.venv/lib/python3.14/site-packages/rest_framework/views.py", line 474, in handle_exception
    self.raise_uncaught_exception(exc)
    ~~~~~~~~~~~~~~~~~~~~~~~~~~~~~^^^^^
  File "/Users/rozhchenko/PycharmProjects/Book_shop/.venv/lib/python3.14/site-packages/rest_framework/views.py", line 485, in raise_uncaught_exception
    raise exc
  File "/Users/rozhchenko/PycharmProjects/Book_shop/.venv/lib/python3.14/site-packages/rest_framework/views.py", line 514, in dispatch
    self.initial(request, *args, **kwargs)
    ~~~~~~~~~~~~^^^^^^^^^^^^^^^^^^^^^^^^^^
  File "/Users/rozhchenko/PycharmProjects/Book_shop/.venv/lib/python3.14/site-packages/rest_framework/views.py", line 421, in initial
    self.check_throttles(request)
    ~~~~~~~~~~~~~~~~~~~~^^^^^^^^^
  File "/Users/rozhchenko/PycharmProjects/Book_shop/.venv/lib/python3.14/site-packages/rest_framework/views.py", line 364, in check_throttles
    if not throttle.allow_request(request, self):
           ~~~~~~~~~~~~~~~~~~~~~~^^^^^^^^^^^^^^^
  File "/Users/rozhchenko/PycharmProjects/Book_shop/.venv/lib/python3.14/site-packages/rest_framework/throttling.py", line 123, in allow_request
    self.history = self.cache.get(self.key, [])
                   ~~~~~~~~~~~~~~^^^^^^^^^^^^^^
  File "/Users/rozhchenko/PycharmProjects/Book_shop/.venv/lib/python3.14/site-packages/django_redis/cache.py", line 117, in get
    value = self._get(key, default, version, client)
  File "/Users/rozhchenko/PycharmProjects/Book_shop/.venv/lib/python3.14/site-packages/django_redis/cache.py", line 55, in _decorator
    raise e.__cause__  # type: ignore[misc] # noqa: B904
    ^^^^^^^^^^^^^^^^^
  File "/Users/rozhchenko/PycharmProjects/Book_shop/.venv/lib/python3.14/site-packages/django_redis/client/default.py", line 360, in get
    value = client.get(key)
  File "/Users/rozhchenko/PycharmProjects/Book_shop/.venv/lib/python3.14/site-packages/redis/commands/core.py", line 3200, in get
    return self.execute_command("GET", name, keys=[name])
           ~~~~~~~~~~~~~~~~~~~~^^^^^^^^^^^^^^^^^^^^^^^^^^
  File "/Users/rozhchenko/PycharmProjects/Book_shop/.venv/lib/python3.14/site-packages/redis/client.py", line 867, in execute_command
    return self._execute_command(*args, **options)
           ~~~~~~~~~~~~~~~~~~~~~^^^^^^^^^^^^^^^^^^
  File "/Users/rozhchenko/PycharmProjects/Book_shop/.venv/lib/python3.14/site-packages/redis/client.py", line 873, in _execute_command
    conn = self.connection or pool.get_connection()
                              ~~~~~~~~~~~~~~~~~~~^^
  File "/Users/rozhchenko/PycharmProjects/Book_shop/.venv/lib/python3.14/site-packages/redis/utils.py", line 258, in wrapper
    return func(*args, **kwargs)
  File "/Users/rozhchenko/PycharmProjects/Book_shop/.venv/lib/python3.14/site-packages/redis/connection.py", line 3273, in get_connection
    connection.connect()
    ~~~~~~~~~~~~~~~~~~^^
  File "/Users/rozhchenko/PycharmProjects/Book_shop/.venv/lib/python3.14/site-packages/redis/connection.py", line 1028, in connect
    self.retry.call_with_retry(
    ~~~~~~~~~~~~~~~~~~~~~~~~~~^
        lambda: self.connect_check_health(
        ^^^^^^^^^^^^^^^^^^^^^^^^^^^^^^^^^^
    ...<2 lines>...
        lambda error: self.disconnect(error),
        ^^^^^^^^^^^^^^^^^^^^^^^^^^^^^^^^^^^^^
    )
    ^
  File "/Users/rozhchenko/PycharmProjects/Book_shop/.venv/lib/python3.14/site-packages/redis/retry.py", line 132, in call_with_retry
    raise error
  File "/Users/rozhchenko/PycharmProjects/Book_shop/.venv/lib/python3.14/site-packages/redis/retry.py", line 120, in call_with_retry
    return do()
  File "/Users/rozhchenko/PycharmProjects/Book_shop/.venv/lib/python3.14/site-packages/redis/connection.py", line 1029, in <lambda>
    lambda: self.connect_check_health(
            ~~~~~~~~~~~~~~~~~~~~~~~~~^
        check_health=True, retry_socket_connect=False
        ^^^^^^^^^^^^^^^^^^^^^^^^^^^^^^^^^^^^^^^^^^^^^
    ),
    ^
  File "/Users/rozhchenko/PycharmProjects/Book_shop/.venv/lib/python3.14/site-packages/redis/connection.py", line 1077, in connect_check_health
    raise e
redis.exceptions.ConnectionError: Error 8 connecting to redis:6379. nodename nor servname provided, or not known.
WARNING | 2026-09-10 07:55:50,334 | log | Forbidden: /api/categories/999/
ERROR | 2026-09-10 07:55:50,367 | log | Internal Server Error: /api/categories/999/
Traceback (most recent call last):
  File "/Users/rozhchenko/PycharmProjects/Book_shop/.venv/lib/python3.14/site-packages/django_redis/cache.py", line 48, in _decorator
    return method(self, *args, **kwargs)
  File "/Users/rozhchenko/PycharmProjects/Book_shop/.venv/lib/python3.14/site-packages/django_redis/cache.py", line 124, in _get
    return self.client.get(key, default=default, version=version, client=client)
           ~~~~~~~~~~~~~~~^^^^^^^^^^^^^^^^^^^^^^^^^^^^^^^^^^^^^^^^^^^^^^^^^^^^^^
  File "/Users/rozhchenko/PycharmProjects/Book_shop/.venv/lib/python3.14/site-packages/django_redis/client/default.py", line 362, in get
    raise ConnectionInterrupted(connection=client) from e
django_redis.exceptions.ConnectionInterrupted: Redis ConnectionError: Error 8 connecting to redis:6379. nodename nor servname provided, or not known.

During handling of the above exception, another exception occurred:

Traceback (most recent call last):
  File "/Users/rozhchenko/PycharmProjects/Book_shop/.venv/lib/python3.14/site-packages/django/core/handlers/exception.py", line 55, in inner
    response = get_response(request)
  File "/Users/rozhchenko/PycharmProjects/Book_shop/.venv/lib/python3.14/site-packages/django/core/handlers/base.py", line 198, in _get_response
    response = wrapped_callback(request, *callback_args, **callback_kwargs)
  File "/Users/rozhchenko/PycharmProjects/Book_shop/.venv/lib/python3.14/site-packages/django/views/decorators/csrf.py", line 65, in _view_wrapper
    return view_func(request, *args, **kwargs)
  File "/Users/rozhchenko/PycharmProjects/Book_shop/.venv/lib/python3.14/site-packages/rest_framework/viewsets.py", line 124, in view
    return self.dispatch(request, *args, **kwargs)
           ~~~~~~~~~~~~~^^^^^^^^^^^^^^^^^^^^^^^^^^
  File "/Users/rozhchenko/PycharmProjects/Book_shop/.venv/lib/python3.14/site-packages/rest_framework/views.py", line 526, in dispatch
    response = self.handle_exception(exc)
  File "/Users/rozhchenko/PycharmProjects/Book_shop/.venv/lib/python3.14/site-packages/rest_framework/views.py", line 474, in handle_exception
    self.raise_uncaught_exception(exc)
    ~~~~~~~~~~~~~~~~~~~~~~~~~~~~~^^^^^
  File "/Users/rozhchenko/PycharmProjects/Book_shop/.venv/lib/python3.14/site-packages/rest_framework/views.py", line 485, in raise_uncaught_exception
    raise exc
  File "/Users/rozhchenko/PycharmProjects/Book_shop/.venv/lib/python3.14/site-packages/rest_framework/views.py", line 514, in dispatch
    self.initial(request, *args, **kwargs)
    ~~~~~~~~~~~~^^^^^^^^^^^^^^^^^^^^^^^^^^
  File "/Users/rozhchenko/PycharmProjects/Book_shop/.venv/lib/python3.14/site-packages/rest_framework/views.py", line 421, in initial
    self.check_throttles(request)
    ~~~~~~~~~~~~~~~~~~~~^^^^^^^^^
  File "/Users/rozhchenko/PycharmProjects/Book_shop/.venv/lib/python3.14/site-packages/rest_framework/views.py", line 364, in check_throttles
    if not throttle.allow_request(request, self):
           ~~~~~~~~~~~~~~~~~~~~~~^^^^^^^^^^^^^^^
  File "/Users/rozhchenko/PycharmProjects/Book_shop/.venv/lib/python3.14/site-packages/rest_framework/throttling.py", line 123, in allow_request
    self.history = self.cache.get(self.key, [])
                   ~~~~~~~~~~~~~~^^^^^^^^^^^^^^
  File "/Users/rozhchenko/PycharmProjects/Book_shop/.venv/lib/python3.14/site-packages/django_redis/cache.py", line 117, in get
    value = self._get(key, default, version, client)
  File "/Users/rozhchenko/PycharmProjects/Book_shop/.venv/lib/python3.14/site-packages/django_redis/cache.py", line 55, in _decorator
    raise e.__cause__  # type: ignore[misc] # noqa: B904
    ^^^^^^^^^^^^^^^^^
  File "/Users/rozhchenko/PycharmProjects/Book_shop/.venv/lib/python3.14/site-packages/django_redis/client/default.py", line 360, in get
    value = client.get(key)
  File "/Users/rozhchenko/PycharmProjects/Book_shop/.venv/lib/python3.14/site-packages/redis/commands/core.py", line 3200, in get
    return self.execute_command("GET", name, keys=[name])
           ~~~~~~~~~~~~~~~~~~~~^^^^^^^^^^^^^^^^^^^^^^^^^^
  File "/Users/rozhchenko/PycharmProjects/Book_shop/.venv/lib/python3.14/site-packages/redis/client.py", line 867, in execute_command
    return self._execute_command(*args, **options)
           ~~~~~~~~~~~~~~~~~~~~~^^^^^^^^^^^^^^^^^^
  File "/Users/rozhchenko/PycharmProjects/Book_shop/.venv/lib/python3.14/site-packages/redis/client.py", line 873, in _execute_command
    conn = self.connection or pool.get_connection()
                              ~~~~~~~~~~~~~~~~~~~^^
  File "/Users/rozhchenko/PycharmProjects/Book_shop/.venv/lib/python3.14/site-packages/redis/utils.py", line 258, in wrapper
    return func(*args, **kwargs)
  File "/Users/rozhchenko/PycharmProjects/Book_shop/.venv/lib/python3.14/site-packages/redis/connection.py", line 3273, in get_connection
    connection.connect()
    ~~~~~~~~~~~~~~~~~~^^
  File "/Users/rozhchenko/PycharmProjects/Book_shop/.venv/lib/python3.14/site-packages/redis/connection.py", line 1028, in connect
    self.retry.call_with_retry(
    ~~~~~~~~~~~~~~~~~~~~~~~~~~^
        lambda: self.connect_check_health(
        ^^^^^^^^^^^^^^^^^^^^^^^^^^^^^^^^^^
    ...<2 lines>...
        lambda error: self.disconnect(error),
        ^^^^^^^^^^^^^^^^^^^^^^^^^^^^^^^^^^^^^
    )
    ^
  File "/Users/rozhchenko/PycharmProjects/Book_shop/.venv/lib/python3.14/site-packages/redis/retry.py", line 132, in call_with_retry
    raise error
  File "/Users/rozhchenko/PycharmProjects/Book_shop/.venv/lib/python3.14/site-packages/redis/retry.py", line 120, in call_with_retry
    return do()
  File "/Users/rozhchenko/PycharmProjects/Book_shop/.venv/lib/python3.14/site-packages/redis/connection.py", line 1029, in <lambda>
    lambda: self.connect_check_health(
            ~~~~~~~~~~~~~~~~~~~~~~~~~^
        check_health=True, retry_socket_connect=False
        ^^^^^^^^^^^^^^^^^^^^^^^^^^^^^^^^^^^^^^^^^^^^^
    ),
    ^
  File "/Users/rozhchenko/PycharmProjects/Book_shop/.venv/lib/python3.14/site-packages/redis/connection.py", line 1077, in connect_check_health
    raise e
redis.exceptions.ConnectionError: Error 8 connecting to redis:6379. nodename nor servname provided, or not known.
WARNING | 2026-09-10 07:55:53,388 | log | Forbidden: /api/books/
ERROR | 2026-09-10 07:55:53,421 | log | Internal Server Error: /api/books/
Traceback (most recent call last):
  File "/Users/rozhchenko/PycharmProjects/Book_shop/.venv/lib/python3.14/site-packages/django_redis/cache.py", line 48, in _decorator
    return method(self, *args, **kwargs)
  File "/Users/rozhchenko/PycharmProjects/Book_shop/.venv/lib/python3.14/site-packages/django_redis/cache.py", line 124, in _get
    return self.client.get(key, default=default, version=version, client=client)
           ~~~~~~~~~~~~~~~^^^^^^^^^^^^^^^^^^^^^^^^^^^^^^^^^^^^^^^^^^^^^^^^^^^^^^
  File "/Users/rozhchenko/PycharmProjects/Book_shop/.venv/lib/python3.14/site-packages/django_redis/client/default.py", line 362, in get
    raise ConnectionInterrupted(connection=client) from e
django_redis.exceptions.ConnectionInterrupted: Redis ConnectionError: Error 8 connecting to redis:6379. nodename nor servname provided, or not known.

During handling of the above exception, another exception occurred:

Traceback (most recent call last):
  File "/Users/rozhchenko/PycharmProjects/Book_shop/.venv/lib/python3.14/site-packages/django/core/handlers/exception.py", line 55, in inner
    response = get_response(request)
  File "/Users/rozhchenko/PycharmProjects/Book_shop/.venv/lib/python3.14/site-packages/django/core/handlers/base.py", line 198, in _get_response
    response = wrapped_callback(request, *callback_args, **callback_kwargs)
  File "/Users/rozhchenko/PycharmProjects/Book_shop/.venv/lib/python3.14/site-packages/django/views/decorators/csrf.py", line 65, in _view_wrapper
    return view_func(request, *args, **kwargs)
  File "/Users/rozhchenko/PycharmProjects/Book_shop/.venv/lib/python3.14/site-packages/rest_framework/viewsets.py", line 124, in view
    return self.dispatch(request, *args, **kwargs)
           ~~~~~~~~~~~~~^^^^^^^^^^^^^^^^^^^^^^^^^^
  File "/Users/rozhchenko/PycharmProjects/Book_shop/.venv/lib/python3.14/site-packages/rest_framework/views.py", line 526, in dispatch
    response = self.handle_exception(exc)
  File "/Users/rozhchenko/PycharmProjects/Book_shop/.venv/lib/python3.14/site-packages/rest_framework/views.py", line 474, in handle_exception
    self.raise_uncaught_exception(exc)
    ~~~~~~~~~~~~~~~~~~~~~~~~~~~~~^^^^^
  File "/Users/rozhchenko/PycharmProjects/Book_shop/.venv/lib/python3.14/site-packages/rest_framework/views.py", line 485, in raise_uncaught_exception
    raise exc
  File "/Users/rozhchenko/PycharmProjects/Book_shop/.venv/lib/python3.14/site-packages/rest_framework/views.py", line 514, in dispatch
    self.initial(request, *args, **kwargs)
    ~~~~~~~~~~~~^^^^^^^^^^^^^^^^^^^^^^^^^^
  File "/Users/rozhchenko/PycharmProjects/Book_shop/.venv/lib/python3.14/site-packages/rest_framework/views.py", line 421, in initial
    self.check_throttles(request)
    ~~~~~~~~~~~~~~~~~~~~^^^^^^^^^
  File "/Users/rozhchenko/PycharmProjects/Book_shop/.venv/lib/python3.14/site-packages/rest_framework/views.py", line 364, in check_throttles
    if not throttle.allow_request(request, self):
           ~~~~~~~~~~~~~~~~~~~~~~^^^^^^^^^^^^^^^
  File "/Users/rozhchenko/PycharmProjects/Book_shop/.venv/lib/python3.14/site-packages/rest_framework/throttling.py", line 123, in allow_request
    self.history = self.cache.get(self.key, [])
                   ~~~~~~~~~~~~~~^^^^^^^^^^^^^^
  File "/Users/rozhchenko/PycharmProjects/Book_shop/.venv/lib/python3.14/site-packages/django_redis/cache.py", line 117, in get
    value = self._get(key, default, version, client)
  File "/Users/rozhchenko/PycharmProjects/Book_shop/.venv/lib/python3.14/site-packages/django_redis/cache.py", line 55, in _decorator
    raise e.__cause__  # type: ignore[misc] # noqa: B904
    ^^^^^^^^^^^^^^^^^
  File "/Users/rozhchenko/PycharmProjects/Book_shop/.venv/lib/python3.14/site-packages/django_redis/client/default.py", line 360, in get
    value = client.get(key)
  File "/Users/rozhchenko/PycharmProjects/Book_shop/.venv/lib/python3.14/site-packages/redis/commands/core.py", line 3200, in get
    return self.execute_command("GET", name, keys=[name])
           ~~~~~~~~~~~~~~~~~~~~^^^^^^^^^^^^^^^^^^^^^^^^^^
  File "/Users/rozhchenko/PycharmProjects/Book_shop/.venv/lib/python3.14/site-packages/redis/client.py", line 867, in execute_command
    return self._execute_command(*args, **options)
           ~~~~~~~~~~~~~~~~~~~~~^^^^^^^^^^^^^^^^^^
  File "/Users/rozhchenko/PycharmProjects/Book_shop/.venv/lib/python3.14/site-packages/redis/client.py", line 873, in _execute_command
    conn = self.connection or pool.get_connection()
                              ~~~~~~~~~~~~~~~~~~~^^
  File "/Users/rozhchenko/PycharmProjects/Book_shop/.venv/lib/python3.14/site-packages/redis/utils.py", line 258, in wrapper
    return func(*args, **kwargs)
  File "/Users/rozhchenko/PycharmProjects/Book_shop/.venv/lib/python3.14/site-packages/redis/connection.py", line 3273, in get_connection
    connection.connect()
    ~~~~~~~~~~~~~~~~~~^^
  File "/Users/rozhchenko/PycharmProjects/Book_shop/.venv/lib/python3.14/site-packages/redis/connection.py", line 1028, in connect
    self.retry.call_with_retry(
    ~~~~~~~~~~~~~~~~~~~~~~~~~~^
        lambda: self.connect_check_health(
        ^^^^^^^^^^^^^^^^^^^^^^^^^^^^^^^^^^
    ...<2 lines>...
        lambda error: self.disconnect(error),
        ^^^^^^^^^^^^^^^^^^^^^^^^^^^^^^^^^^^^^
    )
    ^
  File "/Users/rozhchenko/PycharmProjects/Book_shop/.venv/lib/python3.14/site-packages/redis/retry.py", line 132, in call_with_retry
    raise error
  File "/Users/rozhchenko/PycharmProjects/Book_shop/.venv/lib/python3.14/site-packages/redis/retry.py", line 120, in call_with_retry
    return do()
  File "/Users/rozhchenko/PycharmProjects/Book_shop/.venv/lib/python3.14/site-packages/redis/connection.py", line 1029, in <lambda>
    lambda: self.connect_check_health(
            ~~~~~~~~~~~~~~~~~~~~~~~~~^
        check_health=True, retry_socket_connect=False
        ^^^^^^^^^^^^^^^^^^^^^^^^^^^^^^^^^^^^^^^^^^^^^
    ),
    ^
  File "/Users/rozhchenko/PycharmProjects/Book_shop/.venv/lib/python3.14/site-packages/redis/connection.py", line 1077, in connect_check_health
    raise e
redis.exceptions.ConnectionError: Error 8 connecting to redis:6379. nodename nor servname provided, or not known.
WARNING | 2026-09-10 07:55:56,460 | log | Forbidden: /api/books/999/
ERROR | 2026-09-10 07:55:56,497 | log | Internal Server Error: /api/books/999/
Traceback (most recent call last):
  File "/Users/rozhchenko/PycharmProjects/Book_shop/.venv/lib/python3.14/site-packages/django_redis/cache.py", line 48, in _decorator
    return method(self, *args, **kwargs)
  File "/Users/rozhchenko/PycharmProjects/Book_shop/.venv/lib/python3.14/site-packages/django_redis/cache.py", line 124, in _get
    return self.client.get(key, default=default, version=version, client=client)
           ~~~~~~~~~~~~~~~^^^^^^^^^^^^^^^^^^^^^^^^^^^^^^^^^^^^^^^^^^^^^^^^^^^^^^
  File "/Users/rozhchenko/PycharmProjects/Book_shop/.venv/lib/python3.14/site-packages/django_redis/client/default.py", line 362, in get
    raise ConnectionInterrupted(connection=client) from e
django_redis.exceptions.ConnectionInterrupted: Redis ConnectionError: Error 8 connecting to redis:6379. nodename nor servname provided, or not known.

During handling of the above exception, another exception occurred:

Traceback (most recent call last):
  File "/Users/rozhchenko/PycharmProjects/Book_shop/.venv/lib/python3.14/site-packages/django/core/handlers/exception.py", line 55, in inner
    response = get_response(request)
  File "/Users/rozhchenko/PycharmProjects/Book_shop/.venv/lib/python3.14/site-packages/django/core/handlers/base.py", line 198, in _get_response
    response = wrapped_callback(request, *callback_args, **callback_kwargs)
  File "/Users/rozhchenko/PycharmProjects/Book_shop/.venv/lib/python3.14/site-packages/django/views/decorators/csrf.py", line 65, in _view_wrapper
    return view_func(request, *args, **kwargs)
  File "/Users/rozhchenko/PycharmProjects/Book_shop/.venv/lib/python3.14/site-packages/rest_framework/viewsets.py", line 124, in view
    return self.dispatch(request, *args, **kwargs)
           ~~~~~~~~~~~~~^^^^^^^^^^^^^^^^^^^^^^^^^^
  File "/Users/rozhchenko/PycharmProjects/Book_shop/.venv/lib/python3.14/site-packages/rest_framework/views.py", line 526, in dispatch
    response = self.handle_exception(exc)
  File "/Users/rozhchenko/PycharmProjects/Book_shop/.venv/lib/python3.14/site-packages/rest_framework/views.py", line 474, in handle_exception
    self.raise_uncaught_exception(exc)
    ~~~~~~~~~~~~~~~~~~~~~~~~~~~~~^^^^^
  File "/Users/rozhchenko/PycharmProjects/Book_shop/.venv/lib/python3.14/site-packages/rest_framework/views.py", line 485, in raise_uncaught_exception
    raise exc
  File "/Users/rozhchenko/PycharmProjects/Book_shop/.venv/lib/python3.14/site-packages/rest_framework/views.py", line 514, in dispatch
    self.initial(request, *args, **kwargs)
    ~~~~~~~~~~~~^^^^^^^^^^^^^^^^^^^^^^^^^^
  File "/Users/rozhchenko/PycharmProjects/Book_shop/.venv/lib/python3.14/site-packages/rest_framework/views.py", line 421, in initial
    self.check_throttles(request)
    ~~~~~~~~~~~~~~~~~~~~^^^^^^^^^
  File "/Users/rozhchenko/PycharmProjects/Book_shop/.venv/lib/python3.14/site-packages/rest_framework/views.py", line 364, in check_throttles
    if not throttle.allow_request(request, self):
           ~~~~~~~~~~~~~~~~~~~~~~^^^^^^^^^^^^^^^
  File "/Users/rozhchenko/PycharmProjects/Book_shop/.venv/lib/python3.14/site-packages/rest_framework/throttling.py", line 123, in allow_request
    self.history = self.cache.get(self.key, [])
                   ~~~~~~~~~~~~~~^^^^^^^^^^^^^^
  File "/Users/rozhchenko/PycharmProjects/Book_shop/.venv/lib/python3.14/site-packages/django_redis/cache.py", line 117, in get
    value = self._get(key, default, version, client)
  File "/Users/rozhchenko/PycharmProjects/Book_shop/.venv/lib/python3.14/site-packages/django_redis/cache.py", line 55, in _decorator
    raise e.__cause__  # type: ignore[misc] # noqa: B904
    ^^^^^^^^^^^^^^^^^
  File "/Users/rozhchenko/PycharmProjects/Book_shop/.venv/lib/python3.14/site-packages/django_redis/client/default.py", line 360, in get
    value = client.get(key)
  File "/Users/rozhchenko/PycharmProjects/Book_shop/.venv/lib/python3.14/site-packages/redis/commands/core.py", line 3200, in get
    return self.execute_command("GET", name, keys=[name])
           ~~~~~~~~~~~~~~~~~~~~^^^^^^^^^^^^^^^^^^^^^^^^^^
  File "/Users/rozhchenko/PycharmProjects/Book_shop/.venv/lib/python3.14/site-packages/redis/client.py", line 867, in execute_command
    return self._execute_command(*args, **options)
           ~~~~~~~~~~~~~~~~~~~~~^^^^^^^^^^^^^^^^^^
  File "/Users/rozhchenko/PycharmProjects/Book_shop/.venv/lib/python3.14/site-packages/redis/client.py", line 873, in _execute_command
    conn = self.connection or pool.get_connection()
                              ~~~~~~~~~~~~~~~~~~~^^
  File "/Users/rozhchenko/PycharmProjects/Book_shop/.venv/lib/python3.14/site-packages/redis/utils.py", line 258, in wrapper
    return func(*args, **kwargs)
  File "/Users/rozhchenko/PycharmProjects/Book_shop/.venv/lib/python3.14/site-packages/redis/connection.py", line 3273, in get_connection
    connection.connect()
    ~~~~~~~~~~~~~~~~~~^^
  File "/Users/rozhchenko/PycharmProjects/Book_shop/.venv/lib/python3.14/site-packages/redis/connection.py", line 1028, in connect
    self.retry.call_with_retry(
    ~~~~~~~~~~~~~~~~~~~~~~~~~~^
        lambda: self.connect_check_health(
        ^^^^^^^^^^^^^^^^^^^^^^^^^^^^^^^^^^
    ...<2 lines>...
        lambda error: self.disconnect(error),
        ^^^^^^^^^^^^^^^^^^^^^^^^^^^^^^^^^^^^^
    )
    ^
  File "/Users/rozhchenko/PycharmProjects/Book_shop/.venv/lib/python3.14/site-packages/redis/retry.py", line 132, in call_with_retry
    raise error
  File "/Users/rozhchenko/PycharmProjects/Book_shop/.venv/lib/python3.14/site-packages/redis/retry.py", line 120, in call_with_retry
    return do()
  File "/Users/rozhchenko/PycharmProjects/Book_shop/.venv/lib/python3.14/site-packages/redis/connection.py", line 1029, in <lambda>
    lambda: self.connect_check_health(
            ~~~~~~~~~~~~~~~~~~~~~~~~~^
        check_health=True, retry_socket_connect=False
        ^^^^^^^^^^^^^^^^^^^^^^^^^^^^^^^^^^^^^^^^^^^^^
    ),
    ^
  File "/Users/rozhchenko/PycharmProjects/Book_shop/.venv/lib/python3.14/site-packages/redis/connection.py", line 1077, in connect_check_health
    raise e
redis.exceptions.ConnectionError: Error 8 connecting to redis:6379. nodename nor servname provided, or not known.
ERROR | 2026-09-10 07:55:58,331 | log | Internal Server Error: /api/carts/
Traceback (most recent call last):
  File "/Users/rozhchenko/PycharmProjects/Book_shop/.venv/lib/python3.14/site-packages/django_redis/cache.py", line 48, in _decorator
    return method(self, *args, **kwargs)
  File "/Users/rozhchenko/PycharmProjects/Book_shop/.venv/lib/python3.14/site-packages/django_redis/cache.py", line 124, in _get
    return self.client.get(key, default=default, version=version, client=client)
           ~~~~~~~~~~~~~~~^^^^^^^^^^^^^^^^^^^^^^^^^^^^^^^^^^^^^^^^^^^^^^^^^^^^^^
  File "/Users/rozhchenko/PycharmProjects/Book_shop/.venv/lib/python3.14/site-packages/django_redis/client/default.py", line 362, in get
    raise ConnectionInterrupted(connection=client) from e
django_redis.exceptions.ConnectionInterrupted: Redis ConnectionError: Error 8 connecting to redis:6379. nodename nor servname provided, or not known.

During handling of the above exception, another exception occurred:

Traceback (most recent call last):
  File "/Users/rozhchenko/PycharmProjects/Book_shop/.venv/lib/python3.14/site-packages/django/core/handlers/exception.py", line 55, in inner
    response = get_response(request)
  File "/Users/rozhchenko/PycharmProjects/Book_shop/.venv/lib/python3.14/site-packages/django/core/handlers/base.py", line 198, in _get_response
    response = wrapped_callback(request, *callback_args, **callback_kwargs)
  File "/Users/rozhchenko/PycharmProjects/Book_shop/.venv/lib/python3.14/site-packages/django/views/decorators/csrf.py", line 65, in _view_wrapper
    return view_func(request, *args, **kwargs)
  File "/Users/rozhchenko/PycharmProjects/Book_shop/.venv/lib/python3.14/site-packages/rest_framework/viewsets.py", line 124, in view
    return self.dispatch(request, *args, **kwargs)
           ~~~~~~~~~~~~~^^^^^^^^^^^^^^^^^^^^^^^^^^
  File "/Users/rozhchenko/PycharmProjects/Book_shop/.venv/lib/python3.14/site-packages/rest_framework/views.py", line 526, in dispatch
    response = self.handle_exception(exc)
  File "/Users/rozhchenko/PycharmProjects/Book_shop/.venv/lib/python3.14/site-packages/rest_framework/views.py", line 474, in handle_exception
    self.raise_uncaught_exception(exc)
    ~~~~~~~~~~~~~~~~~~~~~~~~~~~~~^^^^^
  File "/Users/rozhchenko/PycharmProjects/Book_shop/.venv/lib/python3.14/site-packages/rest_framework/views.py", line 485, in raise_uncaught_exception
    raise exc
  File "/Users/rozhchenko/PycharmProjects/Book_shop/.venv/lib/python3.14/site-packages/rest_framework/views.py", line 514, in dispatch
    self.initial(request, *args, **kwargs)
    ~~~~~~~~~~~~^^^^^^^^^^^^^^^^^^^^^^^^^^
  File "/Users/rozhchenko/PycharmProjects/Book_shop/.venv/lib/python3.14/site-packages/rest_framework/views.py", line 421, in initial
    self.check_throttles(request)
    ~~~~~~~~~~~~~~~~~~~~^^^^^^^^^
  File "/Users/rozhchenko/PycharmProjects/Book_shop/.venv/lib/python3.14/site-packages/rest_framework/views.py", line 364, in check_throttles
    if not throttle.allow_request(request, self):
           ~~~~~~~~~~~~~~~~~~~~~~^^^^^^^^^^^^^^^
  File "/Users/rozhchenko/PycharmProjects/Book_shop/.venv/lib/python3.14/site-packages/rest_framework/throttling.py", line 123, in allow_request
    self.history = self.cache.get(self.key, [])
                   ~~~~~~~~~~~~~~^^^^^^^^^^^^^^
  File "/Users/rozhchenko/PycharmProjects/Book_shop/.venv/lib/python3.14/site-packages/django_redis/cache.py", line 117, in get
    value = self._get(key, default, version, client)
  File "/Users/rozhchenko/PycharmProjects/Book_shop/.venv/lib/python3.14/site-packages/django_redis/cache.py", line 55, in _decorator
    raise e.__cause__  # type: ignore[misc] # noqa: B904
    ^^^^^^^^^^^^^^^^^
  File "/Users/rozhchenko/PycharmProjects/Book_shop/.venv/lib/python3.14/site-packages/django_redis/client/default.py", line 360, in get
    value = client.get(key)
  File "/Users/rozhchenko/PycharmProjects/Book_shop/.venv/lib/python3.14/site-packages/redis/commands/core.py", line 3200, in get
    return self.execute_command("GET", name, keys=[name])
           ~~~~~~~~~~~~~~~~~~~~^^^^^^^^^^^^^^^^^^^^^^^^^^
  File "/Users/rozhchenko/PycharmProjects/Book_shop/.venv/lib/python3.14/site-packages/redis/client.py", line 867, in execute_command
    return self._execute_command(*args, **options)
           ~~~~~~~~~~~~~~~~~~~~~^^^^^^^^^^^^^^^^^^
  File "/Users/rozhchenko/PycharmProjects/Book_shop/.venv/lib/python3.14/site-packages/redis/client.py", line 873, in _execute_command
    conn = self.connection or pool.get_connection()
                              ~~~~~~~~~~~~~~~~~~~^^
  File "/Users/rozhchenko/PycharmProjects/Book_shop/.venv/lib/python3.14/site-packages/redis/utils.py", line 258, in wrapper
    return func(*args, **kwargs)
  File "/Users/rozhchenko/PycharmProjects/Book_shop/.venv/lib/python3.14/site-packages/redis/connection.py", line 3273, in get_connection
    connection.connect()
    ~~~~~~~~~~~~~~~~~~^^
  File "/Users/rozhchenko/PycharmProjects/Book_shop/.venv/lib/python3.14/site-packages/redis/connection.py", line 1028, in connect
    self.retry.call_with_retry(
    ~~~~~~~~~~~~~~~~~~~~~~~~~~^
        lambda: self.connect_check_health(
        ^^^^^^^^^^^^^^^^^^^^^^^^^^^^^^^^^^
    ...<2 lines>...
        lambda error: self.disconnect(error),
        ^^^^^^^^^^^^^^^^^^^^^^^^^^^^^^^^^^^^^
    )
    ^
  File "/Users/rozhchenko/PycharmProjects/Book_shop/.venv/lib/python3.14/site-packages/redis/retry.py", line 132, in call_with_retry
    raise error
  File "/Users/rozhchenko/PycharmProjects/Book_shop/.venv/lib/python3.14/site-packages/redis/retry.py", line 120, in call_with_retry
    return do()
  File "/Users/rozhchenko/PycharmProjects/Book_shop/.venv/lib/python3.14/site-packages/redis/connection.py", line 1029, in <lambda>
    lambda: self.connect_check_health(
            ~~~~~~~~~~~~~~~~~~~~~~~~~^
        check_health=True, retry_socket_connect=False
        ^^^^^^^^^^^^^^^^^^^^^^^^^^^^^^^^^^^^^^^^^^^^^
    ),
    ^
  File "/Users/rozhchenko/PycharmProjects/Book_shop/.venv/lib/python3.14/site-packages/redis/connection.py", line 1077, in connect_check_health
    raise e
redis.exceptions.ConnectionError: Error 8 connecting to redis:6379. nodename nor servname provided, or not known.
ERROR | 2026-09-10 07:56:00,138 | log | Internal Server Error: /api/carts/
Traceback (most recent call last):
  File "/Users/rozhchenko/PycharmProjects/Book_shop/.venv/lib/python3.14/site-packages/django_redis/cache.py", line 48, in _decorator
    return method(self, *args, **kwargs)
  File "/Users/rozhchenko/PycharmProjects/Book_shop/.venv/lib/python3.14/site-packages/django_redis/cache.py", line 124, in _get
    return self.client.get(key, default=default, version=version, client=client)
           ~~~~~~~~~~~~~~~^^^^^^^^^^^^^^^^^^^^^^^^^^^^^^^^^^^^^^^^^^^^^^^^^^^^^^
  File "/Users/rozhchenko/PycharmProjects/Book_shop/.venv/lib/python3.14/site-packages/django_redis/client/default.py", line 362, in get
    raise ConnectionInterrupted(connection=client) from e
django_redis.exceptions.ConnectionInterrupted: Redis ConnectionError: Error 8 connecting to redis:6379. nodename nor servname provided, or not known.

During handling of the above exception, another exception occurred:

Traceback (most recent call last):
  File "/Users/rozhchenko/PycharmProjects/Book_shop/.venv/lib/python3.14/site-packages/django/core/handlers/exception.py", line 55, in inner
    response = get_response(request)
  File "/Users/rozhchenko/PycharmProjects/Book_shop/.venv/lib/python3.14/site-packages/django/core/handlers/base.py", line 198, in _get_response
    response = wrapped_callback(request, *callback_args, **callback_kwargs)
  File "/Users/rozhchenko/PycharmProjects/Book_shop/.venv/lib/python3.14/site-packages/django/views/decorators/csrf.py", line 65, in _view_wrapper
    return view_func(request, *args, **kwargs)
  File "/Users/rozhchenko/PycharmProjects/Book_shop/.venv/lib/python3.14/site-packages/rest_framework/viewsets.py", line 124, in view
    return self.dispatch(request, *args, **kwargs)
           ~~~~~~~~~~~~~^^^^^^^^^^^^^^^^^^^^^^^^^^
  File "/Users/rozhchenko/PycharmProjects/Book_shop/.venv/lib/python3.14/site-packages/rest_framework/views.py", line 526, in dispatch
    response = self.handle_exception(exc)
  File "/Users/rozhchenko/PycharmProjects/Book_shop/.venv/lib/python3.14/site-packages/rest_framework/views.py", line 474, in handle_exception
    self.raise_uncaught_exception(exc)
    ~~~~~~~~~~~~~~~~~~~~~~~~~~~~~^^^^^
  File "/Users/rozhchenko/PycharmProjects/Book_shop/.venv/lib/python3.14/site-packages/rest_framework/views.py", line 485, in raise_uncaught_exception
    raise exc
  File "/Users/rozhchenko/PycharmProjects/Book_shop/.venv/lib/python3.14/site-packages/rest_framework/views.py", line 514, in dispatch
    self.initial(request, *args, **kwargs)
    ~~~~~~~~~~~~^^^^^^^^^^^^^^^^^^^^^^^^^^
  File "/Users/rozhchenko/PycharmProjects/Book_shop/.venv/lib/python3.14/site-packages/rest_framework/views.py", line 421, in initial
    self.check_throttles(request)
    ~~~~~~~~~~~~~~~~~~~~^^^^^^^^^
  File "/Users/rozhchenko/PycharmProjects/Book_shop/.venv/lib/python3.14/site-packages/rest_framework/views.py", line 364, in check_throttles
    if not throttle.allow_request(request, self):
           ~~~~~~~~~~~~~~~~~~~~~~^^^^^^^^^^^^^^^
  File "/Users/rozhchenko/PycharmProjects/Book_shop/.venv/lib/python3.14/site-packages/rest_framework/throttling.py", line 123, in allow_request
    self.history = self.cache.get(self.key, [])
                   ~~~~~~~~~~~~~~^^^^^^^^^^^^^^
  File "/Users/rozhchenko/PycharmProjects/Book_shop/.venv/lib/python3.14/site-packages/django_redis/cache.py", line 117, in get
    value = self._get(key, default, version, client)
  File "/Users/rozhchenko/PycharmProjects/Book_shop/.venv/lib/python3.14/site-packages/django_redis/cache.py", line 55, in _decorator
    raise e.__cause__  # type: ignore[misc] # noqa: B904
    ^^^^^^^^^^^^^^^^^
  File "/Users/rozhchenko/PycharmProjects/Book_shop/.venv/lib/python3.14/site-packages/django_redis/client/default.py", line 360, in get
    value = client.get(key)
  File "/Users/rozhchenko/PycharmProjects/Book_shop/.venv/lib/python3.14/site-packages/redis/commands/core.py", line 3200, in get
    return self.execute_command("GET", name, keys=[name])
           ~~~~~~~~~~~~~~~~~~~~^^^^^^^^^^^^^^^^^^^^^^^^^^
  File "/Users/rozhchenko/PycharmProjects/Book_shop/.venv/lib/python3.14/site-packages/redis/client.py", line 867, in execute_command
    return self._execute_command(*args, **options)
           ~~~~~~~~~~~~~~~~~~~~~^^^^^^^^^^^^^^^^^^
  File "/Users/rozhchenko/PycharmProjects/Book_shop/.venv/lib/python3.14/site-packages/redis/client.py", line 873, in _execute_command
    conn = self.connection or pool.get_connection()
                              ~~~~~~~~~~~~~~~~~~~^^
  File "/Users/rozhchenko/PycharmProjects/Book_shop/.venv/lib/python3.14/site-packages/redis/utils.py", line 258, in wrapper
    return func(*args, **kwargs)
  File "/Users/rozhchenko/PycharmProjects/Book_shop/.venv/lib/python3.14/site-packages/redis/connection.py", line 3273, in get_connection
    connection.connect()
    ~~~~~~~~~~~~~~~~~~^^
  File "/Users/rozhchenko/PycharmProjects/Book_shop/.venv/lib/python3.14/site-packages/redis/connection.py", line 1028, in connect
    self.retry.call_with_retry(
    ~~~~~~~~~~~~~~~~~~~~~~~~~~^
        lambda: self.connect_check_health(
        ^^^^^^^^^^^^^^^^^^^^^^^^^^^^^^^^^^
    ...<2 lines>...
        lambda error: self.disconnect(error),
        ^^^^^^^^^^^^^^^^^^^^^^^^^^^^^^^^^^^^^
    )
    ^
  File "/Users/rozhchenko/PycharmProjects/Book_shop/.venv/lib/python3.14/site-packages/redis/retry.py", line 132, in call_with_retry
    raise error
  File "/Users/rozhchenko/PycharmProjects/Book_shop/.venv/lib/python3.14/site-packages/redis/retry.py", line 120, in call_with_retry
    return do()
  File "/Users/rozhchenko/PycharmProjects/Book_shop/.venv/lib/python3.14/site-packages/redis/connection.py", line 1029, in <lambda>
    lambda: self.connect_check_health(
            ~~~~~~~~~~~~~~~~~~~~~~~~~^
        check_health=True, retry_socket_connect=False
        ^^^^^^^^^^^^^^^^^^^^^^^^^^^^^^^^^^^^^^^^^^^^^
    ),
    ^
  File "/Users/rozhchenko/PycharmProjects/Book_shop/.venv/lib/python3.14/site-packages/redis/connection.py", line 1077, in connect_check_health
    raise e
redis.exceptions.ConnectionError: Error 8 connecting to redis:6379. nodename nor servname provided, or not known.
WARNING | 2026-09-10 07:56:00,753 | log | Unauthorized: /api/carts/
WARNING | 2026-09-10 07:56:00,789 | log | Unauthorized: /api/carts/
ERROR | 2026-09-10 07:56:00,831 | log | Internal Server Error: /api/books/
Traceback (most recent call last):
  File "/Users/rozhchenko/PycharmProjects/Book_shop/.venv/lib/python3.14/site-packages/django_redis/cache.py", line 48, in _decorator
    return method(self, *args, **kwargs)
  File "/Users/rozhchenko/PycharmProjects/Book_shop/.venv/lib/python3.14/site-packages/django_redis/cache.py", line 124, in _get
    return self.client.get(key, default=default, version=version, client=client)
           ~~~~~~~~~~~~~~~^^^^^^^^^^^^^^^^^^^^^^^^^^^^^^^^^^^^^^^^^^^^^^^^^^^^^^
  File "/Users/rozhchenko/PycharmProjects/Book_shop/.venv/lib/python3.14/site-packages/django_redis/client/default.py", line 362, in get
    raise ConnectionInterrupted(connection=client) from e
django_redis.exceptions.ConnectionInterrupted: Redis ConnectionError: Error 8 connecting to redis:6379. nodename nor servname provided, or not known.

During handling of the above exception, another exception occurred:

Traceback (most recent call last):
  File "/Users/rozhchenko/PycharmProjects/Book_shop/.venv/lib/python3.14/site-packages/django/core/handlers/exception.py", line 55, in inner
    response = get_response(request)
  File "/Users/rozhchenko/PycharmProjects/Book_shop/.venv/lib/python3.14/site-packages/django/core/handlers/base.py", line 198, in _get_response
    response = wrapped_callback(request, *callback_args, **callback_kwargs)
  File "/Users/rozhchenko/PycharmProjects/Book_shop/.venv/lib/python3.14/site-packages/django/views/decorators/csrf.py", line 65, in _view_wrapper
    return view_func(request, *args, **kwargs)
  File "/Users/rozhchenko/PycharmProjects/Book_shop/.venv/lib/python3.14/site-packages/rest_framework/viewsets.py", line 124, in view
    return self.dispatch(request, *args, **kwargs)
           ~~~~~~~~~~~~~^^^^^^^^^^^^^^^^^^^^^^^^^^
  File "/Users/rozhchenko/PycharmProjects/Book_shop/.venv/lib/python3.14/site-packages/rest_framework/views.py", line 526, in dispatch
    response = self.handle_exception(exc)
  File "/Users/rozhchenko/PycharmProjects/Book_shop/.venv/lib/python3.14/site-packages/rest_framework/views.py", line 474, in handle_exception
    self.raise_uncaught_exception(exc)
    ~~~~~~~~~~~~~~~~~~~~~~~~~~~~~^^^^^
  File "/Users/rozhchenko/PycharmProjects/Book_shop/.venv/lib/python3.14/site-packages/rest_framework/views.py", line 485, in raise_uncaught_exception
    raise exc
  File "/Users/rozhchenko/PycharmProjects/Book_shop/.venv/lib/python3.14/site-packages/rest_framework/views.py", line 514, in dispatch
    self.initial(request, *args, **kwargs)
    ~~~~~~~~~~~~^^^^^^^^^^^^^^^^^^^^^^^^^^
  File "/Users/rozhchenko/PycharmProjects/Book_shop/.venv/lib/python3.14/site-packages/rest_framework/views.py", line 421, in initial
    self.check_throttles(request)
    ~~~~~~~~~~~~~~~~~~~~^^^^^^^^^
  File "/Users/rozhchenko/PycharmProjects/Book_shop/.venv/lib/python3.14/site-packages/rest_framework/views.py", line 364, in check_throttles
    if not throttle.allow_request(request, self):
           ~~~~~~~~~~~~~~~~~~~~~~^^^^^^^^^^^^^^^
  File "/Users/rozhchenko/PycharmProjects/Book_shop/.venv/lib/python3.14/site-packages/rest_framework/throttling.py", line 123, in allow_request
    self.history = self.cache.get(self.key, [])
                   ~~~~~~~~~~~~~~^^^^^^^^^^^^^^
  File "/Users/rozhchenko/PycharmProjects/Book_shop/.venv/lib/python3.14/site-packages/django_redis/cache.py", line 117, in get
    value = self._get(key, default, version, client)
  File "/Users/rozhchenko/PycharmProjects/Book_shop/.venv/lib/python3.14/site-packages/django_redis/cache.py", line 55, in _decorator
    raise e.__cause__  # type: ignore[misc] # noqa: B904
    ^^^^^^^^^^^^^^^^^
  File "/Users/rozhchenko/PycharmProjects/Book_shop/.venv/lib/python3.14/site-packages/django_redis/client/default.py", line 360, in get
    value = client.get(key)
  File "/Users/rozhchenko/PycharmProjects/Book_shop/.venv/lib/python3.14/site-packages/redis/commands/core.py", line 3200, in get
    return self.execute_command("GET", name, keys=[name])
           ~~~~~~~~~~~~~~~~~~~~^^^^^^^^^^^^^^^^^^^^^^^^^^
  File "/Users/rozhchenko/PycharmProjects/Book_shop/.venv/lib/python3.14/site-packages/redis/client.py", line 867, in execute_command
    return self._execute_command(*args, **options)
           ~~~~~~~~~~~~~~~~~~~~~^^^^^^^^^^^^^^^^^^
  File "/Users/rozhchenko/PycharmProjects/Book_shop/.venv/lib/python3.14/site-packages/redis/client.py", line 873, in _execute_command
    conn = self.connection or pool.get_connection()
                              ~~~~~~~~~~~~~~~~~~~^^
  File "/Users/rozhchenko/PycharmProjects/Book_shop/.venv/lib/python3.14/site-packages/redis/utils.py", line 258, in wrapper
    return func(*args, **kwargs)
  File "/Users/rozhchenko/PycharmProjects/Book_shop/.venv/lib/python3.14/site-packages/redis/connection.py", line 3273, in get_connection
    connection.connect()
    ~~~~~~~~~~~~~~~~~~^^
  File "/Users/rozhchenko/PycharmProjects/Book_shop/.venv/lib/python3.14/site-packages/redis/connection.py", line 1028, in connect
    self.retry.call_with_retry(
    ~~~~~~~~~~~~~~~~~~~~~~~~~~^
        lambda: self.connect_check_health(
        ^^^^^^^^^^^^^^^^^^^^^^^^^^^^^^^^^^
    ...<2 lines>...
        lambda error: self.disconnect(error),
        ^^^^^^^^^^^^^^^^^^^^^^^^^^^^^^^^^^^^^
    )
    ^
  File "/Users/rozhchenko/PycharmProjects/Book_shop/.venv/lib/python3.14/site-packages/redis/retry.py", line 132, in call_with_retry
    raise error
  File "/Users/rozhchenko/PycharmProjects/Book_shop/.venv/lib/python3.14/site-packages/redis/retry.py", line 120, in call_with_retry
    return do()
  File "/Users/rozhchenko/PycharmProjects/Book_shop/.venv/lib/python3.14/site-packages/redis/connection.py", line 1029, in <lambda>
    lambda: self.connect_check_health(
            ~~~~~~~~~~~~~~~~~~~~~~~~~^
        check_health=True, retry_socket_connect=False
        ^^^^^^^^^^^^^^^^^^^^^^^^^^^^^^^^^^^^^^^^^^^^^
    ),
    ^
  File "/Users/rozhchenko/PycharmProjects/Book_shop/.venv/lib/python3.14/site-packages/redis/connection.py", line 1077, in connect_check_health
    raise e
redis.exceptions.ConnectionError: Error 8 connecting to redis:6379. nodename nor servname provided, or not known.
ERROR | 2026-09-10 07:56:01,463 | log | Internal Server Error: /api/books/
Traceback (most recent call last):
  File "/Users/rozhchenko/PycharmProjects/Book_shop/.venv/lib/python3.14/site-packages/django_redis/cache.py", line 48, in _decorator
    return method(self, *args, **kwargs)
  File "/Users/rozhchenko/PycharmProjects/Book_shop/.venv/lib/python3.14/site-packages/django_redis/cache.py", line 124, in _get
    return self.client.get(key, default=default, version=version, client=client)
           ~~~~~~~~~~~~~~~^^^^^^^^^^^^^^^^^^^^^^^^^^^^^^^^^^^^^^^^^^^^^^^^^^^^^^
  File "/Users/rozhchenko/PycharmProjects/Book_shop/.venv/lib/python3.14/site-packages/django_redis/client/default.py", line 362, in get
    raise ConnectionInterrupted(connection=client) from e
django_redis.exceptions.ConnectionInterrupted: Redis ConnectionError: Error 8 connecting to redis:6379. nodename nor servname provided, or not known.

During handling of the above exception, another exception occurred:

Traceback (most recent call last):
  File "/Users/rozhchenko/PycharmProjects/Book_shop/.venv/lib/python3.14/site-packages/django/core/handlers/exception.py", line 55, in inner
    response = get_response(request)
  File "/Users/rozhchenko/PycharmProjects/Book_shop/.venv/lib/python3.14/site-packages/django/core/handlers/base.py", line 198, in _get_response
    response = wrapped_callback(request, *callback_args, **callback_kwargs)
  File "/Users/rozhchenko/PycharmProjects/Book_shop/.venv/lib/python3.14/site-packages/django/views/decorators/csrf.py", line 65, in _view_wrapper
    return view_func(request, *args, **kwargs)
  File "/Users/rozhchenko/PycharmProjects/Book_shop/.venv/lib/python3.14/site-packages/rest_framework/viewsets.py", line 124, in view
    return self.dispatch(request, *args, **kwargs)
           ~~~~~~~~~~~~~^^^^^^^^^^^^^^^^^^^^^^^^^^
  File "/Users/rozhchenko/PycharmProjects/Book_shop/.venv/lib/python3.14/site-packages/rest_framework/views.py", line 526, in dispatch
    response = self.handle_exception(exc)
  File "/Users/rozhchenko/PycharmProjects/Book_shop/.venv/lib/python3.14/site-packages/rest_framework/views.py", line 474, in handle_exception
    self.raise_uncaught_exception(exc)
    ~~~~~~~~~~~~~~~~~~~~~~~~~~~~~^^^^^
  File "/Users/rozhchenko/PycharmProjects/Book_shop/.venv/lib/python3.14/site-packages/rest_framework/views.py", line 485, in raise_uncaught_exception
    raise exc
  File "/Users/rozhchenko/PycharmProjects/Book_shop/.venv/lib/python3.14/site-packages/rest_framework/views.py", line 514, in dispatch
    self.initial(request, *args, **kwargs)
    ~~~~~~~~~~~~^^^^^^^^^^^^^^^^^^^^^^^^^^
  File "/Users/rozhchenko/PycharmProjects/Book_shop/.venv/lib/python3.14/site-packages/rest_framework/views.py", line 421, in initial
    self.check_throttles(request)
    ~~~~~~~~~~~~~~~~~~~~^^^^^^^^^
  File "/Users/rozhchenko/PycharmProjects/Book_shop/.venv/lib/python3.14/site-packages/rest_framework/views.py", line 364, in check_throttles
    if not throttle.allow_request(request, self):
           ~~~~~~~~~~~~~~~~~~~~~~^^^^^^^^^^^^^^^
  File "/Users/rozhchenko/PycharmProjects/Book_shop/.venv/lib/python3.14/site-packages/rest_framework/throttling.py", line 123, in allow_request
    self.history = self.cache.get(self.key, [])
                   ~~~~~~~~~~~~~~^^^^^^^^^^^^^^
  File "/Users/rozhchenko/PycharmProjects/Book_shop/.venv/lib/python3.14/site-packages/django_redis/cache.py", line 117, in get
    value = self._get(key, default, version, client)
  File "/Users/rozhchenko/PycharmProjects/Book_shop/.venv/lib/python3.14/site-packages/django_redis/cache.py", line 55, in _decorator
    raise e.__cause__  # type: ignore[misc] # noqa: B904
    ^^^^^^^^^^^^^^^^^
  File "/Users/rozhchenko/PycharmProjects/Book_shop/.venv/lib/python3.14/site-packages/django_redis/client/default.py", line 360, in get
    value = client.get(key)
  File "/Users/rozhchenko/PycharmProjects/Book_shop/.venv/lib/python3.14/site-packages/redis/commands/core.py", line 3200, in get
    return self.execute_command("GET", name, keys=[name])
           ~~~~~~~~~~~~~~~~~~~~^^^^^^^^^^^^^^^^^^^^^^^^^^
  File "/Users/rozhchenko/PycharmProjects/Book_shop/.venv/lib/python3.14/site-packages/redis/client.py", line 867, in execute_command
    return self._execute_command(*args, **options)
           ~~~~~~~~~~~~~~~~~~~~~^^^^^^^^^^^^^^^^^^
  File "/Users/rozhchenko/PycharmProjects/Book_shop/.venv/lib/python3.14/site-packages/redis/client.py", line 873, in _execute_command
    conn = self.connection or pool.get_connection()
                              ~~~~~~~~~~~~~~~~~~~^^
  File "/Users/rozhchenko/PycharmProjects/Book_shop/.venv/lib/python3.14/site-packages/redis/utils.py", line 258, in wrapper
    return func(*args, **kwargs)
  File "/Users/rozhchenko/PycharmProjects/Book_shop/.venv/lib/python3.14/site-packages/redis/connection.py", line 3273, in get_connection
    connection.connect()
    ~~~~~~~~~~~~~~~~~~^^
  File "/Users/rozhchenko/PycharmProjects/Book_shop/.venv/lib/python3.14/site-packages/redis/connection.py", line 1028, in connect
    self.retry.call_with_retry(
    ~~~~~~~~~~~~~~~~~~~~~~~~~~^
        lambda: self.connect_check_health(
        ^^^^^^^^^^^^^^^^^^^^^^^^^^^^^^^^^^
    ...<2 lines>...
        lambda error: self.disconnect(error),
        ^^^^^^^^^^^^^^^^^^^^^^^^^^^^^^^^^^^^^
    )
    ^
  File "/Users/rozhchenko/PycharmProjects/Book_shop/.venv/lib/python3.14/site-packages/redis/retry.py", line 132, in call_with_retry
    raise error
  File "/Users/rozhchenko/PycharmProjects/Book_shop/.venv/lib/python3.14/site-packages/redis/retry.py", line 120, in call_with_retry
    return do()
  File "/Users/rozhchenko/PycharmProjects/Book_shop/.venv/lib/python3.14/site-packages/redis/connection.py", line 1029, in <lambda>
    lambda: self.connect_check_health(
            ~~~~~~~~~~~~~~~~~~~~~~~~~^
        check_health=True, retry_socket_connect=False
        ^^^^^^^^^^^^^^^^^^^^^^^^^^^^^^^^^^^^^^^^^^^^^
    ),
    ^
  File "/Users/rozhchenko/PycharmProjects/Book_shop/.venv/lib/python3.14/site-packages/redis/connection.py", line 1077, in connect_check_health
    raise e
redis.exceptions.ConnectionError: Error 8 connecting to redis:6379. nodename nor servname provided, or not known.
ERROR | 2026-09-10 07:56:02,061 | log | Internal Server Error: /api/books/
Traceback (most recent call last):
  File "/Users/rozhchenko/PycharmProjects/Book_shop/.venv/lib/python3.14/site-packages/django_redis/cache.py", line 48, in _decorator
    return method(self, *args, **kwargs)
  File "/Users/rozhchenko/PycharmProjects/Book_shop/.venv/lib/python3.14/site-packages/django_redis/cache.py", line 124, in _get
    return self.client.get(key, default=default, version=version, client=client)
           ~~~~~~~~~~~~~~~^^^^^^^^^^^^^^^^^^^^^^^^^^^^^^^^^^^^^^^^^^^^^^^^^^^^^^
  File "/Users/rozhchenko/PycharmProjects/Book_shop/.venv/lib/python3.14/site-packages/django_redis/client/default.py", line 362, in get
    raise ConnectionInterrupted(connection=client) from e
django_redis.exceptions.ConnectionInterrupted: Redis ConnectionError: Error 8 connecting to redis:6379. nodename nor servname provided, or not known.

During handling of the above exception, another exception occurred:

Traceback (most recent call last):
  File "/Users/rozhchenko/PycharmProjects/Book_shop/.venv/lib/python3.14/site-packages/django/core/handlers/exception.py", line 55, in inner
    response = get_response(request)
  File "/Users/rozhchenko/PycharmProjects/Book_shop/.venv/lib/python3.14/site-packages/django/core/handlers/base.py", line 198, in _get_response
    response = wrapped_callback(request, *callback_args, **callback_kwargs)
  File "/Users/rozhchenko/PycharmProjects/Book_shop/.venv/lib/python3.14/site-packages/django/views/decorators/csrf.py", line 65, in _view_wrapper
    return view_func(request, *args, **kwargs)
  File "/Users/rozhchenko/PycharmProjects/Book_shop/.venv/lib/python3.14/site-packages/rest_framework/viewsets.py", line 124, in view
    return self.dispatch(request, *args, **kwargs)
           ~~~~~~~~~~~~~^^^^^^^^^^^^^^^^^^^^^^^^^^
  File "/Users/rozhchenko/PycharmProjects/Book_shop/.venv/lib/python3.14/site-packages/rest_framework/views.py", line 526, in dispatch
    response = self.handle_exception(exc)
  File "/Users/rozhchenko/PycharmProjects/Book_shop/.venv/lib/python3.14/site-packages/rest_framework/views.py", line 474, in handle_exception
    self.raise_uncaught_exception(exc)
    ~~~~~~~~~~~~~~~~~~~~~~~~~~~~~^^^^^
  File "/Users/rozhchenko/PycharmProjects/Book_shop/.venv/lib/python3.14/site-packages/rest_framework/views.py", line 485, in raise_uncaught_exception
    raise exc
  File "/Users/rozhchenko/PycharmProjects/Book_shop/.venv/lib/python3.14/site-packages/rest_framework/views.py", line 514, in dispatch
    self.initial(request, *args, **kwargs)
    ~~~~~~~~~~~~^^^^^^^^^^^^^^^^^^^^^^^^^^
  File "/Users/rozhchenko/PycharmProjects/Book_shop/.venv/lib/python3.14/site-packages/rest_framework/views.py", line 421, in initial
    self.check_throttles(request)
    ~~~~~~~~~~~~~~~~~~~~^^^^^^^^^
  File "/Users/rozhchenko/PycharmProjects/Book_shop/.venv/lib/python3.14/site-packages/rest_framework/views.py", line 364, in check_throttles
    if not throttle.allow_request(request, self):
           ~~~~~~~~~~~~~~~~~~~~~~^^^^^^^^^^^^^^^
  File "/Users/rozhchenko/PycharmProjects/Book_shop/.venv/lib/python3.14/site-packages/rest_framework/throttling.py", line 123, in allow_request
    self.history = self.cache.get(self.key, [])
                   ~~~~~~~~~~~~~~^^^^^^^^^^^^^^
  File "/Users/rozhchenko/PycharmProjects/Book_shop/.venv/lib/python3.14/site-packages/django_redis/cache.py", line 117, in get
    value = self._get(key, default, version, client)
  File "/Users/rozhchenko/PycharmProjects/Book_shop/.venv/lib/python3.14/site-packages/django_redis/cache.py", line 55, in _decorator
    raise e.__cause__  # type: ignore[misc] # noqa: B904
    ^^^^^^^^^^^^^^^^^
  File "/Users/rozhchenko/PycharmProjects/Book_shop/.venv/lib/python3.14/site-packages/django_redis/client/default.py", line 360, in get
    value = client.get(key)
  File "/Users/rozhchenko/PycharmProjects/Book_shop/.venv/lib/python3.14/site-packages/redis/commands/core.py", line 3200, in get
    return self.execute_command("GET", name, keys=[name])
           ~~~~~~~~~~~~~~~~~~~~^^^^^^^^^^^^^^^^^^^^^^^^^^
  File "/Users/rozhchenko/PycharmProjects/Book_shop/.venv/lib/python3.14/site-packages/redis/client.py", line 867, in execute_command
    return self._execute_command(*args, **options)
           ~~~~~~~~~~~~~~~~~~~~~^^^^^^^^^^^^^^^^^^
  File "/Users/rozhchenko/PycharmProjects/Book_shop/.venv/lib/python3.14/site-packages/redis/client.py", line 873, in _execute_command
    conn = self.connection or pool.get_connection()
                              ~~~~~~~~~~~~~~~~~~~^^
  File "/Users/rozhchenko/PycharmProjects/Book_shop/.venv/lib/python3.14/site-packages/redis/utils.py", line 258, in wrapper
    return func(*args, **kwargs)
  File "/Users/rozhchenko/PycharmProjects/Book_shop/.venv/lib/python3.14/site-packages/redis/connection.py", line 3273, in get_connection
    connection.connect()
    ~~~~~~~~~~~~~~~~~~^^
  File "/Users/rozhchenko/PycharmProjects/Book_shop/.venv/lib/python3.14/site-packages/redis/connection.py", line 1028, in connect
    self.retry.call_with_retry(
    ~~~~~~~~~~~~~~~~~~~~~~~~~~^
        lambda: self.connect_check_health(
        ^^^^^^^^^^^^^^^^^^^^^^^^^^^^^^^^^^
    ...<2 lines>...
        lambda error: self.disconnect(error),
        ^^^^^^^^^^^^^^^^^^^^^^^^^^^^^^^^^^^^^
    )
    ^
  File "/Users/rozhchenko/PycharmProjects/Book_shop/.venv/lib/python3.14/site-packages/redis/retry.py", line 132, in call_with_retry
    raise error
  File "/Users/rozhchenko/PycharmProjects/Book_shop/.venv/lib/python3.14/site-packages/redis/retry.py", line 120, in call_with_retry
    return do()
  File "/Users/rozhchenko/PycharmProjects/Book_shop/.venv/lib/python3.14/site-packages/redis/connection.py", line 1029, in <lambda>
    lambda: self.connect_check_health(
            ~~~~~~~~~~~~~~~~~~~~~~~~~^
        check_health=True, retry_socket_connect=False
        ^^^^^^^^^^^^^^^^^^^^^^^^^^^^^^^^^^^^^^^^^^^^^
    ),
    ^
  File "/Users/rozhchenko/PycharmProjects/Book_shop/.venv/lib/python3.14/site-packages/redis/connection.py", line 1077, in connect_check_health
    raise e
redis.exceptions.ConnectionError: Error 8 connecting to redis:6379. nodename nor servname provided, or not known.
ERROR | 2026-09-10 07:56:02,672 | log | Internal Server Error: /api/books/
Traceback (most recent call last):
  File "/Users/rozhchenko/PycharmProjects/Book_shop/.venv/lib/python3.14/site-packages/django_redis/cache.py", line 48, in _decorator
    return method(self, *args, **kwargs)
  File "/Users/rozhchenko/PycharmProjects/Book_shop/.venv/lib/python3.14/site-packages/django_redis/cache.py", line 124, in _get
    return self.client.get(key, default=default, version=version, client=client)
           ~~~~~~~~~~~~~~~^^^^^^^^^^^^^^^^^^^^^^^^^^^^^^^^^^^^^^^^^^^^^^^^^^^^^^
  File "/Users/rozhchenko/PycharmProjects/Book_shop/.venv/lib/python3.14/site-packages/django_redis/client/default.py", line 362, in get
    raise ConnectionInterrupted(connection=client) from e
django_redis.exceptions.ConnectionInterrupted: Redis ConnectionError: Error 8 connecting to redis:6379. nodename nor servname provided, or not known.

During handling of the above exception, another exception occurred:

Traceback (most recent call last):
  File "/Users/rozhchenko/PycharmProjects/Book_shop/.venv/lib/python3.14/site-packages/django/core/handlers/exception.py", line 55, in inner
    response = get_response(request)
  File "/Users/rozhchenko/PycharmProjects/Book_shop/.venv/lib/python3.14/site-packages/django/core/handlers/base.py", line 198, in _get_response
    response = wrapped_callback(request, *callback_args, **callback_kwargs)
  File "/Users/rozhchenko/PycharmProjects/Book_shop/.venv/lib/python3.14/site-packages/django/views/decorators/csrf.py", line 65, in _view_wrapper
    return view_func(request, *args, **kwargs)
  File "/Users/rozhchenko/PycharmProjects/Book_shop/.venv/lib/python3.14/site-packages/rest_framework/viewsets.py", line 124, in view
    return self.dispatch(request, *args, **kwargs)
           ~~~~~~~~~~~~~^^^^^^^^^^^^^^^^^^^^^^^^^^
  File "/Users/rozhchenko/PycharmProjects/Book_shop/.venv/lib/python3.14/site-packages/rest_framework/views.py", line 526, in dispatch
    response = self.handle_exception(exc)
  File "/Users/rozhchenko/PycharmProjects/Book_shop/.venv/lib/python3.14/site-packages/rest_framework/views.py", line 474, in handle_exception
    self.raise_uncaught_exception(exc)
    ~~~~~~~~~~~~~~~~~~~~~~~~~~~~~^^^^^
  File "/Users/rozhchenko/PycharmProjects/Book_shop/.venv/lib/python3.14/site-packages/rest_framework/views.py", line 485, in raise_uncaught_exception
    raise exc
  File "/Users/rozhchenko/PycharmProjects/Book_shop/.venv/lib/python3.14/site-packages/rest_framework/views.py", line 514, in dispatch
    self.initial(request, *args, **kwargs)
    ~~~~~~~~~~~~^^^^^^^^^^^^^^^^^^^^^^^^^^
  File "/Users/rozhchenko/PycharmProjects/Book_shop/.venv/lib/python3.14/site-packages/rest_framework/views.py", line 421, in initial
    self.check_throttles(request)
    ~~~~~~~~~~~~~~~~~~~~^^^^^^^^^
  File "/Users/rozhchenko/PycharmProjects/Book_shop/.venv/lib/python3.14/site-packages/rest_framework/views.py", line 364, in check_throttles
    if not throttle.allow_request(request, self):
           ~~~~~~~~~~~~~~~~~~~~~~^^^^^^^^^^^^^^^
  File "/Users/rozhchenko/PycharmProjects/Book_shop/.venv/lib/python3.14/site-packages/rest_framework/throttling.py", line 123, in allow_request
    self.history = self.cache.get(self.key, [])
                   ~~~~~~~~~~~~~~^^^^^^^^^^^^^^
  File "/Users/rozhchenko/PycharmProjects/Book_shop/.venv/lib/python3.14/site-packages/django_redis/cache.py", line 117, in get
    value = self._get(key, default, version, client)
  File "/Users/rozhchenko/PycharmProjects/Book_shop/.venv/lib/python3.14/site-packages/django_redis/cache.py", line 55, in _decorator
    raise e.__cause__  # type: ignore[misc] # noqa: B904
    ^^^^^^^^^^^^^^^^^
  File "/Users/rozhchenko/PycharmProjects/Book_shop/.venv/lib/python3.14/site-packages/django_redis/client/default.py", line 360, in get
    value = client.get(key)
  File "/Users/rozhchenko/PycharmProjects/Book_shop/.venv/lib/python3.14/site-packages/redis/commands/core.py", line 3200, in get
    return self.execute_command("GET", name, keys=[name])
           ~~~~~~~~~~~~~~~~~~~~^^^^^^^^^^^^^^^^^^^^^^^^^^
  File "/Users/rozhchenko/PycharmProjects/Book_shop/.venv/lib/python3.14/site-packages/redis/client.py", line 867, in execute_command
    return self._execute_command(*args, **options)
           ~~~~~~~~~~~~~~~~~~~~~^^^^^^^^^^^^^^^^^^
  File "/Users/rozhchenko/PycharmProjects/Book_shop/.venv/lib/python3.14/site-packages/redis/client.py", line 873, in _execute_command
    conn = self.connection or pool.get_connection()
                              ~~~~~~~~~~~~~~~~~~~^^
  File "/Users/rozhchenko/PycharmProjects/Book_shop/.venv/lib/python3.14/site-packages/redis/utils.py", line 258, in wrapper
    return func(*args, **kwargs)
  File "/Users/rozhchenko/PycharmProjects/Book_shop/.venv/lib/python3.14/site-packages/redis/connection.py", line 3273, in get_connection
    connection.connect()
    ~~~~~~~~~~~~~~~~~~^^
  File "/Users/rozhchenko/PycharmProjects/Book_shop/.venv/lib/python3.14/site-packages/redis/connection.py", line 1028, in connect
    self.retry.call_with_retry(
    ~~~~~~~~~~~~~~~~~~~~~~~~~~^
        lambda: self.connect_check_health(
        ^^^^^^^^^^^^^^^^^^^^^^^^^^^^^^^^^^
    ...<2 lines>...
        lambda error: self.disconnect(error),
        ^^^^^^^^^^^^^^^^^^^^^^^^^^^^^^^^^^^^^
    )
    ^
  File "/Users/rozhchenko/PycharmProjects/Book_shop/.venv/lib/python3.14/site-packages/redis/retry.py", line 132, in call_with_retry
    raise error
  File "/Users/rozhchenko/PycharmProjects/Book_shop/.venv/lib/python3.14/site-packages/redis/retry.py", line 120, in call_with_retry
    return do()
  File "/Users/rozhchenko/PycharmProjects/Book_shop/.venv/lib/python3.14/site-packages/redis/connection.py", line 1029, in <lambda>
    lambda: self.connect_check_health(
            ~~~~~~~~~~~~~~~~~~~~~~~~~^
        check_health=True, retry_socket_connect=False
        ^^^^^^^^^^^^^^^^^^^^^^^^^^^^^^^^^^^^^^^^^^^^^
    ),
    ^
  File "/Users/rozhchenko/PycharmProjects/Book_shop/.venv/lib/python3.14/site-packages/redis/connection.py", line 1077, in connect_check_health
    raise e
redis.exceptions.ConnectionError: Error 8 connecting to redis:6379. nodename nor servname provided, or not known.
ERROR | 2026-09-10 07:56:26,925 | log | Internal Server Error: /
Traceback (most recent call last):
  File "/Users/rozhchenko/PycharmProjects/Book_shop/.venv/lib/python3.14/site-packages/django_redis/cache.py", line 48, in _decorator
    return method(self, *args, **kwargs)
  File "/Users/rozhchenko/PycharmProjects/Book_shop/.venv/lib/python3.14/site-packages/django_redis/cache.py", line 124, in _get
    return self.client.get(key, default=default, version=version, client=client)
           ~~~~~~~~~~~~~~~^^^^^^^^^^^^^^^^^^^^^^^^^^^^^^^^^^^^^^^^^^^^^^^^^^^^^^
  File "/Users/rozhchenko/PycharmProjects/Book_shop/.venv/lib/python3.14/site-packages/django_redis/client/default.py", line 362, in get
    raise ConnectionInterrupted(connection=client) from e
django_redis.exceptions.ConnectionInterrupted: Redis ConnectionError: Error 8 connecting to redis:6379. nodename nor servname provided, or not known.

During handling of the above exception, another exception occurred:

Traceback (most recent call last):
  File "/Users/rozhchenko/PycharmProjects/Book_shop/.venv/lib/python3.14/site-packages/django/core/handlers/exception.py", line 55, in inner
    response = get_response(request)
  File "/Users/rozhchenko/PycharmProjects/Book_shop/.venv/lib/python3.14/site-packages/django/core/handlers/base.py", line 198, in _get_response
    response = wrapped_callback(request, *callback_args, **callback_kwargs)
  File "/Users/rozhchenko/PycharmProjects/Book_shop/.venv/lib/python3.14/site-packages/asgiref/sync.py", line 325, in __call__
    return call_result.result()
           ~~~~~~~~~~~~~~~~~~^^
  File "/Library/Frameworks/Python.framework/Versions/3.14/lib/python3.14/concurrent/futures/_base.py", line 443, in result
    return self.__get_result()
           ~~~~~~~~~~~~~~~~~^^
  File "/Library/Frameworks/Python.framework/Versions/3.14/lib/python3.14/concurrent/futures/_base.py", line 395, in __get_result
    raise self._exception
  File "/Users/rozhchenko/PycharmProjects/Book_shop/.venv/lib/python3.14/site-packages/asgiref/sync.py", line 365, in main_wrap
    result = await awaitable
             ^^^^^^^^^^^^^^^
  File "/Users/rozhchenko/PycharmProjects/Book_shop/shop/views.py", line 61, in async_book_list
    return render(request, 'shop/book_list.html', context)
  File "/Users/rozhchenko/PycharmProjects/Book_shop/.venv/lib/python3.14/site-packages/django/shortcuts.py", line 25, in render
    content = loader.render_to_string(template_name, context, request, using=using)
  File "/Users/rozhchenko/PycharmProjects/Book_shop/.venv/lib/python3.14/site-packages/django/template/loader.py", line 62, in render_to_string
    return template.render(context, request)
           ~~~~~~~~~~~~~~~^^^^^^^^^^^^^^^^^^
  File "/Users/rozhchenko/PycharmProjects/Book_shop/.venv/lib/python3.14/site-packages/django/template/backends/django.py", line 107, in render
    return self.template.render(context)
           ~~~~~~~~~~~~~~~~~~~~^^^^^^^^^
  File "/Users/rozhchenko/PycharmProjects/Book_shop/.venv/lib/python3.14/site-packages/django/template/base.py", line 174, in render
    return self._render(context)
           ~~~~~~~~~~~~^^^^^^^^^
  File "/Users/rozhchenko/PycharmProjects/Book_shop/.venv/lib/python3.14/site-packages/django/test/utils.py", line 114, in instrumented_test_render
    return self.nodelist.render(context)
           ~~~~~~~~~~~~~~~~~~~~^^^^^^^^^
  File "/Users/rozhchenko/PycharmProjects/Book_shop/.venv/lib/python3.14/site-packages/django/template/base.py", line 1091, in render
    return SafeString("".join([node.render_annotated(context) for node in self]))
                               ~~~~~~~~~~~~~~~~~~~~~^^^^^^^^^
  File "/Users/rozhchenko/PycharmProjects/Book_shop/.venv/lib/python3.14/site-packages/django/template/base.py", line 1052, in render_annotated
    return self.render(context)
           ~~~~~~~~~~~^^^^^^^^^
  File "/Users/rozhchenko/PycharmProjects/Book_shop/.venv/lib/python3.14/site-packages/django/template/loader_tags.py", line 160, in render
    return compiled_parent._render(context)
           ~~~~~~~~~~~~~~~~~~~~~~~^^^^^^^^^
  File "/Users/rozhchenko/PycharmProjects/Book_shop/.venv/lib/python3.14/site-packages/django/test/utils.py", line 114, in instrumented_test_render
    return self.nodelist.render(context)
           ~~~~~~~~~~~~~~~~~~~~^^^^^^^^^
  File "/Users/rozhchenko/PycharmProjects/Book_shop/.venv/lib/python3.14/site-packages/django/template/base.py", line 1091, in render
    return SafeString("".join([node.render_annotated(context) for node in self]))
                               ~~~~~~~~~~~~~~~~~~~~~^^^^^^^^^
  File "/Users/rozhchenko/PycharmProjects/Book_shop/.venv/lib/python3.14/site-packages/django/template/base.py", line 1052, in render_annotated
    return self.render(context)
           ~~~~~~~~~~~^^^^^^^^^
  File "/Users/rozhchenko/PycharmProjects/Book_shop/.venv/lib/python3.14/site-packages/django/template/loader_tags.py", line 66, in render
    result = block.nodelist.render(context)
  File "/Users/rozhchenko/PycharmProjects/Book_shop/.venv/lib/python3.14/site-packages/django/template/base.py", line 1091, in render
    return SafeString("".join([node.render_annotated(context) for node in self]))
                               ~~~~~~~~~~~~~~~~~~~~~^^^^^^^^^
  File "/Users/rozhchenko/PycharmProjects/Book_shop/.venv/lib/python3.14/site-packages/django/template/base.py", line 1052, in render_annotated
    return self.render(context)
           ~~~~~~~~~~~^^^^^^^^^
  File "/Users/rozhchenko/PycharmProjects/Book_shop/.venv/lib/python3.14/site-packages/django/templatetags/cache.py", line 51, in render
    value = fragment_cache.get(cache_key)
  File "/Users/rozhchenko/PycharmProjects/Book_shop/.venv/lib/python3.14/site-packages/django_redis/cache.py", line 117, in get
    value = self._get(key, default, version, client)
  File "/Users/rozhchenko/PycharmProjects/Book_shop/.venv/lib/python3.14/site-packages/django_redis/cache.py", line 55, in _decorator
    raise e.__cause__  # type: ignore[misc] # noqa: B904
    ^^^^^^^^^^^^^^^^^
  File "/Users/rozhchenko/PycharmProjects/Book_shop/.venv/lib/python3.14/site-packages/django_redis/client/default.py", line 360, in get
    value = client.get(key)
  File "/Users/rozhchenko/PycharmProjects/Book_shop/.venv/lib/python3.14/site-packages/redis/commands/core.py", line 3200, in get
    return self.execute_command("GET", name, keys=[name])
           ~~~~~~~~~~~~~~~~~~~~^^^^^^^^^^^^^^^^^^^^^^^^^^
  File "/Users/rozhchenko/PycharmProjects/Book_shop/.venv/lib/python3.14/site-packages/redis/client.py", line 867, in execute_command
    return self._execute_command(*args, **options)
           ~~~~~~~~~~~~~~~~~~~~~^^^^^^^^^^^^^^^^^^
  File "/Users/rozhchenko/PycharmProjects/Book_shop/.venv/lib/python3.14/site-packages/redis/client.py", line 873, in _execute_command
    conn = self.connection or pool.get_connection()
                              ~~~~~~~~~~~~~~~~~~~^^
  File "/Users/rozhchenko/PycharmProjects/Book_shop/.venv/lib/python3.14/site-packages/redis/utils.py", line 258, in wrapper
    return func(*args, **kwargs)
  File "/Users/rozhchenko/PycharmProjects/Book_shop/.venv/lib/python3.14/site-packages/redis/connection.py", line 3273, in get_connection
    connection.connect()
    ~~~~~~~~~~~~~~~~~~^^
  File "/Users/rozhchenko/PycharmProjects/Book_shop/.venv/lib/python3.14/site-packages/redis/connection.py", line 1028, in connect
    self.retry.call_with_retry(
    ~~~~~~~~~~~~~~~~~~~~~~~~~~^
        lambda: self.connect_check_health(
        ^^^^^^^^^^^^^^^^^^^^^^^^^^^^^^^^^^
    ...<2 lines>...
        lambda error: self.disconnect(error),
        ^^^^^^^^^^^^^^^^^^^^^^^^^^^^^^^^^^^^^
    )
    ^
  File "/Users/rozhchenko/PycharmProjects/Book_shop/.venv/lib/python3.14/site-packages/redis/retry.py", line 132, in call_with_retry
    raise error
  File "/Users/rozhchenko/PycharmProjects/Book_shop/.venv/lib/python3.14/site-packages/redis/retry.py", line 120, in call_with_retry
    return do()
  File "/Users/rozhchenko/PycharmProjects/Book_shop/.venv/lib/python3.14/site-packages/redis/connection.py", line 1029, in <lambda>
    lambda: self.connect_check_health(
            ~~~~~~~~~~~~~~~~~~~~~~~~~^
        check_health=True, retry_socket_connect=False
        ^^^^^^^^^^^^^^^^^^^^^^^^^^^^^^^^^^^^^^^^^^^^^
    ),
    ^
  File "/Users/rozhchenko/PycharmProjects/Book_shop/.venv/lib/python3.14/site-packages/redis/connection.py", line 1077, in connect_check_health
    raise e
redis.exceptions.ConnectionError: Error 8 connecting to redis:6379. nodename nor servname provided, or not known.
WARNING | 2026-09-10 07:56:28,293 | log | Not Found: /books/999
WARNING | 2026-09-10 07:56:32,596 | log | Forbidden (Permission denied): /books/add
Traceback (most recent call last):
  File "/Users/rozhchenko/PycharmProjects/Book_shop/.venv/lib/python3.14/site-packages/django/core/handlers/exception.py", line 55, in inner
    response = get_response(request)
  File "/Users/rozhchenko/PycharmProjects/Book_shop/.venv/lib/python3.14/site-packages/django/core/handlers/base.py", line 198, in _get_response
    response = wrapped_callback(request, *callback_args, **callback_kwargs)
  File "/Users/rozhchenko/PycharmProjects/Book_shop/.venv/lib/python3.14/site-packages/django/views/generic/base.py", line 106, in view
    return self.dispatch(request, *args, **kwargs)
           ~~~~~~~~~~~~~^^^^^^^^^^^^^^^^^^^^^^^^^^
  File "/Users/rozhchenko/PycharmProjects/Book_shop/.venv/lib/python3.14/site-packages/django/contrib/auth/mixins.py", line 135, in dispatch
    return self.handle_no_permission()
           ~~~~~~~~~~~~~~~~~~~~~~~~~^^
  File "/Users/rozhchenko/PycharmProjects/Book_shop/.venv/lib/python3.14/site-packages/django/contrib/auth/mixins.py", line 49, in handle_no_permission
    raise PermissionDenied(self.get_permission_denied_message())
django.core.exceptions.PermissionDenied
WARNING | 2026-09-10 07:56:36,434 | log | Not Found: /non-existent-url-12345/
ERROR | 2026-09-10 08:07:56,274 | log | Internal Server Error: /api/books/
Traceback (most recent call last):
  File "/Users/rozhchenko/PycharmProjects/Book_shop/.venv/lib/python3.14/site-packages/django_redis/cache.py", line 48, in _decorator
    return method(self, *args, **kwargs)
  File "/Users/rozhchenko/PycharmProjects/Book_shop/.venv/lib/python3.14/site-packages/django_redis/cache.py", line 124, in _get
    return self.client.get(key, default=default, version=version, client=client)
           ~~~~~~~~~~~~~~~^^^^^^^^^^^^^^^^^^^^^^^^^^^^^^^^^^^^^^^^^^^^^^^^^^^^^^
  File "/Users/rozhchenko/PycharmProjects/Book_shop/.venv/lib/python3.14/site-packages/django_redis/client/default.py", line 362, in get
    raise ConnectionInterrupted(connection=client) from e
django_redis.exceptions.ConnectionInterrupted: Redis ConnectionError: Error 8 connecting to redis:6379. nodename nor servname provided, or not known.

During handling of the above exception, another exception occurred:

Traceback (most recent call last):
  File "/Users/rozhchenko/PycharmProjects/Book_shop/.venv/lib/python3.14/site-packages/django/core/handlers/exception.py", line 55, in inner
    response = get_response(request)
  File "/Users/rozhchenko/PycharmProjects/Book_shop/.venv/lib/python3.14/site-packages/django/core/handlers/base.py", line 198, in _get_response
    response = wrapped_callback(request, *callback_args, **callback_kwargs)
  File "/Users/rozhchenko/PycharmProjects/Book_shop/.venv/lib/python3.14/site-packages/django/views/decorators/csrf.py", line 65, in _view_wrapper
    return view_func(request, *args, **kwargs)
  File "/Users/rozhchenko/PycharmProjects/Book_shop/.venv/lib/python3.14/site-packages/rest_framework/viewsets.py", line 124, in view
    return self.dispatch(request, *args, **kwargs)
           ~~~~~~~~~~~~~^^^^^^^^^^^^^^^^^^^^^^^^^^
  File "/Users/rozhchenko/PycharmProjects/Book_shop/.venv/lib/python3.14/site-packages/rest_framework/views.py", line 526, in dispatch
    response = self.handle_exception(exc)
  File "/Users/rozhchenko/PycharmProjects/Book_shop/.venv/lib/python3.14/site-packages/rest_framework/views.py", line 474, in handle_exception
    self.raise_uncaught_exception(exc)
    ~~~~~~~~~~~~~~~~~~~~~~~~~~~~~^^^^^
  File "/Users/rozhchenko/PycharmProjects/Book_shop/.venv/lib/python3.14/site-packages/rest_framework/views.py", line 485, in raise_uncaught_exception
    raise exc
  File "/Users/rozhchenko/PycharmProjects/Book_shop/.venv/lib/python3.14/site-packages/rest_framework/views.py", line 514, in dispatch
    self.initial(request, *args, **kwargs)
    ~~~~~~~~~~~~^^^^^^^^^^^^^^^^^^^^^^^^^^
  File "/Users/rozhchenko/PycharmProjects/Book_shop/.venv/lib/python3.14/site-packages/rest_framework/views.py", line 421, in initial
    self.check_throttles(request)
    ~~~~~~~~~~~~~~~~~~~~^^^^^^^^^
  File "/Users/rozhchenko/PycharmProjects/Book_shop/.venv/lib/python3.14/site-packages/rest_framework/views.py", line 364, in check_throttles
    if not throttle.allow_request(request, self):
           ~~~~~~~~~~~~~~~~~~~~~~^^^^^^^^^^^^^^^
  File "/Users/rozhchenko/PycharmProjects/Book_shop/.venv/lib/python3.14/site-packages/rest_framework/throttling.py", line 123, in allow_request
    self.history = self.cache.get(self.key, [])
                   ~~~~~~~~~~~~~~^^^^^^^^^^^^^^
  File "/Users/rozhchenko/PycharmProjects/Book_shop/.venv/lib/python3.14/site-packages/django_redis/cache.py", line 117, in get
    value = self._get(key, default, version, client)
  File "/Users/rozhchenko/PycharmProjects/Book_shop/.venv/lib/python3.14/site-packages/django_redis/cache.py", line 55, in _decorator
    raise e.__cause__  # type: ignore[misc] # noqa: B904
    ^^^^^^^^^^^^^^^^^
  File "/Users/rozhchenko/PycharmProjects/Book_shop/.venv/lib/python3.14/site-packages/django_redis/client/default.py", line 360, in get
    value = client.get(key)
  File "/Users/rozhchenko/PycharmProjects/Book_shop/.venv/lib/python3.14/site-packages/redis/commands/core.py", line 3200, in get
    return self.execute_command("GET", name, keys=[name])
           ~~~~~~~~~~~~~~~~~~~~^^^^^^^^^^^^^^^^^^^^^^^^^^
  File "/Users/rozhchenko/PycharmProjects/Book_shop/.venv/lib/python3.14/site-packages/redis/client.py", line 867, in execute_command
    return self._execute_command(*args, **options)
           ~~~~~~~~~~~~~~~~~~~~~^^^^^^^^^^^^^^^^^^
  File "/Users/rozhchenko/PycharmProjects/Book_shop/.venv/lib/python3.14/site-packages/redis/client.py", line 873, in _execute_command
    conn = self.connection or pool.get_connection()
                              ~~~~~~~~~~~~~~~~~~~^^
  File "/Users/rozhchenko/PycharmProjects/Book_shop/.venv/lib/python3.14/site-packages/redis/utils.py", line 258, in wrapper
    return func(*args, **kwargs)
  File "/Users/rozhchenko/PycharmProjects/Book_shop/.venv/lib/python3.14/site-packages/redis/connection.py", line 3273, in get_connection
    connection.connect()
    ~~~~~~~~~~~~~~~~~~^^
  File "/Users/rozhchenko/PycharmProjects/Book_shop/.venv/lib/python3.14/site-packages/redis/connection.py", line 1028, in connect
    self.retry.call_with_retry(
    ~~~~~~~~~~~~~~~~~~~~~~~~~~^
        lambda: self.connect_check_health(
        ^^^^^^^^^^^^^^^^^^^^^^^^^^^^^^^^^^
    ...<2 lines>...
        lambda error: self.disconnect(error),
        ^^^^^^^^^^^^^^^^^^^^^^^^^^^^^^^^^^^^^
    )
    ^
  File "/Users/rozhchenko/PycharmProjects/Book_shop/.venv/lib/python3.14/site-packages/redis/retry.py", line 132, in call_with_retry
    raise error
  File "/Users/rozhchenko/PycharmProjects/Book_shop/.venv/lib/python3.14/site-packages/redis/retry.py", line 120, in call_with_retry
    return do()
  File "/Users/rozhchenko/PycharmProjects/Book_shop/.venv/lib/python3.14/site-packages/redis/connection.py", line 1029, in <lambda>
    lambda: self.connect_check_health(
            ~~~~~~~~~~~~~~~~~~~~~~~~~^
        check_health=True, retry_socket_connect=False
        ^^^^^^^^^^^^^^^^^^^^^^^^^^^^^^^^^^^^^^^^^^^^^
    ),
    ^
  File "/Users/rozhchenko/PycharmProjects/Book_shop/.venv/lib/python3.14/site-packages/redis/connection.py", line 1077, in connect_check_health
    raise e
redis.exceptions.ConnectionError: Error 8 connecting to redis:6379. nodename nor servname provided, or not known.
ERROR | 2026-09-10 08:07:57,045 | log | Internal Server Error: /api/categories/
Traceback (most recent call last):
  File "/Users/rozhchenko/PycharmProjects/Book_shop/.venv/lib/python3.14/site-packages/django_redis/cache.py", line 48, in _decorator
    return method(self, *args, **kwargs)
  File "/Users/rozhchenko/PycharmProjects/Book_shop/.venv/lib/python3.14/site-packages/django_redis/cache.py", line 124, in _get
    return self.client.get(key, default=default, version=version, client=client)
           ~~~~~~~~~~~~~~~^^^^^^^^^^^^^^^^^^^^^^^^^^^^^^^^^^^^^^^^^^^^^^^^^^^^^^
  File "/Users/rozhchenko/PycharmProjects/Book_shop/.venv/lib/python3.14/site-packages/django_redis/client/default.py", line 362, in get
    raise ConnectionInterrupted(connection=client) from e
django_redis.exceptions.ConnectionInterrupted: Redis ConnectionError: Error 8 connecting to redis:6379. nodename nor servname provided, or not known.

During handling of the above exception, another exception occurred:

Traceback (most recent call last):
  File "/Users/rozhchenko/PycharmProjects/Book_shop/.venv/lib/python3.14/site-packages/django/core/handlers/exception.py", line 55, in inner
    response = get_response(request)
  File "/Users/rozhchenko/PycharmProjects/Book_shop/.venv/lib/python3.14/site-packages/django/core/handlers/base.py", line 198, in _get_response
    response = wrapped_callback(request, *callback_args, **callback_kwargs)
  File "/Users/rozhchenko/PycharmProjects/Book_shop/.venv/lib/python3.14/site-packages/django/views/decorators/csrf.py", line 65, in _view_wrapper
    return view_func(request, *args, **kwargs)
  File "/Users/rozhchenko/PycharmProjects/Book_shop/.venv/lib/python3.14/site-packages/rest_framework/viewsets.py", line 124, in view
    return self.dispatch(request, *args, **kwargs)
           ~~~~~~~~~~~~~^^^^^^^^^^^^^^^^^^^^^^^^^^
  File "/Users/rozhchenko/PycharmProjects/Book_shop/.venv/lib/python3.14/site-packages/rest_framework/views.py", line 526, in dispatch
    response = self.handle_exception(exc)
  File "/Users/rozhchenko/PycharmProjects/Book_shop/.venv/lib/python3.14/site-packages/rest_framework/views.py", line 474, in handle_exception
    self.raise_uncaught_exception(exc)
    ~~~~~~~~~~~~~~~~~~~~~~~~~~~~~^^^^^
  File "/Users/rozhchenko/PycharmProjects/Book_shop/.venv/lib/python3.14/site-packages/rest_framework/views.py", line 485, in raise_uncaught_exception
    raise exc
  File "/Users/rozhchenko/PycharmProjects/Book_shop/.venv/lib/python3.14/site-packages/rest_framework/views.py", line 514, in dispatch
    self.initial(request, *args, **kwargs)
    ~~~~~~~~~~~~^^^^^^^^^^^^^^^^^^^^^^^^^^
  File "/Users/rozhchenko/PycharmProjects/Book_shop/.venv/lib/python3.14/site-packages/rest_framework/views.py", line 421, in initial
    self.check_throttles(request)
    ~~~~~~~~~~~~~~~~~~~~^^^^^^^^^
  File "/Users/rozhchenko/PycharmProjects/Book_shop/.venv/lib/python3.14/site-packages/rest_framework/views.py", line 364, in check_throttles
    if not throttle.allow_request(request, self):
           ~~~~~~~~~~~~~~~~~~~~~~^^^^^^^^^^^^^^^
  File "/Users/rozhchenko/PycharmProjects/Book_shop/.venv/lib/python3.14/site-packages/rest_framework/throttling.py", line 123, in allow_request
    self.history = self.cache.get(self.key, [])
                   ~~~~~~~~~~~~~~^^^^^^^^^^^^^^
  File "/Users/rozhchenko/PycharmProjects/Book_shop/.venv/lib/python3.14/site-packages/django_redis/cache.py", line 117, in get
    value = self._get(key, default, version, client)
  File "/Users/rozhchenko/PycharmProjects/Book_shop/.venv/lib/python3.14/site-packages/django_redis/cache.py", line 55, in _decorator
    raise e.__cause__  # type: ignore[misc] # noqa: B904
    ^^^^^^^^^^^^^^^^^
  File "/Users/rozhchenko/PycharmProjects/Book_shop/.venv/lib/python3.14/site-packages/django_redis/client/default.py", line 360, in get
    value = client.get(key)
  File "/Users/rozhchenko/PycharmProjects/Book_shop/.venv/lib/python3.14/site-packages/redis/commands/core.py", line 3200, in get
    return self.execute_command("GET", name, keys=[name])
           ~~~~~~~~~~~~~~~~~~~~^^^^^^^^^^^^^^^^^^^^^^^^^^
  File "/Users/rozhchenko/PycharmProjects/Book_shop/.venv/lib/python3.14/site-packages/redis/client.py", line 867, in execute_command
    return self._execute_command(*args, **options)
           ~~~~~~~~~~~~~~~~~~~~~^^^^^^^^^^^^^^^^^^
  File "/Users/rozhchenko/PycharmProjects/Book_shop/.venv/lib/python3.14/site-packages/redis/client.py", line 873, in _execute_command
    conn = self.connection or pool.get_connection()
                              ~~~~~~~~~~~~~~~~~~~^^
  File "/Users/rozhchenko/PycharmProjects/Book_shop/.venv/lib/python3.14/site-packages/redis/utils.py", line 258, in wrapper
    return func(*args, **kwargs)
  File "/Users/rozhchenko/PycharmProjects/Book_shop/.venv/lib/python3.14/site-packages/redis/connection.py", line 3273, in get_connection
    connection.connect()
    ~~~~~~~~~~~~~~~~~~^^
  File "/Users/rozhchenko/PycharmProjects/Book_shop/.venv/lib/python3.14/site-packages/redis/connection.py", line 1028, in connect
    self.retry.call_with_retry(
    ~~~~~~~~~~~~~~~~~~~~~~~~~~^
        lambda: self.connect_check_health(
        ^^^^^^^^^^^^^^^^^^^^^^^^^^^^^^^^^^
    ...<2 lines>...
        lambda error: self.disconnect(error),
        ^^^^^^^^^^^^^^^^^^^^^^^^^^^^^^^^^^^^^
    )
    ^
  File "/Users/rozhchenko/PycharmProjects/Book_shop/.venv/lib/python3.14/site-packages/redis/retry.py", line 132, in call_with_retry
    raise error
  File "/Users/rozhchenko/PycharmProjects/Book_shop/.venv/lib/python3.14/site-packages/redis/retry.py", line 120, in call_with_retry
    return do()
  File "/Users/rozhchenko/PycharmProjects/Book_shop/.venv/lib/python3.14/site-packages/redis/connection.py", line 1029, in <lambda>
    lambda: self.connect_check_health(
            ~~~~~~~~~~~~~~~~~~~~~~~~~^
        check_health=True, retry_socket_connect=False
        ^^^^^^^^^^^^^^^^^^^^^^^^^^^^^^^^^^^^^^^^^^^^^
    ),
    ^
  File "/Users/rozhchenko/PycharmProjects/Book_shop/.venv/lib/python3.14/site-packages/redis/connection.py", line 1077, in connect_check_health
    raise e
redis.exceptions.ConnectionError: Error 8 connecting to redis:6379. nodename nor servname provided, or not known.
ERROR | 2026-09-10 08:07:57,674 | log | Internal Server Error: /api/docs/
Traceback (most recent call last):
  File "/Users/rozhchenko/PycharmProjects/Book_shop/.venv/lib/python3.14/site-packages/django_redis/cache.py", line 48, in _decorator
    return method(self, *args, **kwargs)
  File "/Users/rozhchenko/PycharmProjects/Book_shop/.venv/lib/python3.14/site-packages/django_redis/cache.py", line 124, in _get
    return self.client.get(key, default=default, version=version, client=client)
           ~~~~~~~~~~~~~~~^^^^^^^^^^^^^^^^^^^^^^^^^^^^^^^^^^^^^^^^^^^^^^^^^^^^^^
  File "/Users/rozhchenko/PycharmProjects/Book_shop/.venv/lib/python3.14/site-packages/django_redis/client/default.py", line 362, in get
    raise ConnectionInterrupted(connection=client) from e
django_redis.exceptions.ConnectionInterrupted: Redis ConnectionError: Error 8 connecting to redis:6379. nodename nor servname provided, or not known.

During handling of the above exception, another exception occurred:

Traceback (most recent call last):
  File "/Users/rozhchenko/PycharmProjects/Book_shop/.venv/lib/python3.14/site-packages/django/core/handlers/exception.py", line 55, in inner
    response = get_response(request)
  File "/Users/rozhchenko/PycharmProjects/Book_shop/.venv/lib/python3.14/site-packages/django/core/handlers/base.py", line 198, in _get_response
    response = wrapped_callback(request, *callback_args, **callback_kwargs)
  File "/Users/rozhchenko/PycharmProjects/Book_shop/.venv/lib/python3.14/site-packages/django/views/decorators/csrf.py", line 65, in _view_wrapper
    return view_func(request, *args, **kwargs)
  File "/Users/rozhchenko/PycharmProjects/Book_shop/.venv/lib/python3.14/site-packages/django/views/generic/base.py", line 106, in view
    return self.dispatch(request, *args, **kwargs)
           ~~~~~~~~~~~~~^^^^^^^^^^^^^^^^^^^^^^^^^^
  File "/Users/rozhchenko/PycharmProjects/Book_shop/.venv/lib/python3.14/site-packages/rest_framework/views.py", line 526, in dispatch
    response = self.handle_exception(exc)
  File "/Users/rozhchenko/PycharmProjects/Book_shop/.venv/lib/python3.14/site-packages/rest_framework/views.py", line 474, in handle_exception
    self.raise_uncaught_exception(exc)
    ~~~~~~~~~~~~~~~~~~~~~~~~~~~~~^^^^^
  File "/Users/rozhchenko/PycharmProjects/Book_shop/.venv/lib/python3.14/site-packages/rest_framework/views.py", line 485, in raise_uncaught_exception
    raise exc
  File "/Users/rozhchenko/PycharmProjects/Book_shop/.venv/lib/python3.14/site-packages/rest_framework/views.py", line 514, in dispatch
    self.initial(request, *args, **kwargs)
    ~~~~~~~~~~~~^^^^^^^^^^^^^^^^^^^^^^^^^^
  File "/Users/rozhchenko/PycharmProjects/Book_shop/.venv/lib/python3.14/site-packages/rest_framework/views.py", line 421, in initial
    self.check_throttles(request)
    ~~~~~~~~~~~~~~~~~~~~^^^^^^^^^
  File "/Users/rozhchenko/PycharmProjects/Book_shop/.venv/lib/python3.14/site-packages/rest_framework/views.py", line 364, in check_throttles
    if not throttle.allow_request(request, self):
           ~~~~~~~~~~~~~~~~~~~~~~^^^^^^^^^^^^^^^
  File "/Users/rozhchenko/PycharmProjects/Book_shop/.venv/lib/python3.14/site-packages/rest_framework/throttling.py", line 123, in allow_request
    self.history = self.cache.get(self.key, [])
                   ~~~~~~~~~~~~~~^^^^^^^^^^^^^^
  File "/Users/rozhchenko/PycharmProjects/Book_shop/.venv/lib/python3.14/site-packages/django_redis/cache.py", line 117, in get
    value = self._get(key, default, version, client)
  File "/Users/rozhchenko/PycharmProjects/Book_shop/.venv/lib/python3.14/site-packages/django_redis/cache.py", line 55, in _decorator
    raise e.__cause__  # type: ignore[misc] # noqa: B904
    ^^^^^^^^^^^^^^^^^
  File "/Users/rozhchenko/PycharmProjects/Book_shop/.venv/lib/python3.14/site-packages/django_redis/client/default.py", line 360, in get
    value = client.get(key)
  File "/Users/rozhchenko/PycharmProjects/Book_shop/.venv/lib/python3.14/site-packages/redis/commands/core.py", line 3200, in get
    return self.execute_command("GET", name, keys=[name])
           ~~~~~~~~~~~~~~~~~~~~^^^^^^^^^^^^^^^^^^^^^^^^^^
  File "/Users/rozhchenko/PycharmProjects/Book_shop/.venv/lib/python3.14/site-packages/redis/client.py", line 867, in execute_command
    return self._execute_command(*args, **options)
           ~~~~~~~~~~~~~~~~~~~~~^^^^^^^^^^^^^^^^^^
  File "/Users/rozhchenko/PycharmProjects/Book_shop/.venv/lib/python3.14/site-packages/redis/client.py", line 873, in _execute_command
    conn = self.connection or pool.get_connection()
                              ~~~~~~~~~~~~~~~~~~~^^
  File "/Users/rozhchenko/PycharmProjects/Book_shop/.venv/lib/python3.14/site-packages/redis/utils.py", line 258, in wrapper
    return func(*args, **kwargs)
  File "/Users/rozhchenko/PycharmProjects/Book_shop/.venv/lib/python3.14/site-packages/redis/connection.py", line 3273, in get_connection
    connection.connect()
    ~~~~~~~~~~~~~~~~~~^^
  File "/Users/rozhchenko/PycharmProjects/Book_shop/.venv/lib/python3.14/site-packages/redis/connection.py", line 1028, in connect
    self.retry.call_with_retry(
    ~~~~~~~~~~~~~~~~~~~~~~~~~~^
        lambda: self.connect_check_health(
        ^^^^^^^^^^^^^^^^^^^^^^^^^^^^^^^^^^
    ...<2 lines>...
        lambda error: self.disconnect(error),
        ^^^^^^^^^^^^^^^^^^^^^^^^^^^^^^^^^^^^^
    )
    ^
  File "/Users/rozhchenko/PycharmProjects/Book_shop/.venv/lib/python3.14/site-packages/redis/retry.py", line 132, in call_with_retry
    raise error
  File "/Users/rozhchenko/PycharmProjects/Book_shop/.venv/lib/python3.14/site-packages/redis/retry.py", line 120, in call_with_retry
    return do()
  File "/Users/rozhchenko/PycharmProjects/Book_shop/.venv/lib/python3.14/site-packages/redis/connection.py", line 1029, in <lambda>
    lambda: self.connect_check_health(
            ~~~~~~~~~~~~~~~~~~~~~~~~~^
        check_health=True, retry_socket_connect=False
        ^^^^^^^^^^^^^^^^^^^^^^^^^^^^^^^^^^^^^^^^^^^^^
    ),
    ^
  File "/Users/rozhchenko/PycharmProjects/Book_shop/.venv/lib/python3.14/site-packages/redis/connection.py", line 1077, in connect_check_health
    raise e
redis.exceptions.ConnectionError: Error 8 connecting to redis:6379. nodename nor servname provided, or not known.
WARNING | 2026-09-10 08:07:58,280 | log | Unauthorized: /api/orders/
WARNING | 2026-09-10 08:07:58,314 | log | Unauthorized: /api/carts/
ERROR | 2026-09-10 08:07:59,572 | log | Internal Server Error: /api/orders/
Traceback (most recent call last):
  File "/Users/rozhchenko/PycharmProjects/Book_shop/.venv/lib/python3.14/site-packages/django_redis/cache.py", line 48, in _decorator
    return method(self, *args, **kwargs)
  File "/Users/rozhchenko/PycharmProjects/Book_shop/.venv/lib/python3.14/site-packages/django_redis/cache.py", line 124, in _get
    return self.client.get(key, default=default, version=version, client=client)
           ~~~~~~~~~~~~~~~^^^^^^^^^^^^^^^^^^^^^^^^^^^^^^^^^^^^^^^^^^^^^^^^^^^^^^
  File "/Users/rozhchenko/PycharmProjects/Book_shop/.venv/lib/python3.14/site-packages/django_redis/client/default.py", line 362, in get
    raise ConnectionInterrupted(connection=client) from e
django_redis.exceptions.ConnectionInterrupted: Redis ConnectionError: Error 8 connecting to redis:6379. nodename nor servname provided, or not known.

During handling of the above exception, another exception occurred:

Traceback (most recent call last):
  File "/Users/rozhchenko/PycharmProjects/Book_shop/.venv/lib/python3.14/site-packages/django/core/handlers/exception.py", line 55, in inner
    response = get_response(request)
  File "/Users/rozhchenko/PycharmProjects/Book_shop/.venv/lib/python3.14/site-packages/django/core/handlers/base.py", line 198, in _get_response
    response = wrapped_callback(request, *callback_args, **callback_kwargs)
  File "/Users/rozhchenko/PycharmProjects/Book_shop/.venv/lib/python3.14/site-packages/django/views/decorators/csrf.py", line 65, in _view_wrapper
    return view_func(request, *args, **kwargs)
  File "/Users/rozhchenko/PycharmProjects/Book_shop/.venv/lib/python3.14/site-packages/rest_framework/viewsets.py", line 124, in view
    return self.dispatch(request, *args, **kwargs)
           ~~~~~~~~~~~~~^^^^^^^^^^^^^^^^^^^^^^^^^^
  File "/Users/rozhchenko/PycharmProjects/Book_shop/.venv/lib/python3.14/site-packages/rest_framework/views.py", line 526, in dispatch
    response = self.handle_exception(exc)
  File "/Users/rozhchenko/PycharmProjects/Book_shop/.venv/lib/python3.14/site-packages/rest_framework/views.py", line 474, in handle_exception
    self.raise_uncaught_exception(exc)
    ~~~~~~~~~~~~~~~~~~~~~~~~~~~~~^^^^^
  File "/Users/rozhchenko/PycharmProjects/Book_shop/.venv/lib/python3.14/site-packages/rest_framework/views.py", line 485, in raise_uncaught_exception
    raise exc
  File "/Users/rozhchenko/PycharmProjects/Book_shop/.venv/lib/python3.14/site-packages/rest_framework/views.py", line 514, in dispatch
    self.initial(request, *args, **kwargs)
    ~~~~~~~~~~~~^^^^^^^^^^^^^^^^^^^^^^^^^^
  File "/Users/rozhchenko/PycharmProjects/Book_shop/.venv/lib/python3.14/site-packages/rest_framework/views.py", line 421, in initial
    self.check_throttles(request)
    ~~~~~~~~~~~~~~~~~~~~^^^^^^^^^
  File "/Users/rozhchenko/PycharmProjects/Book_shop/.venv/lib/python3.14/site-packages/rest_framework/views.py", line 364, in check_throttles
    if not throttle.allow_request(request, self):
           ~~~~~~~~~~~~~~~~~~~~~~^^^^^^^^^^^^^^^
  File "/Users/rozhchenko/PycharmProjects/Book_shop/.venv/lib/python3.14/site-packages/rest_framework/throttling.py", line 123, in allow_request
    self.history = self.cache.get(self.key, [])
                   ~~~~~~~~~~~~~~^^^^^^^^^^^^^^
  File "/Users/rozhchenko/PycharmProjects/Book_shop/.venv/lib/python3.14/site-packages/django_redis/cache.py", line 117, in get
    value = self._get(key, default, version, client)
  File "/Users/rozhchenko/PycharmProjects/Book_shop/.venv/lib/python3.14/site-packages/django_redis/cache.py", line 55, in _decorator
    raise e.__cause__  # type: ignore[misc] # noqa: B904
    ^^^^^^^^^^^^^^^^^
  File "/Users/rozhchenko/PycharmProjects/Book_shop/.venv/lib/python3.14/site-packages/django_redis/client/default.py", line 360, in get
    value = client.get(key)
  File "/Users/rozhchenko/PycharmProjects/Book_shop/.venv/lib/python3.14/site-packages/redis/commands/core.py", line 3200, in get
    return self.execute_command("GET", name, keys=[name])
           ~~~~~~~~~~~~~~~~~~~~^^^^^^^^^^^^^^^^^^^^^^^^^^
  File "/Users/rozhchenko/PycharmProjects/Book_shop/.venv/lib/python3.14/site-packages/redis/client.py", line 867, in execute_command
    return self._execute_command(*args, **options)
           ~~~~~~~~~~~~~~~~~~~~~^^^^^^^^^^^^^^^^^^
  File "/Users/rozhchenko/PycharmProjects/Book_shop/.venv/lib/python3.14/site-packages/redis/client.py", line 873, in _execute_command
    conn = self.connection or pool.get_connection()
                              ~~~~~~~~~~~~~~~~~~~^^
  File "/Users/rozhchenko/PycharmProjects/Book_shop/.venv/lib/python3.14/site-packages/redis/utils.py", line 258, in wrapper
    return func(*args, **kwargs)
  File "/Users/rozhchenko/PycharmProjects/Book_shop/.venv/lib/python3.14/site-packages/redis/connection.py", line 3273, in get_connection
    connection.connect()
    ~~~~~~~~~~~~~~~~~~^^
  File "/Users/rozhchenko/PycharmProjects/Book_shop/.venv/lib/python3.14/site-packages/redis/connection.py", line 1028, in connect
    self.retry.call_with_retry(
    ~~~~~~~~~~~~~~~~~~~~~~~~~~^
        lambda: self.connect_check_health(
        ^^^^^^^^^^^^^^^^^^^^^^^^^^^^^^^^^^
    ...<2 lines>...
        lambda error: self.disconnect(error),
        ^^^^^^^^^^^^^^^^^^^^^^^^^^^^^^^^^^^^^
    )
    ^
  File "/Users/rozhchenko/PycharmProjects/Book_shop/.venv/lib/python3.14/site-packages/redis/retry.py", line 132, in call_with_retry
    raise error
  File "/Users/rozhchenko/PycharmProjects/Book_shop/.venv/lib/python3.14/site-packages/redis/retry.py", line 120, in call_with_retry
    return do()
  File "/Users/rozhchenko/PycharmProjects/Book_shop/.venv/lib/python3.14/site-packages/redis/connection.py", line 1029, in <lambda>
    lambda: self.connect_check_health(
            ~~~~~~~~~~~~~~~~~~~~~~~~~^
        check_health=True, retry_socket_connect=False
        ^^^^^^^^^^^^^^^^^^^^^^^^^^^^^^^^^^^^^^^^^^^^^
    ),
    ^
  File "/Users/rozhchenko/PycharmProjects/Book_shop/.venv/lib/python3.14/site-packages/redis/connection.py", line 1077, in connect_check_health
    raise e
redis.exceptions.ConnectionError: Error 8 connecting to redis:6379. nodename nor servname provided, or not known.
ERROR | 2026-09-10 08:08:01,419 | log | Internal Server Error: /api/carts/
Traceback (most recent call last):
  File "/Users/rozhchenko/PycharmProjects/Book_shop/.venv/lib/python3.14/site-packages/django_redis/cache.py", line 48, in _decorator
    return method(self, *args, **kwargs)
  File "/Users/rozhchenko/PycharmProjects/Book_shop/.venv/lib/python3.14/site-packages/django_redis/cache.py", line 124, in _get
    return self.client.get(key, default=default, version=version, client=client)
           ~~~~~~~~~~~~~~~^^^^^^^^^^^^^^^^^^^^^^^^^^^^^^^^^^^^^^^^^^^^^^^^^^^^^^
  File "/Users/rozhchenko/PycharmProjects/Book_shop/.venv/lib/python3.14/site-packages/django_redis/client/default.py", line 362, in get
    raise ConnectionInterrupted(connection=client) from e
django_redis.exceptions.ConnectionInterrupted: Redis ConnectionError: Error 8 connecting to redis:6379. nodename nor servname provided, or not known.

During handling of the above exception, another exception occurred:

Traceback (most recent call last):
  File "/Users/rozhchenko/PycharmProjects/Book_shop/.venv/lib/python3.14/site-packages/django/core/handlers/exception.py", line 55, in inner
    response = get_response(request)
  File "/Users/rozhchenko/PycharmProjects/Book_shop/.venv/lib/python3.14/site-packages/django/core/handlers/base.py", line 198, in _get_response
    response = wrapped_callback(request, *callback_args, **callback_kwargs)
  File "/Users/rozhchenko/PycharmProjects/Book_shop/.venv/lib/python3.14/site-packages/django/views/decorators/csrf.py", line 65, in _view_wrapper
    return view_func(request, *args, **kwargs)
  File "/Users/rozhchenko/PycharmProjects/Book_shop/.venv/lib/python3.14/site-packages/rest_framework/viewsets.py", line 124, in view
    return self.dispatch(request, *args, **kwargs)
           ~~~~~~~~~~~~~^^^^^^^^^^^^^^^^^^^^^^^^^^
  File "/Users/rozhchenko/PycharmProjects/Book_shop/.venv/lib/python3.14/site-packages/rest_framework/views.py", line 526, in dispatch
    response = self.handle_exception(exc)
  File "/Users/rozhchenko/PycharmProjects/Book_shop/.venv/lib/python3.14/site-packages/rest_framework/views.py", line 474, in handle_exception
    self.raise_uncaught_exception(exc)
    ~~~~~~~~~~~~~~~~~~~~~~~~~~~~~^^^^^
  File "/Users/rozhchenko/PycharmProjects/Book_shop/.venv/lib/python3.14/site-packages/rest_framework/views.py", line 485, in raise_uncaught_exception
    raise exc
  File "/Users/rozhchenko/PycharmProjects/Book_shop/.venv/lib/python3.14/site-packages/rest_framework/views.py", line 514, in dispatch
    self.initial(request, *args, **kwargs)
    ~~~~~~~~~~~~^^^^^^^^^^^^^^^^^^^^^^^^^^
  File "/Users/rozhchenko/PycharmProjects/Book_shop/.venv/lib/python3.14/site-packages/rest_framework/views.py", line 421, in initial
    self.check_throttles(request)
    ~~~~~~~~~~~~~~~~~~~~^^^^^^^^^
  File "/Users/rozhchenko/PycharmProjects/Book_shop/.venv/lib/python3.14/site-packages/rest_framework/views.py", line 364, in check_throttles
    if not throttle.allow_request(request, self):
           ~~~~~~~~~~~~~~~~~~~~~~^^^^^^^^^^^^^^^
  File "/Users/rozhchenko/PycharmProjects/Book_shop/.venv/lib/python3.14/site-packages/rest_framework/throttling.py", line 123, in allow_request
    self.history = self.cache.get(self.key, [])
                   ~~~~~~~~~~~~~~^^^^^^^^^^^^^^
  File "/Users/rozhchenko/PycharmProjects/Book_shop/.venv/lib/python3.14/site-packages/django_redis/cache.py", line 117, in get
    value = self._get(key, default, version, client)
  File "/Users/rozhchenko/PycharmProjects/Book_shop/.venv/lib/python3.14/site-packages/django_redis/cache.py", line 55, in _decorator
    raise e.__cause__  # type: ignore[misc] # noqa: B904
    ^^^^^^^^^^^^^^^^^
  File "/Users/rozhchenko/PycharmProjects/Book_shop/.venv/lib/python3.14/site-packages/django_redis/client/default.py", line 360, in get
    value = client.get(key)
  File "/Users/rozhchenko/PycharmProjects/Book_shop/.venv/lib/python3.14/site-packages/redis/commands/core.py", line 3200, in get
    return self.execute_command("GET", name, keys=[name])
           ~~~~~~~~~~~~~~~~~~~~^^^^^^^^^^^^^^^^^^^^^^^^^^
  File "/Users/rozhchenko/PycharmProjects/Book_shop/.venv/lib/python3.14/site-packages/redis/client.py", line 867, in execute_command
    return self._execute_command(*args, **options)
           ~~~~~~~~~~~~~~~~~~~~~^^^^^^^^^^^^^^^^^^
  File "/Users/rozhchenko/PycharmProjects/Book_shop/.venv/lib/python3.14/site-packages/redis/client.py", line 873, in _execute_command
    conn = self.connection or pool.get_connection()
                              ~~~~~~~~~~~~~~~~~~~^^
  File "/Users/rozhchenko/PycharmProjects/Book_shop/.venv/lib/python3.14/site-packages/redis/utils.py", line 258, in wrapper
    return func(*args, **kwargs)
  File "/Users/rozhchenko/PycharmProjects/Book_shop/.venv/lib/python3.14/site-packages/redis/connection.py", line 3273, in get_connection
    connection.connect()
    ~~~~~~~~~~~~~~~~~~^^
  File "/Users/rozhchenko/PycharmProjects/Book_shop/.venv/lib/python3.14/site-packages/redis/connection.py", line 1028, in connect
    self.retry.call_with_retry(
    ~~~~~~~~~~~~~~~~~~~~~~~~~~^
        lambda: self.connect_check_health(
        ^^^^^^^^^^^^^^^^^^^^^^^^^^^^^^^^^^
    ...<2 lines>...
        lambda error: self.disconnect(error),
        ^^^^^^^^^^^^^^^^^^^^^^^^^^^^^^^^^^^^^
    )
    ^
  File "/Users/rozhchenko/PycharmProjects/Book_shop/.venv/lib/python3.14/site-packages/redis/retry.py", line 132, in call_with_retry
    raise error
  File "/Users/rozhchenko/PycharmProjects/Book_shop/.venv/lib/python3.14/site-packages/redis/retry.py", line 120, in call_with_retry
    return do()
  File "/Users/rozhchenko/PycharmProjects/Book_shop/.venv/lib/python3.14/site-packages/redis/connection.py", line 1029, in <lambda>
    lambda: self.connect_check_health(
            ~~~~~~~~~~~~~~~~~~~~~~~~~^
        check_health=True, retry_socket_connect=False
        ^^^^^^^^^^^^^^^^^^^^^^^^^^^^^^^^^^^^^^^^^^^^^
    ),
    ^
  File "/Users/rozhchenko/PycharmProjects/Book_shop/.venv/lib/python3.14/site-packages/redis/connection.py", line 1077, in connect_check_health
    raise e
redis.exceptions.ConnectionError: Error 8 connecting to redis:6379. nodename nor servname provided, or not known.
ERROR | 2026-09-10 08:08:03,261 | log | Internal Server Error: /api/token/
Traceback (most recent call last):
  File "/Users/rozhchenko/PycharmProjects/Book_shop/.venv/lib/python3.14/site-packages/django_redis/cache.py", line 48, in _decorator
    return method(self, *args, **kwargs)
  File "/Users/rozhchenko/PycharmProjects/Book_shop/.venv/lib/python3.14/site-packages/django_redis/cache.py", line 124, in _get
    return self.client.get(key, default=default, version=version, client=client)
           ~~~~~~~~~~~~~~~^^^^^^^^^^^^^^^^^^^^^^^^^^^^^^^^^^^^^^^^^^^^^^^^^^^^^^
  File "/Users/rozhchenko/PycharmProjects/Book_shop/.venv/lib/python3.14/site-packages/django_redis/client/default.py", line 362, in get
    raise ConnectionInterrupted(connection=client) from e
django_redis.exceptions.ConnectionInterrupted: Redis ConnectionError: Error 8 connecting to redis:6379. nodename nor servname provided, or not known.

During handling of the above exception, another exception occurred:

Traceback (most recent call last):
  File "/Users/rozhchenko/PycharmProjects/Book_shop/.venv/lib/python3.14/site-packages/django/core/handlers/exception.py", line 55, in inner
    response = get_response(request)
  File "/Users/rozhchenko/PycharmProjects/Book_shop/.venv/lib/python3.14/site-packages/django/core/handlers/base.py", line 198, in _get_response
    response = wrapped_callback(request, *callback_args, **callback_kwargs)
  File "/Users/rozhchenko/PycharmProjects/Book_shop/.venv/lib/python3.14/site-packages/django/views/decorators/csrf.py", line 65, in _view_wrapper
    return view_func(request, *args, **kwargs)
  File "/Users/rozhchenko/PycharmProjects/Book_shop/.venv/lib/python3.14/site-packages/django/views/generic/base.py", line 106, in view
    return self.dispatch(request, *args, **kwargs)
           ~~~~~~~~~~~~~^^^^^^^^^^^^^^^^^^^^^^^^^^
  File "/Users/rozhchenko/PycharmProjects/Book_shop/.venv/lib/python3.14/site-packages/rest_framework/views.py", line 526, in dispatch
    response = self.handle_exception(exc)
  File "/Users/rozhchenko/PycharmProjects/Book_shop/.venv/lib/python3.14/site-packages/rest_framework/views.py", line 474, in handle_exception
    self.raise_uncaught_exception(exc)
    ~~~~~~~~~~~~~~~~~~~~~~~~~~~~~^^^^^
  File "/Users/rozhchenko/PycharmProjects/Book_shop/.venv/lib/python3.14/site-packages/rest_framework/views.py", line 485, in raise_uncaught_exception
    raise exc
  File "/Users/rozhchenko/PycharmProjects/Book_shop/.venv/lib/python3.14/site-packages/rest_framework/views.py", line 514, in dispatch
    self.initial(request, *args, **kwargs)
    ~~~~~~~~~~~~^^^^^^^^^^^^^^^^^^^^^^^^^^
  File "/Users/rozhchenko/PycharmProjects/Book_shop/.venv/lib/python3.14/site-packages/rest_framework/views.py", line 421, in initial
    self.check_throttles(request)
    ~~~~~~~~~~~~~~~~~~~~^^^^^^^^^
  File "/Users/rozhchenko/PycharmProjects/Book_shop/.venv/lib/python3.14/site-packages/rest_framework/views.py", line 364, in check_throttles
    if not throttle.allow_request(request, self):
           ~~~~~~~~~~~~~~~~~~~~~~^^^^^^^^^^^^^^^
  File "/Users/rozhchenko/PycharmProjects/Book_shop/.venv/lib/python3.14/site-packages/rest_framework/throttling.py", line 123, in allow_request
    self.history = self.cache.get(self.key, [])
                   ~~~~~~~~~~~~~~^^^^^^^^^^^^^^
  File "/Users/rozhchenko/PycharmProjects/Book_shop/.venv/lib/python3.14/site-packages/django_redis/cache.py", line 117, in get
    value = self._get(key, default, version, client)
  File "/Users/rozhchenko/PycharmProjects/Book_shop/.venv/lib/python3.14/site-packages/django_redis/cache.py", line 55, in _decorator
    raise e.__cause__  # type: ignore[misc] # noqa: B904
    ^^^^^^^^^^^^^^^^^
  File "/Users/rozhchenko/PycharmProjects/Book_shop/.venv/lib/python3.14/site-packages/django_redis/client/default.py", line 360, in get
    value = client.get(key)
  File "/Users/rozhchenko/PycharmProjects/Book_shop/.venv/lib/python3.14/site-packages/redis/commands/core.py", line 3200, in get
    return self.execute_command("GET", name, keys=[name])
           ~~~~~~~~~~~~~~~~~~~~^^^^^^^^^^^^^^^^^^^^^^^^^^
  File "/Users/rozhchenko/PycharmProjects/Book_shop/.venv/lib/python3.14/site-packages/redis/client.py", line 867, in execute_command
    return self._execute_command(*args, **options)
           ~~~~~~~~~~~~~~~~~~~~~^^^^^^^^^^^^^^^^^^
  File "/Users/rozhchenko/PycharmProjects/Book_shop/.venv/lib/python3.14/site-packages/redis/client.py", line 873, in _execute_command
    conn = self.connection or pool.get_connection()
                              ~~~~~~~~~~~~~~~~~~~^^
  File "/Users/rozhchenko/PycharmProjects/Book_shop/.venv/lib/python3.14/site-packages/redis/utils.py", line 258, in wrapper
    return func(*args, **kwargs)
  File "/Users/rozhchenko/PycharmProjects/Book_shop/.venv/lib/python3.14/site-packages/redis/connection.py", line 3273, in get_connection
    connection.connect()
    ~~~~~~~~~~~~~~~~~~^^
  File "/Users/rozhchenko/PycharmProjects/Book_shop/.venv/lib/python3.14/site-packages/redis/connection.py", line 1028, in connect
    self.retry.call_with_retry(
    ~~~~~~~~~~~~~~~~~~~~~~~~~~^
        lambda: self.connect_check_health(
        ^^^^^^^^^^^^^^^^^^^^^^^^^^^^^^^^^^
    ...<2 lines>...
        lambda error: self.disconnect(error),
        ^^^^^^^^^^^^^^^^^^^^^^^^^^^^^^^^^^^^^
    )
    ^
  File "/Users/rozhchenko/PycharmProjects/Book_shop/.venv/lib/python3.14/site-packages/redis/retry.py", line 132, in call_with_retry
    raise error
  File "/Users/rozhchenko/PycharmProjects/Book_shop/.venv/lib/python3.14/site-packages/redis/retry.py", line 120, in call_with_retry
    return do()
  File "/Users/rozhchenko/PycharmProjects/Book_shop/.venv/lib/python3.14/site-packages/redis/connection.py", line 1029, in <lambda>
    lambda: self.connect_check_health(
            ~~~~~~~~~~~~~~~~~~~~~~~~~^
        check_health=True, retry_socket_connect=False
        ^^^^^^^^^^^^^^^^^^^^^^^^^^^^^^^^^^^^^^^^^^^^^
    ),
    ^
  File "/Users/rozhchenko/PycharmProjects/Book_shop/.venv/lib/python3.14/site-packages/redis/connection.py", line 1077, in connect_check_health
    raise e
redis.exceptions.ConnectionError: Error 8 connecting to redis:6379. nodename nor servname provided, or not known.
ERROR | 2026-09-10 08:08:03,853 | log | Internal Server Error: /api/token/
Traceback (most recent call last):
  File "/Users/rozhchenko/PycharmProjects/Book_shop/.venv/lib/python3.14/site-packages/django_redis/cache.py", line 48, in _decorator
    return method(self, *args, **kwargs)
  File "/Users/rozhchenko/PycharmProjects/Book_shop/.venv/lib/python3.14/site-packages/django_redis/cache.py", line 124, in _get
    return self.client.get(key, default=default, version=version, client=client)
           ~~~~~~~~~~~~~~~^^^^^^^^^^^^^^^^^^^^^^^^^^^^^^^^^^^^^^^^^^^^^^^^^^^^^^
  File "/Users/rozhchenko/PycharmProjects/Book_shop/.venv/lib/python3.14/site-packages/django_redis/client/default.py", line 362, in get
    raise ConnectionInterrupted(connection=client) from e
django_redis.exceptions.ConnectionInterrupted: Redis ConnectionError: Error 8 connecting to redis:6379. nodename nor servname provided, or not known.

During handling of the above exception, another exception occurred:

Traceback (most recent call last):
  File "/Users/rozhchenko/PycharmProjects/Book_shop/.venv/lib/python3.14/site-packages/django/core/handlers/exception.py", line 55, in inner
    response = get_response(request)
  File "/Users/rozhchenko/PycharmProjects/Book_shop/.venv/lib/python3.14/site-packages/django/core/handlers/base.py", line 198, in _get_response
    response = wrapped_callback(request, *callback_args, **callback_kwargs)
  File "/Users/rozhchenko/PycharmProjects/Book_shop/.venv/lib/python3.14/site-packages/django/views/decorators/csrf.py", line 65, in _view_wrapper
    return view_func(request, *args, **kwargs)
  File "/Users/rozhchenko/PycharmProjects/Book_shop/.venv/lib/python3.14/site-packages/django/views/generic/base.py", line 106, in view
    return self.dispatch(request, *args, **kwargs)
           ~~~~~~~~~~~~~^^^^^^^^^^^^^^^^^^^^^^^^^^
  File "/Users/rozhchenko/PycharmProjects/Book_shop/.venv/lib/python3.14/site-packages/rest_framework/views.py", line 526, in dispatch
    response = self.handle_exception(exc)
  File "/Users/rozhchenko/PycharmProjects/Book_shop/.venv/lib/python3.14/site-packages/rest_framework/views.py", line 474, in handle_exception
    self.raise_uncaught_exception(exc)
    ~~~~~~~~~~~~~~~~~~~~~~~~~~~~~^^^^^
  File "/Users/rozhchenko/PycharmProjects/Book_shop/.venv/lib/python3.14/site-packages/rest_framework/views.py", line 485, in raise_uncaught_exception
    raise exc
  File "/Users/rozhchenko/PycharmProjects/Book_shop/.venv/lib/python3.14/site-packages/rest_framework/views.py", line 514, in dispatch
    self.initial(request, *args, **kwargs)
    ~~~~~~~~~~~~^^^^^^^^^^^^^^^^^^^^^^^^^^
  File "/Users/rozhchenko/PycharmProjects/Book_shop/.venv/lib/python3.14/site-packages/rest_framework/views.py", line 421, in initial
    self.check_throttles(request)
    ~~~~~~~~~~~~~~~~~~~~^^^^^^^^^
  File "/Users/rozhchenko/PycharmProjects/Book_shop/.venv/lib/python3.14/site-packages/rest_framework/views.py", line 364, in check_throttles
    if not throttle.allow_request(request, self):
           ~~~~~~~~~~~~~~~~~~~~~~^^^^^^^^^^^^^^^
  File "/Users/rozhchenko/PycharmProjects/Book_shop/.venv/lib/python3.14/site-packages/rest_framework/throttling.py", line 123, in allow_request
    self.history = self.cache.get(self.key, [])
                   ~~~~~~~~~~~~~~^^^^^^^^^^^^^^
  File "/Users/rozhchenko/PycharmProjects/Book_shop/.venv/lib/python3.14/site-packages/django_redis/cache.py", line 117, in get
    value = self._get(key, default, version, client)
  File "/Users/rozhchenko/PycharmProjects/Book_shop/.venv/lib/python3.14/site-packages/django_redis/cache.py", line 55, in _decorator
    raise e.__cause__  # type: ignore[misc] # noqa: B904
    ^^^^^^^^^^^^^^^^^
  File "/Users/rozhchenko/PycharmProjects/Book_shop/.venv/lib/python3.14/site-packages/django_redis/client/default.py", line 360, in get
    value = client.get(key)
  File "/Users/rozhchenko/PycharmProjects/Book_shop/.venv/lib/python3.14/site-packages/redis/commands/core.py", line 3200, in get
    return self.execute_command("GET", name, keys=[name])
           ~~~~~~~~~~~~~~~~~~~~^^^^^^^^^^^^^^^^^^^^^^^^^^
  File "/Users/rozhchenko/PycharmProjects/Book_shop/.venv/lib/python3.14/site-packages/redis/client.py", line 867, in execute_command
    return self._execute_command(*args, **options)
           ~~~~~~~~~~~~~~~~~~~~~^^^^^^^^^^^^^^^^^^
  File "/Users/rozhchenko/PycharmProjects/Book_shop/.venv/lib/python3.14/site-packages/redis/client.py", line 873, in _execute_command
    conn = self.connection or pool.get_connection()
                              ~~~~~~~~~~~~~~~~~~~^^
  File "/Users/rozhchenko/PycharmProjects/Book_shop/.venv/lib/python3.14/site-packages/redis/utils.py", line 258, in wrapper
    return func(*args, **kwargs)
  File "/Users/rozhchenko/PycharmProjects/Book_shop/.venv/lib/python3.14/site-packages/redis/connection.py", line 3273, in get_connection
    connection.connect()
    ~~~~~~~~~~~~~~~~~~^^
  File "/Users/rozhchenko/PycharmProjects/Book_shop/.venv/lib/python3.14/site-packages/redis/connection.py", line 1028, in connect
    self.retry.call_with_retry(
    ~~~~~~~~~~~~~~~~~~~~~~~~~~^
        lambda: self.connect_check_health(
        ^^^^^^^^^^^^^^^^^^^^^^^^^^^^^^^^^^
    ...<2 lines>...
        lambda error: self.disconnect(error),
        ^^^^^^^^^^^^^^^^^^^^^^^^^^^^^^^^^^^^^
    )
    ^
  File "/Users/rozhchenko/PycharmProjects/Book_shop/.venv/lib/python3.14/site-packages/redis/retry.py", line 132, in call_with_retry
    raise error
  File "/Users/rozhchenko/PycharmProjects/Book_shop/.venv/lib/python3.14/site-packages/redis/retry.py", line 120, in call_with_retry
    return do()
  File "/Users/rozhchenko/PycharmProjects/Book_shop/.venv/lib/python3.14/site-packages/redis/connection.py", line 1029, in <lambda>
    lambda: self.connect_check_health(
            ~~~~~~~~~~~~~~~~~~~~~~~~~^
        check_health=True, retry_socket_connect=False
        ^^^^^^^^^^^^^^^^^^^^^^^^^^^^^^^^^^^^^^^^^^^^^
    ),
    ^
  File "/Users/rozhchenko/PycharmProjects/Book_shop/.venv/lib/python3.14/site-packages/redis/connection.py", line 1077, in connect_check_health
    raise e
redis.exceptions.ConnectionError: Error 8 connecting to redis:6379. nodename nor servname provided, or not known.
WARNING | 2026-09-10 08:08:06,894 | log | Forbidden: /api/categories/
ERROR | 2026-09-10 08:08:06,926 | log | Internal Server Error: /api/categories/
Traceback (most recent call last):
  File "/Users/rozhchenko/PycharmProjects/Book_shop/.venv/lib/python3.14/site-packages/django_redis/cache.py", line 48, in _decorator
    return method(self, *args, **kwargs)
  File "/Users/rozhchenko/PycharmProjects/Book_shop/.venv/lib/python3.14/site-packages/django_redis/cache.py", line 124, in _get
    return self.client.get(key, default=default, version=version, client=client)
           ~~~~~~~~~~~~~~~^^^^^^^^^^^^^^^^^^^^^^^^^^^^^^^^^^^^^^^^^^^^^^^^^^^^^^
  File "/Users/rozhchenko/PycharmProjects/Book_shop/.venv/lib/python3.14/site-packages/django_redis/client/default.py", line 362, in get
    raise ConnectionInterrupted(connection=client) from e
django_redis.exceptions.ConnectionInterrupted: Redis ConnectionError: Error 8 connecting to redis:6379. nodename nor servname provided, or not known.

During handling of the above exception, another exception occurred:

Traceback (most recent call last):
  File "/Users/rozhchenko/PycharmProjects/Book_shop/.venv/lib/python3.14/site-packages/django/core/handlers/exception.py", line 55, in inner
    response = get_response(request)
  File "/Users/rozhchenko/PycharmProjects/Book_shop/.venv/lib/python3.14/site-packages/django/core/handlers/base.py", line 198, in _get_response
    response = wrapped_callback(request, *callback_args, **callback_kwargs)
  File "/Users/rozhchenko/PycharmProjects/Book_shop/.venv/lib/python3.14/site-packages/django/views/decorators/csrf.py", line 65, in _view_wrapper
    return view_func(request, *args, **kwargs)
  File "/Users/rozhchenko/PycharmProjects/Book_shop/.venv/lib/python3.14/site-packages/rest_framework/viewsets.py", line 124, in view
    return self.dispatch(request, *args, **kwargs)
           ~~~~~~~~~~~~~^^^^^^^^^^^^^^^^^^^^^^^^^^
  File "/Users/rozhchenko/PycharmProjects/Book_shop/.venv/lib/python3.14/site-packages/rest_framework/views.py", line 526, in dispatch
    response = self.handle_exception(exc)
  File "/Users/rozhchenko/PycharmProjects/Book_shop/.venv/lib/python3.14/site-packages/rest_framework/views.py", line 474, in handle_exception
    self.raise_uncaught_exception(exc)
    ~~~~~~~~~~~~~~~~~~~~~~~~~~~~~^^^^^
  File "/Users/rozhchenko/PycharmProjects/Book_shop/.venv/lib/python3.14/site-packages/rest_framework/views.py", line 485, in raise_uncaught_exception
    raise exc
  File "/Users/rozhchenko/PycharmProjects/Book_shop/.venv/lib/python3.14/site-packages/rest_framework/views.py", line 514, in dispatch
    self.initial(request, *args, **kwargs)
    ~~~~~~~~~~~~^^^^^^^^^^^^^^^^^^^^^^^^^^
  File "/Users/rozhchenko/PycharmProjects/Book_shop/.venv/lib/python3.14/site-packages/rest_framework/views.py", line 421, in initial
    self.check_throttles(request)
    ~~~~~~~~~~~~~~~~~~~~^^^^^^^^^
  File "/Users/rozhchenko/PycharmProjects/Book_shop/.venv/lib/python3.14/site-packages/rest_framework/views.py", line 364, in check_throttles
    if not throttle.allow_request(request, self):
           ~~~~~~~~~~~~~~~~~~~~~~^^^^^^^^^^^^^^^
  File "/Users/rozhchenko/PycharmProjects/Book_shop/.venv/lib/python3.14/site-packages/rest_framework/throttling.py", line 123, in allow_request
    self.history = self.cache.get(self.key, [])
                   ~~~~~~~~~~~~~~^^^^^^^^^^^^^^
  File "/Users/rozhchenko/PycharmProjects/Book_shop/.venv/lib/python3.14/site-packages/django_redis/cache.py", line 117, in get
    value = self._get(key, default, version, client)
  File "/Users/rozhchenko/PycharmProjects/Book_shop/.venv/lib/python3.14/site-packages/django_redis/cache.py", line 55, in _decorator
    raise e.__cause__  # type: ignore[misc] # noqa: B904
    ^^^^^^^^^^^^^^^^^
  File "/Users/rozhchenko/PycharmProjects/Book_shop/.venv/lib/python3.14/site-packages/django_redis/client/default.py", line 360, in get
    value = client.get(key)
  File "/Users/rozhchenko/PycharmProjects/Book_shop/.venv/lib/python3.14/site-packages/redis/commands/core.py", line 3200, in get
    return self.execute_command("GET", name, keys=[name])
           ~~~~~~~~~~~~~~~~~~~~^^^^^^^^^^^^^^^^^^^^^^^^^^
  File "/Users/rozhchenko/PycharmProjects/Book_shop/.venv/lib/python3.14/site-packages/redis/client.py", line 867, in execute_command
    return self._execute_command(*args, **options)
           ~~~~~~~~~~~~~~~~~~~~~^^^^^^^^^^^^^^^^^^
  File "/Users/rozhchenko/PycharmProjects/Book_shop/.venv/lib/python3.14/site-packages/redis/client.py", line 873, in _execute_command
    conn = self.connection or pool.get_connection()
                              ~~~~~~~~~~~~~~~~~~~^^
  File "/Users/rozhchenko/PycharmProjects/Book_shop/.venv/lib/python3.14/site-packages/redis/utils.py", line 258, in wrapper
    return func(*args, **kwargs)
  File "/Users/rozhchenko/PycharmProjects/Book_shop/.venv/lib/python3.14/site-packages/redis/connection.py", line 3273, in get_connection
    connection.connect()
    ~~~~~~~~~~~~~~~~~~^^
  File "/Users/rozhchenko/PycharmProjects/Book_shop/.venv/lib/python3.14/site-packages/redis/connection.py", line 1028, in connect
    self.retry.call_with_retry(
    ~~~~~~~~~~~~~~~~~~~~~~~~~~^
        lambda: self.connect_check_health(
        ^^^^^^^^^^^^^^^^^^^^^^^^^^^^^^^^^^
    ...<2 lines>...
        lambda error: self.disconnect(error),
        ^^^^^^^^^^^^^^^^^^^^^^^^^^^^^^^^^^^^^
    )
    ^
  File "/Users/rozhchenko/PycharmProjects/Book_shop/.venv/lib/python3.14/site-packages/redis/retry.py", line 132, in call_with_retry
    raise error
  File "/Users/rozhchenko/PycharmProjects/Book_shop/.venv/lib/python3.14/site-packages/redis/retry.py", line 120, in call_with_retry
    return do()
  File "/Users/rozhchenko/PycharmProjects/Book_shop/.venv/lib/python3.14/site-packages/redis/connection.py", line 1029, in <lambda>
    lambda: self.connect_check_health(
            ~~~~~~~~~~~~~~~~~~~~~~~~~^
        check_health=True, retry_socket_connect=False
        ^^^^^^^^^^^^^^^^^^^^^^^^^^^^^^^^^^^^^^^^^^^^^
    ),
    ^
  File "/Users/rozhchenko/PycharmProjects/Book_shop/.venv/lib/python3.14/site-packages/redis/connection.py", line 1077, in connect_check_health
    raise e
redis.exceptions.ConnectionError: Error 8 connecting to redis:6379. nodename nor servname provided, or not known.
WARNING | 2026-09-10 08:08:09,965 | log | Forbidden: /api/categories/999/
ERROR | 2026-09-10 08:08:09,998 | log | Internal Server Error: /api/categories/999/
Traceback (most recent call last):
  File "/Users/rozhchenko/PycharmProjects/Book_shop/.venv/lib/python3.14/site-packages/django_redis/cache.py", line 48, in _decorator
    return method(self, *args, **kwargs)
  File "/Users/rozhchenko/PycharmProjects/Book_shop/.venv/lib/python3.14/site-packages/django_redis/cache.py", line 124, in _get
    return self.client.get(key, default=default, version=version, client=client)
           ~~~~~~~~~~~~~~~^^^^^^^^^^^^^^^^^^^^^^^^^^^^^^^^^^^^^^^^^^^^^^^^^^^^^^
  File "/Users/rozhchenko/PycharmProjects/Book_shop/.venv/lib/python3.14/site-packages/django_redis/client/default.py", line 362, in get
    raise ConnectionInterrupted(connection=client) from e
django_redis.exceptions.ConnectionInterrupted: Redis ConnectionError: Error 8 connecting to redis:6379. nodename nor servname provided, or not known.

During handling of the above exception, another exception occurred:

Traceback (most recent call last):
  File "/Users/rozhchenko/PycharmProjects/Book_shop/.venv/lib/python3.14/site-packages/django/core/handlers/exception.py", line 55, in inner
    response = get_response(request)
  File "/Users/rozhchenko/PycharmProjects/Book_shop/.venv/lib/python3.14/site-packages/django/core/handlers/base.py", line 198, in _get_response
    response = wrapped_callback(request, *callback_args, **callback_kwargs)
  File "/Users/rozhchenko/PycharmProjects/Book_shop/.venv/lib/python3.14/site-packages/django/views/decorators/csrf.py", line 65, in _view_wrapper
    return view_func(request, *args, **kwargs)
  File "/Users/rozhchenko/PycharmProjects/Book_shop/.venv/lib/python3.14/site-packages/rest_framework/viewsets.py", line 124, in view
    return self.dispatch(request, *args, **kwargs)
           ~~~~~~~~~~~~~^^^^^^^^^^^^^^^^^^^^^^^^^^
  File "/Users/rozhchenko/PycharmProjects/Book_shop/.venv/lib/python3.14/site-packages/rest_framework/views.py", line 526, in dispatch
    response = self.handle_exception(exc)
  File "/Users/rozhchenko/PycharmProjects/Book_shop/.venv/lib/python3.14/site-packages/rest_framework/views.py", line 474, in handle_exception
    self.raise_uncaught_exception(exc)
    ~~~~~~~~~~~~~~~~~~~~~~~~~~~~~^^^^^
  File "/Users/rozhchenko/PycharmProjects/Book_shop/.venv/lib/python3.14/site-packages/rest_framework/views.py", line 485, in raise_uncaught_exception
    raise exc
  File "/Users/rozhchenko/PycharmProjects/Book_shop/.venv/lib/python3.14/site-packages/rest_framework/views.py", line 514, in dispatch
    self.initial(request, *args, **kwargs)
    ~~~~~~~~~~~~^^^^^^^^^^^^^^^^^^^^^^^^^^
  File "/Users/rozhchenko/PycharmProjects/Book_shop/.venv/lib/python3.14/site-packages/rest_framework/views.py", line 421, in initial
    self.check_throttles(request)
    ~~~~~~~~~~~~~~~~~~~~^^^^^^^^^
  File "/Users/rozhchenko/PycharmProjects/Book_shop/.venv/lib/python3.14/site-packages/rest_framework/views.py", line 364, in check_throttles
    if not throttle.allow_request(request, self):
           ~~~~~~~~~~~~~~~~~~~~~~^^^^^^^^^^^^^^^
  File "/Users/rozhchenko/PycharmProjects/Book_shop/.venv/lib/python3.14/site-packages/rest_framework/throttling.py", line 123, in allow_request
    self.history = self.cache.get(self.key, [])
                   ~~~~~~~~~~~~~~^^^^^^^^^^^^^^
  File "/Users/rozhchenko/PycharmProjects/Book_shop/.venv/lib/python3.14/site-packages/django_redis/cache.py", line 117, in get
    value = self._get(key, default, version, client)
  File "/Users/rozhchenko/PycharmProjects/Book_shop/.venv/lib/python3.14/site-packages/django_redis/cache.py", line 55, in _decorator
    raise e.__cause__  # type: ignore[misc] # noqa: B904
    ^^^^^^^^^^^^^^^^^
  File "/Users/rozhchenko/PycharmProjects/Book_shop/.venv/lib/python3.14/site-packages/django_redis/client/default.py", line 360, in get
    value = client.get(key)
  File "/Users/rozhchenko/PycharmProjects/Book_shop/.venv/lib/python3.14/site-packages/redis/commands/core.py", line 3200, in get
    return self.execute_command("GET", name, keys=[name])
           ~~~~~~~~~~~~~~~~~~~~^^^^^^^^^^^^^^^^^^^^^^^^^^
  File "/Users/rozhchenko/PycharmProjects/Book_shop/.venv/lib/python3.14/site-packages/redis/client.py", line 867, in execute_command
    return self._execute_command(*args, **options)
           ~~~~~~~~~~~~~~~~~~~~~^^^^^^^^^^^^^^^^^^
  File "/Users/rozhchenko/PycharmProjects/Book_shop/.venv/lib/python3.14/site-packages/redis/client.py", line 873, in _execute_command
    conn = self.connection or pool.get_connection()
                              ~~~~~~~~~~~~~~~~~~~^^
  File "/Users/rozhchenko/PycharmProjects/Book_shop/.venv/lib/python3.14/site-packages/redis/utils.py", line 258, in wrapper
    return func(*args, **kwargs)
  File "/Users/rozhchenko/PycharmProjects/Book_shop/.venv/lib/python3.14/site-packages/redis/connection.py", line 3273, in get_connection
    connection.connect()
    ~~~~~~~~~~~~~~~~~~^^
  File "/Users/rozhchenko/PycharmProjects/Book_shop/.venv/lib/python3.14/site-packages/redis/connection.py", line 1028, in connect
    self.retry.call_with_retry(
    ~~~~~~~~~~~~~~~~~~~~~~~~~~^
        lambda: self.connect_check_health(
        ^^^^^^^^^^^^^^^^^^^^^^^^^^^^^^^^^^
    ...<2 lines>...
        lambda error: self.disconnect(error),
        ^^^^^^^^^^^^^^^^^^^^^^^^^^^^^^^^^^^^^
    )
    ^
  File "/Users/rozhchenko/PycharmProjects/Book_shop/.venv/lib/python3.14/site-packages/redis/retry.py", line 132, in call_with_retry
    raise error
  File "/Users/rozhchenko/PycharmProjects/Book_shop/.venv/lib/python3.14/site-packages/redis/retry.py", line 120, in call_with_retry
    return do()
  File "/Users/rozhchenko/PycharmProjects/Book_shop/.venv/lib/python3.14/site-packages/redis/connection.py", line 1029, in <lambda>
    lambda: self.connect_check_health(
            ~~~~~~~~~~~~~~~~~~~~~~~~~^
        check_health=True, retry_socket_connect=False
        ^^^^^^^^^^^^^^^^^^^^^^^^^^^^^^^^^^^^^^^^^^^^^
    ),
    ^
  File "/Users/rozhchenko/PycharmProjects/Book_shop/.venv/lib/python3.14/site-packages/redis/connection.py", line 1077, in connect_check_health
    raise e
redis.exceptions.ConnectionError: Error 8 connecting to redis:6379. nodename nor servname provided, or not known.
WARNING | 2026-09-10 08:08:13,182 | log | Forbidden: /api/books/
ERROR | 2026-09-10 08:08:13,215 | log | Internal Server Error: /api/books/
Traceback (most recent call last):
  File "/Users/rozhchenko/PycharmProjects/Book_shop/.venv/lib/python3.14/site-packages/django_redis/cache.py", line 48, in _decorator
    return method(self, *args, **kwargs)
  File "/Users/rozhchenko/PycharmProjects/Book_shop/.venv/lib/python3.14/site-packages/django_redis/cache.py", line 124, in _get
    return self.client.get(key, default=default, version=version, client=client)
           ~~~~~~~~~~~~~~~^^^^^^^^^^^^^^^^^^^^^^^^^^^^^^^^^^^^^^^^^^^^^^^^^^^^^^
  File "/Users/rozhchenko/PycharmProjects/Book_shop/.venv/lib/python3.14/site-packages/django_redis/client/default.py", line 362, in get
    raise ConnectionInterrupted(connection=client) from e
django_redis.exceptions.ConnectionInterrupted: Redis ConnectionError: Error 8 connecting to redis:6379. nodename nor servname provided, or not known.

During handling of the above exception, another exception occurred:

Traceback (most recent call last):
  File "/Users/rozhchenko/PycharmProjects/Book_shop/.venv/lib/python3.14/site-packages/django/core/handlers/exception.py", line 55, in inner
    response = get_response(request)
  File "/Users/rozhchenko/PycharmProjects/Book_shop/.venv/lib/python3.14/site-packages/django/core/handlers/base.py", line 198, in _get_response
    response = wrapped_callback(request, *callback_args, **callback_kwargs)
  File "/Users/rozhchenko/PycharmProjects/Book_shop/.venv/lib/python3.14/site-packages/django/views/decorators/csrf.py", line 65, in _view_wrapper
    return view_func(request, *args, **kwargs)
  File "/Users/rozhchenko/PycharmProjects/Book_shop/.venv/lib/python3.14/site-packages/rest_framework/viewsets.py", line 124, in view
    return self.dispatch(request, *args, **kwargs)
           ~~~~~~~~~~~~~^^^^^^^^^^^^^^^^^^^^^^^^^^
  File "/Users/rozhchenko/PycharmProjects/Book_shop/.venv/lib/python3.14/site-packages/rest_framework/views.py", line 526, in dispatch
    response = self.handle_exception(exc)
  File "/Users/rozhchenko/PycharmProjects/Book_shop/.venv/lib/python3.14/site-packages/rest_framework/views.py", line 474, in handle_exception
    self.raise_uncaught_exception(exc)
    ~~~~~~~~~~~~~~~~~~~~~~~~~~~~~^^^^^
  File "/Users/rozhchenko/PycharmProjects/Book_shop/.venv/lib/python3.14/site-packages/rest_framework/views.py", line 485, in raise_uncaught_exception
    raise exc
  File "/Users/rozhchenko/PycharmProjects/Book_shop/.venv/lib/python3.14/site-packages/rest_framework/views.py", line 514, in dispatch
    self.initial(request, *args, **kwargs)
    ~~~~~~~~~~~~^^^^^^^^^^^^^^^^^^^^^^^^^^
  File "/Users/rozhchenko/PycharmProjects/Book_shop/.venv/lib/python3.14/site-packages/rest_framework/views.py", line 421, in initial
    self.check_throttles(request)
    ~~~~~~~~~~~~~~~~~~~~^^^^^^^^^
  File "/Users/rozhchenko/PycharmProjects/Book_shop/.venv/lib/python3.14/site-packages/rest_framework/views.py", line 364, in check_throttles
    if not throttle.allow_request(request, self):
           ~~~~~~~~~~~~~~~~~~~~~~^^^^^^^^^^^^^^^
  File "/Users/rozhchenko/PycharmProjects/Book_shop/.venv/lib/python3.14/site-packages/rest_framework/throttling.py", line 123, in allow_request
    self.history = self.cache.get(self.key, [])
                   ~~~~~~~~~~~~~~^^^^^^^^^^^^^^
  File "/Users/rozhchenko/PycharmProjects/Book_shop/.venv/lib/python3.14/site-packages/django_redis/cache.py", line 117, in get
    value = self._get(key, default, version, client)
  File "/Users/rozhchenko/PycharmProjects/Book_shop/.venv/lib/python3.14/site-packages/django_redis/cache.py", line 55, in _decorator
    raise e.__cause__  # type: ignore[misc] # noqa: B904
    ^^^^^^^^^^^^^^^^^
  File "/Users/rozhchenko/PycharmProjects/Book_shop/.venv/lib/python3.14/site-packages/django_redis/client/default.py", line 360, in get
    value = client.get(key)
  File "/Users/rozhchenko/PycharmProjects/Book_shop/.venv/lib/python3.14/site-packages/redis/commands/core.py", line 3200, in get
    return self.execute_command("GET", name, keys=[name])
           ~~~~~~~~~~~~~~~~~~~~^^^^^^^^^^^^^^^^^^^^^^^^^^
  File "/Users/rozhchenko/PycharmProjects/Book_shop/.venv/lib/python3.14/site-packages/redis/client.py", line 867, in execute_command
    return self._execute_command(*args, **options)
           ~~~~~~~~~~~~~~~~~~~~~^^^^^^^^^^^^^^^^^^
  File "/Users/rozhchenko/PycharmProjects/Book_shop/.venv/lib/python3.14/site-packages/redis/client.py", line 873, in _execute_command
    conn = self.connection or pool.get_connection()
                              ~~~~~~~~~~~~~~~~~~~^^
  File "/Users/rozhchenko/PycharmProjects/Book_shop/.venv/lib/python3.14/site-packages/redis/utils.py", line 258, in wrapper
    return func(*args, **kwargs)
  File "/Users/rozhchenko/PycharmProjects/Book_shop/.venv/lib/python3.14/site-packages/redis/connection.py", line 3273, in get_connection
    connection.connect()
    ~~~~~~~~~~~~~~~~~~^^
  File "/Users/rozhchenko/PycharmProjects/Book_shop/.venv/lib/python3.14/site-packages/redis/connection.py", line 1028, in connect
    self.retry.call_with_retry(
    ~~~~~~~~~~~~~~~~~~~~~~~~~~^
        lambda: self.connect_check_health(
        ^^^^^^^^^^^^^^^^^^^^^^^^^^^^^^^^^^
    ...<2 lines>...
        lambda error: self.disconnect(error),
        ^^^^^^^^^^^^^^^^^^^^^^^^^^^^^^^^^^^^^
    )
    ^
  File "/Users/rozhchenko/PycharmProjects/Book_shop/.venv/lib/python3.14/site-packages/redis/retry.py", line 132, in call_with_retry
    raise error
  File "/Users/rozhchenko/PycharmProjects/Book_shop/.venv/lib/python3.14/site-packages/redis/retry.py", line 120, in call_with_retry
    return do()
  File "/Users/rozhchenko/PycharmProjects/Book_shop/.venv/lib/python3.14/site-packages/redis/connection.py", line 1029, in <lambda>
    lambda: self.connect_check_health(
            ~~~~~~~~~~~~~~~~~~~~~~~~~^
        check_health=True, retry_socket_connect=False
        ^^^^^^^^^^^^^^^^^^^^^^^^^^^^^^^^^^^^^^^^^^^^^
    ),
    ^
  File "/Users/rozhchenko/PycharmProjects/Book_shop/.venv/lib/python3.14/site-packages/redis/connection.py", line 1077, in connect_check_health
    raise e
redis.exceptions.ConnectionError: Error 8 connecting to redis:6379. nodename nor servname provided, or not known.
WARNING | 2026-09-10 08:08:16,231 | log | Forbidden: /api/books/999/
ERROR | 2026-09-10 08:08:16,263 | log | Internal Server Error: /api/books/999/
Traceback (most recent call last):
  File "/Users/rozhchenko/PycharmProjects/Book_shop/.venv/lib/python3.14/site-packages/django_redis/cache.py", line 48, in _decorator
    return method(self, *args, **kwargs)
  File "/Users/rozhchenko/PycharmProjects/Book_shop/.venv/lib/python3.14/site-packages/django_redis/cache.py", line 124, in _get
    return self.client.get(key, default=default, version=version, client=client)
           ~~~~~~~~~~~~~~~^^^^^^^^^^^^^^^^^^^^^^^^^^^^^^^^^^^^^^^^^^^^^^^^^^^^^^
  File "/Users/rozhchenko/PycharmProjects/Book_shop/.venv/lib/python3.14/site-packages/django_redis/client/default.py", line 362, in get
    raise ConnectionInterrupted(connection=client) from e
django_redis.exceptions.ConnectionInterrupted: Redis ConnectionError: Error 8 connecting to redis:6379. nodename nor servname provided, or not known.

During handling of the above exception, another exception occurred:

Traceback (most recent call last):
  File "/Users/rozhchenko/PycharmProjects/Book_shop/.venv/lib/python3.14/site-packages/django/core/handlers/exception.py", line 55, in inner
    response = get_response(request)
  File "/Users/rozhchenko/PycharmProjects/Book_shop/.venv/lib/python3.14/site-packages/django/core/handlers/base.py", line 198, in _get_response
    response = wrapped_callback(request, *callback_args, **callback_kwargs)
  File "/Users/rozhchenko/PycharmProjects/Book_shop/.venv/lib/python3.14/site-packages/django/views/decorators/csrf.py", line 65, in _view_wrapper
    return view_func(request, *args, **kwargs)
  File "/Users/rozhchenko/PycharmProjects/Book_shop/.venv/lib/python3.14/site-packages/rest_framework/viewsets.py", line 124, in view
    return self.dispatch(request, *args, **kwargs)
           ~~~~~~~~~~~~~^^^^^^^^^^^^^^^^^^^^^^^^^^
  File "/Users/rozhchenko/PycharmProjects/Book_shop/.venv/lib/python3.14/site-packages/rest_framework/views.py", line 526, in dispatch
    response = self.handle_exception(exc)
  File "/Users/rozhchenko/PycharmProjects/Book_shop/.venv/lib/python3.14/site-packages/rest_framework/views.py", line 474, in handle_exception
    self.raise_uncaught_exception(exc)
    ~~~~~~~~~~~~~~~~~~~~~~~~~~~~~^^^^^
  File "/Users/rozhchenko/PycharmProjects/Book_shop/.venv/lib/python3.14/site-packages/rest_framework/views.py", line 485, in raise_uncaught_exception
    raise exc
  File "/Users/rozhchenko/PycharmProjects/Book_shop/.venv/lib/python3.14/site-packages/rest_framework/views.py", line 514, in dispatch
    self.initial(request, *args, **kwargs)
    ~~~~~~~~~~~~^^^^^^^^^^^^^^^^^^^^^^^^^^
  File "/Users/rozhchenko/PycharmProjects/Book_shop/.venv/lib/python3.14/site-packages/rest_framework/views.py", line 421, in initial
    self.check_throttles(request)
    ~~~~~~~~~~~~~~~~~~~~^^^^^^^^^
  File "/Users/rozhchenko/PycharmProjects/Book_shop/.venv/lib/python3.14/site-packages/rest_framework/views.py", line 364, in check_throttles
    if not throttle.allow_request(request, self):
           ~~~~~~~~~~~~~~~~~~~~~~^^^^^^^^^^^^^^^
  File "/Users/rozhchenko/PycharmProjects/Book_shop/.venv/lib/python3.14/site-packages/rest_framework/throttling.py", line 123, in allow_request
    self.history = self.cache.get(self.key, [])
                   ~~~~~~~~~~~~~~^^^^^^^^^^^^^^
  File "/Users/rozhchenko/PycharmProjects/Book_shop/.venv/lib/python3.14/site-packages/django_redis/cache.py", line 117, in get
    value = self._get(key, default, version, client)
  File "/Users/rozhchenko/PycharmProjects/Book_shop/.venv/lib/python3.14/site-packages/django_redis/cache.py", line 55, in _decorator
    raise e.__cause__  # type: ignore[misc] # noqa: B904
    ^^^^^^^^^^^^^^^^^
  File "/Users/rozhchenko/PycharmProjects/Book_shop/.venv/lib/python3.14/site-packages/django_redis/client/default.py", line 360, in get
    value = client.get(key)
  File "/Users/rozhchenko/PycharmProjects/Book_shop/.venv/lib/python3.14/site-packages/redis/commands/core.py", line 3200, in get
    return self.execute_command("GET", name, keys=[name])
           ~~~~~~~~~~~~~~~~~~~~^^^^^^^^^^^^^^^^^^^^^^^^^^
  File "/Users/rozhchenko/PycharmProjects/Book_shop/.venv/lib/python3.14/site-packages/redis/client.py", line 867, in execute_command
    return self._execute_command(*args, **options)
           ~~~~~~~~~~~~~~~~~~~~~^^^^^^^^^^^^^^^^^^
  File "/Users/rozhchenko/PycharmProjects/Book_shop/.venv/lib/python3.14/site-packages/redis/client.py", line 873, in _execute_command
    conn = self.connection or pool.get_connection()
                              ~~~~~~~~~~~~~~~~~~~^^
  File "/Users/rozhchenko/PycharmProjects/Book_shop/.venv/lib/python3.14/site-packages/redis/utils.py", line 258, in wrapper
    return func(*args, **kwargs)
  File "/Users/rozhchenko/PycharmProjects/Book_shop/.venv/lib/python3.14/site-packages/redis/connection.py", line 3273, in get_connection
    connection.connect()
    ~~~~~~~~~~~~~~~~~~^^
  File "/Users/rozhchenko/PycharmProjects/Book_shop/.venv/lib/python3.14/site-packages/redis/connection.py", line 1028, in connect
    self.retry.call_with_retry(
    ~~~~~~~~~~~~~~~~~~~~~~~~~~^
        lambda: self.connect_check_health(
        ^^^^^^^^^^^^^^^^^^^^^^^^^^^^^^^^^^
    ...<2 lines>...
        lambda error: self.disconnect(error),
        ^^^^^^^^^^^^^^^^^^^^^^^^^^^^^^^^^^^^^
    )
    ^
  File "/Users/rozhchenko/PycharmProjects/Book_shop/.venv/lib/python3.14/site-packages/redis/retry.py", line 132, in call_with_retry
    raise error
  File "/Users/rozhchenko/PycharmProjects/Book_shop/.venv/lib/python3.14/site-packages/redis/retry.py", line 120, in call_with_retry
    return do()
  File "/Users/rozhchenko/PycharmProjects/Book_shop/.venv/lib/python3.14/site-packages/redis/connection.py", line 1029, in <lambda>
    lambda: self.connect_check_health(
            ~~~~~~~~~~~~~~~~~~~~~~~~~^
        check_health=True, retry_socket_connect=False
        ^^^^^^^^^^^^^^^^^^^^^^^^^^^^^^^^^^^^^^^^^^^^^
    ),
    ^
  File "/Users/rozhchenko/PycharmProjects/Book_shop/.venv/lib/python3.14/site-packages/redis/connection.py", line 1077, in connect_check_health
    raise e
redis.exceptions.ConnectionError: Error 8 connecting to redis:6379. nodename nor servname provided, or not known.
ERROR | 2026-09-10 08:08:18,090 | log | Internal Server Error: /api/carts/
Traceback (most recent call last):
  File "/Users/rozhchenko/PycharmProjects/Book_shop/.venv/lib/python3.14/site-packages/django_redis/cache.py", line 48, in _decorator
    return method(self, *args, **kwargs)
  File "/Users/rozhchenko/PycharmProjects/Book_shop/.venv/lib/python3.14/site-packages/django_redis/cache.py", line 124, in _get
    return self.client.get(key, default=default, version=version, client=client)
           ~~~~~~~~~~~~~~~^^^^^^^^^^^^^^^^^^^^^^^^^^^^^^^^^^^^^^^^^^^^^^^^^^^^^^
  File "/Users/rozhchenko/PycharmProjects/Book_shop/.venv/lib/python3.14/site-packages/django_redis/client/default.py", line 362, in get
    raise ConnectionInterrupted(connection=client) from e
django_redis.exceptions.ConnectionInterrupted: Redis ConnectionError: Error 8 connecting to redis:6379. nodename nor servname provided, or not known.

During handling of the above exception, another exception occurred:

Traceback (most recent call last):
  File "/Users/rozhchenko/PycharmProjects/Book_shop/.venv/lib/python3.14/site-packages/django/core/handlers/exception.py", line 55, in inner
    response = get_response(request)
  File "/Users/rozhchenko/PycharmProjects/Book_shop/.venv/lib/python3.14/site-packages/django/core/handlers/base.py", line 198, in _get_response
    response = wrapped_callback(request, *callback_args, **callback_kwargs)
  File "/Users/rozhchenko/PycharmProjects/Book_shop/.venv/lib/python3.14/site-packages/django/views/decorators/csrf.py", line 65, in _view_wrapper
    return view_func(request, *args, **kwargs)
  File "/Users/rozhchenko/PycharmProjects/Book_shop/.venv/lib/python3.14/site-packages/rest_framework/viewsets.py", line 124, in view
    return self.dispatch(request, *args, **kwargs)
           ~~~~~~~~~~~~~^^^^^^^^^^^^^^^^^^^^^^^^^^
  File "/Users/rozhchenko/PycharmProjects/Book_shop/.venv/lib/python3.14/site-packages/rest_framework/views.py", line 526, in dispatch
    response = self.handle_exception(exc)
  File "/Users/rozhchenko/PycharmProjects/Book_shop/.venv/lib/python3.14/site-packages/rest_framework/views.py", line 474, in handle_exception
    self.raise_uncaught_exception(exc)
    ~~~~~~~~~~~~~~~~~~~~~~~~~~~~~^^^^^
  File "/Users/rozhchenko/PycharmProjects/Book_shop/.venv/lib/python3.14/site-packages/rest_framework/views.py", line 485, in raise_uncaught_exception
    raise exc
  File "/Users/rozhchenko/PycharmProjects/Book_shop/.venv/lib/python3.14/site-packages/rest_framework/views.py", line 514, in dispatch
    self.initial(request, *args, **kwargs)
    ~~~~~~~~~~~~^^^^^^^^^^^^^^^^^^^^^^^^^^
  File "/Users/rozhchenko/PycharmProjects/Book_shop/.venv/lib/python3.14/site-packages/rest_framework/views.py", line 421, in initial
    self.check_throttles(request)
    ~~~~~~~~~~~~~~~~~~~~^^^^^^^^^
  File "/Users/rozhchenko/PycharmProjects/Book_shop/.venv/lib/python3.14/site-packages/rest_framework/views.py", line 364, in check_throttles
    if not throttle.allow_request(request, self):
           ~~~~~~~~~~~~~~~~~~~~~~^^^^^^^^^^^^^^^
  File "/Users/rozhchenko/PycharmProjects/Book_shop/.venv/lib/python3.14/site-packages/rest_framework/throttling.py", line 123, in allow_request
    self.history = self.cache.get(self.key, [])
                   ~~~~~~~~~~~~~~^^^^^^^^^^^^^^
  File "/Users/rozhchenko/PycharmProjects/Book_shop/.venv/lib/python3.14/site-packages/django_redis/cache.py", line 117, in get
    value = self._get(key, default, version, client)
  File "/Users/rozhchenko/PycharmProjects/Book_shop/.venv/lib/python3.14/site-packages/django_redis/cache.py", line 55, in _decorator
    raise e.__cause__  # type: ignore[misc] # noqa: B904
    ^^^^^^^^^^^^^^^^^
  File "/Users/rozhchenko/PycharmProjects/Book_shop/.venv/lib/python3.14/site-packages/django_redis/client/default.py", line 360, in get
    value = client.get(key)
  File "/Users/rozhchenko/PycharmProjects/Book_shop/.venv/lib/python3.14/site-packages/redis/commands/core.py", line 3200, in get
    return self.execute_command("GET", name, keys=[name])
           ~~~~~~~~~~~~~~~~~~~~^^^^^^^^^^^^^^^^^^^^^^^^^^
  File "/Users/rozhchenko/PycharmProjects/Book_shop/.venv/lib/python3.14/site-packages/redis/client.py", line 867, in execute_command
    return self._execute_command(*args, **options)
           ~~~~~~~~~~~~~~~~~~~~~^^^^^^^^^^^^^^^^^^
  File "/Users/rozhchenko/PycharmProjects/Book_shop/.venv/lib/python3.14/site-packages/redis/client.py", line 873, in _execute_command
    conn = self.connection or pool.get_connection()
                              ~~~~~~~~~~~~~~~~~~~^^
  File "/Users/rozhchenko/PycharmProjects/Book_shop/.venv/lib/python3.14/site-packages/redis/utils.py", line 258, in wrapper
    return func(*args, **kwargs)
  File "/Users/rozhchenko/PycharmProjects/Book_shop/.venv/lib/python3.14/site-packages/redis/connection.py", line 3273, in get_connection
    connection.connect()
    ~~~~~~~~~~~~~~~~~~^^
  File "/Users/rozhchenko/PycharmProjects/Book_shop/.venv/lib/python3.14/site-packages/redis/connection.py", line 1028, in connect
    self.retry.call_with_retry(
    ~~~~~~~~~~~~~~~~~~~~~~~~~~^
        lambda: self.connect_check_health(
        ^^^^^^^^^^^^^^^^^^^^^^^^^^^^^^^^^^
    ...<2 lines>...
        lambda error: self.disconnect(error),
        ^^^^^^^^^^^^^^^^^^^^^^^^^^^^^^^^^^^^^
    )
    ^
  File "/Users/rozhchenko/PycharmProjects/Book_shop/.venv/lib/python3.14/site-packages/redis/retry.py", line 132, in call_with_retry
    raise error
  File "/Users/rozhchenko/PycharmProjects/Book_shop/.venv/lib/python3.14/site-packages/redis/retry.py", line 120, in call_with_retry
    return do()
  File "/Users/rozhchenko/PycharmProjects/Book_shop/.venv/lib/python3.14/site-packages/redis/connection.py", line 1029, in <lambda>
    lambda: self.connect_check_health(
            ~~~~~~~~~~~~~~~~~~~~~~~~~^
        check_health=True, retry_socket_connect=False
        ^^^^^^^^^^^^^^^^^^^^^^^^^^^^^^^^^^^^^^^^^^^^^
    ),
    ^
  File "/Users/rozhchenko/PycharmProjects/Book_shop/.venv/lib/python3.14/site-packages/redis/connection.py", line 1077, in connect_check_health
    raise e
redis.exceptions.ConnectionError: Error 8 connecting to redis:6379. nodename nor servname provided, or not known.
ERROR | 2026-09-10 08:08:19,915 | log | Internal Server Error: /api/carts/
Traceback (most recent call last):
  File "/Users/rozhchenko/PycharmProjects/Book_shop/.venv/lib/python3.14/site-packages/django_redis/cache.py", line 48, in _decorator
    return method(self, *args, **kwargs)
  File "/Users/rozhchenko/PycharmProjects/Book_shop/.venv/lib/python3.14/site-packages/django_redis/cache.py", line 124, in _get
    return self.client.get(key, default=default, version=version, client=client)
           ~~~~~~~~~~~~~~~^^^^^^^^^^^^^^^^^^^^^^^^^^^^^^^^^^^^^^^^^^^^^^^^^^^^^^
  File "/Users/rozhchenko/PycharmProjects/Book_shop/.venv/lib/python3.14/site-packages/django_redis/client/default.py", line 362, in get
    raise ConnectionInterrupted(connection=client) from e
django_redis.exceptions.ConnectionInterrupted: Redis ConnectionError: Error 8 connecting to redis:6379. nodename nor servname provided, or not known.

During handling of the above exception, another exception occurred:

Traceback (most recent call last):
  File "/Users/rozhchenko/PycharmProjects/Book_shop/.venv/lib/python3.14/site-packages/django/core/handlers/exception.py", line 55, in inner
    response = get_response(request)
  File "/Users/rozhchenko/PycharmProjects/Book_shop/.venv/lib/python3.14/site-packages/django/core/handlers/base.py", line 198, in _get_response
    response = wrapped_callback(request, *callback_args, **callback_kwargs)
  File "/Users/rozhchenko/PycharmProjects/Book_shop/.venv/lib/python3.14/site-packages/django/views/decorators/csrf.py", line 65, in _view_wrapper
    return view_func(request, *args, **kwargs)
  File "/Users/rozhchenko/PycharmProjects/Book_shop/.venv/lib/python3.14/site-packages/rest_framework/viewsets.py", line 124, in view
    return self.dispatch(request, *args, **kwargs)
           ~~~~~~~~~~~~~^^^^^^^^^^^^^^^^^^^^^^^^^^
  File "/Users/rozhchenko/PycharmProjects/Book_shop/.venv/lib/python3.14/site-packages/rest_framework/views.py", line 526, in dispatch
    response = self.handle_exception(exc)
  File "/Users/rozhchenko/PycharmProjects/Book_shop/.venv/lib/python3.14/site-packages/rest_framework/views.py", line 474, in handle_exception
    self.raise_uncaught_exception(exc)
    ~~~~~~~~~~~~~~~~~~~~~~~~~~~~~^^^^^
  File "/Users/rozhchenko/PycharmProjects/Book_shop/.venv/lib/python3.14/site-packages/rest_framework/views.py", line 485, in raise_uncaught_exception
    raise exc
  File "/Users/rozhchenko/PycharmProjects/Book_shop/.venv/lib/python3.14/site-packages/rest_framework/views.py", line 514, in dispatch
    self.initial(request, *args, **kwargs)
    ~~~~~~~~~~~~^^^^^^^^^^^^^^^^^^^^^^^^^^
  File "/Users/rozhchenko/PycharmProjects/Book_shop/.venv/lib/python3.14/site-packages/rest_framework/views.py", line 421, in initial
    self.check_throttles(request)
    ~~~~~~~~~~~~~~~~~~~~^^^^^^^^^
  File "/Users/rozhchenko/PycharmProjects/Book_shop/.venv/lib/python3.14/site-packages/rest_framework/views.py", line 364, in check_throttles
    if not throttle.allow_request(request, self):
           ~~~~~~~~~~~~~~~~~~~~~~^^^^^^^^^^^^^^^
  File "/Users/rozhchenko/PycharmProjects/Book_shop/.venv/lib/python3.14/site-packages/rest_framework/throttling.py", line 123, in allow_request
    self.history = self.cache.get(self.key, [])
                   ~~~~~~~~~~~~~~^^^^^^^^^^^^^^
  File "/Users/rozhchenko/PycharmProjects/Book_shop/.venv/lib/python3.14/site-packages/django_redis/cache.py", line 117, in get
    value = self._get(key, default, version, client)
  File "/Users/rozhchenko/PycharmProjects/Book_shop/.venv/lib/python3.14/site-packages/django_redis/cache.py", line 55, in _decorator
    raise e.__cause__  # type: ignore[misc] # noqa: B904
    ^^^^^^^^^^^^^^^^^
  File "/Users/rozhchenko/PycharmProjects/Book_shop/.venv/lib/python3.14/site-packages/django_redis/client/default.py", line 360, in get
    value = client.get(key)
  File "/Users/rozhchenko/PycharmProjects/Book_shop/.venv/lib/python3.14/site-packages/redis/commands/core.py", line 3200, in get
    return self.execute_command("GET", name, keys=[name])
           ~~~~~~~~~~~~~~~~~~~~^^^^^^^^^^^^^^^^^^^^^^^^^^
  File "/Users/rozhchenko/PycharmProjects/Book_shop/.venv/lib/python3.14/site-packages/redis/client.py", line 867, in execute_command
    return self._execute_command(*args, **options)
           ~~~~~~~~~~~~~~~~~~~~~^^^^^^^^^^^^^^^^^^
  File "/Users/rozhchenko/PycharmProjects/Book_shop/.venv/lib/python3.14/site-packages/redis/client.py", line 873, in _execute_command
    conn = self.connection or pool.get_connection()
                              ~~~~~~~~~~~~~~~~~~~^^
  File "/Users/rozhchenko/PycharmProjects/Book_shop/.venv/lib/python3.14/site-packages/redis/utils.py", line 258, in wrapper
    return func(*args, **kwargs)
  File "/Users/rozhchenko/PycharmProjects/Book_shop/.venv/lib/python3.14/site-packages/redis/connection.py", line 3273, in get_connection
    connection.connect()
    ~~~~~~~~~~~~~~~~~~^^
  File "/Users/rozhchenko/PycharmProjects/Book_shop/.venv/lib/python3.14/site-packages/redis/connection.py", line 1028, in connect
    self.retry.call_with_retry(
    ~~~~~~~~~~~~~~~~~~~~~~~~~~^
        lambda: self.connect_check_health(
        ^^^^^^^^^^^^^^^^^^^^^^^^^^^^^^^^^^
    ...<2 lines>...
        lambda error: self.disconnect(error),
        ^^^^^^^^^^^^^^^^^^^^^^^^^^^^^^^^^^^^^
    )
    ^
  File "/Users/rozhchenko/PycharmProjects/Book_shop/.venv/lib/python3.14/site-packages/redis/retry.py", line 132, in call_with_retry
    raise error
  File "/Users/rozhchenko/PycharmProjects/Book_shop/.venv/lib/python3.14/site-packages/redis/retry.py", line 120, in call_with_retry
    return do()
  File "/Users/rozhchenko/PycharmProjects/Book_shop/.venv/lib/python3.14/site-packages/redis/connection.py", line 1029, in <lambda>
    lambda: self.connect_check_health(
            ~~~~~~~~~~~~~~~~~~~~~~~~~^
        check_health=True, retry_socket_connect=False
        ^^^^^^^^^^^^^^^^^^^^^^^^^^^^^^^^^^^^^^^^^^^^^
    ),
    ^
  File "/Users/rozhchenko/PycharmProjects/Book_shop/.venv/lib/python3.14/site-packages/redis/connection.py", line 1077, in connect_check_health
    raise e
redis.exceptions.ConnectionError: Error 8 connecting to redis:6379. nodename nor servname provided, or not known.
WARNING | 2026-09-10 08:08:20,515 | log | Unauthorized: /api/carts/
WARNING | 2026-09-10 08:08:20,550 | log | Unauthorized: /api/carts/
ERROR | 2026-09-10 08:08:20,591 | log | Internal Server Error: /api/books/
Traceback (most recent call last):
  File "/Users/rozhchenko/PycharmProjects/Book_shop/.venv/lib/python3.14/site-packages/django_redis/cache.py", line 48, in _decorator
    return method(self, *args, **kwargs)
  File "/Users/rozhchenko/PycharmProjects/Book_shop/.venv/lib/python3.14/site-packages/django_redis/cache.py", line 124, in _get
    return self.client.get(key, default=default, version=version, client=client)
           ~~~~~~~~~~~~~~~^^^^^^^^^^^^^^^^^^^^^^^^^^^^^^^^^^^^^^^^^^^^^^^^^^^^^^
  File "/Users/rozhchenko/PycharmProjects/Book_shop/.venv/lib/python3.14/site-packages/django_redis/client/default.py", line 362, in get
    raise ConnectionInterrupted(connection=client) from e
django_redis.exceptions.ConnectionInterrupted: Redis ConnectionError: Error 8 connecting to redis:6379. nodename nor servname provided, or not known.

During handling of the above exception, another exception occurred:

Traceback (most recent call last):
  File "/Users/rozhchenko/PycharmProjects/Book_shop/.venv/lib/python3.14/site-packages/django/core/handlers/exception.py", line 55, in inner
    response = get_response(request)
  File "/Users/rozhchenko/PycharmProjects/Book_shop/.venv/lib/python3.14/site-packages/django/core/handlers/base.py", line 198, in _get_response
    response = wrapped_callback(request, *callback_args, **callback_kwargs)
  File "/Users/rozhchenko/PycharmProjects/Book_shop/.venv/lib/python3.14/site-packages/django/views/decorators/csrf.py", line 65, in _view_wrapper
    return view_func(request, *args, **kwargs)
  File "/Users/rozhchenko/PycharmProjects/Book_shop/.venv/lib/python3.14/site-packages/rest_framework/viewsets.py", line 124, in view
    return self.dispatch(request, *args, **kwargs)
           ~~~~~~~~~~~~~^^^^^^^^^^^^^^^^^^^^^^^^^^
  File "/Users/rozhchenko/PycharmProjects/Book_shop/.venv/lib/python3.14/site-packages/rest_framework/views.py", line 526, in dispatch
    response = self.handle_exception(exc)
  File "/Users/rozhchenko/PycharmProjects/Book_shop/.venv/lib/python3.14/site-packages/rest_framework/views.py", line 474, in handle_exception
    self.raise_uncaught_exception(exc)
    ~~~~~~~~~~~~~~~~~~~~~~~~~~~~~^^^^^
  File "/Users/rozhchenko/PycharmProjects/Book_shop/.venv/lib/python3.14/site-packages/rest_framework/views.py", line 485, in raise_uncaught_exception
    raise exc
  File "/Users/rozhchenko/PycharmProjects/Book_shop/.venv/lib/python3.14/site-packages/rest_framework/views.py", line 514, in dispatch
    self.initial(request, *args, **kwargs)
    ~~~~~~~~~~~~^^^^^^^^^^^^^^^^^^^^^^^^^^
  File "/Users/rozhchenko/PycharmProjects/Book_shop/.venv/lib/python3.14/site-packages/rest_framework/views.py", line 421, in initial
    self.check_throttles(request)
    ~~~~~~~~~~~~~~~~~~~~^^^^^^^^^
  File "/Users/rozhchenko/PycharmProjects/Book_shop/.venv/lib/python3.14/site-packages/rest_framework/views.py", line 364, in check_throttles
    if not throttle.allow_request(request, self):
           ~~~~~~~~~~~~~~~~~~~~~~^^^^^^^^^^^^^^^
  File "/Users/rozhchenko/PycharmProjects/Book_shop/.venv/lib/python3.14/site-packages/rest_framework/throttling.py", line 123, in allow_request
    self.history = self.cache.get(self.key, [])
                   ~~~~~~~~~~~~~~^^^^^^^^^^^^^^
  File "/Users/rozhchenko/PycharmProjects/Book_shop/.venv/lib/python3.14/site-packages/django_redis/cache.py", line 117, in get
    value = self._get(key, default, version, client)
  File "/Users/rozhchenko/PycharmProjects/Book_shop/.venv/lib/python3.14/site-packages/django_redis/cache.py", line 55, in _decorator
    raise e.__cause__  # type: ignore[misc] # noqa: B904
    ^^^^^^^^^^^^^^^^^
  File "/Users/rozhchenko/PycharmProjects/Book_shop/.venv/lib/python3.14/site-packages/django_redis/client/default.py", line 360, in get
    value = client.get(key)
  File "/Users/rozhchenko/PycharmProjects/Book_shop/.venv/lib/python3.14/site-packages/redis/commands/core.py", line 3200, in get
    return self.execute_command("GET", name, keys=[name])
           ~~~~~~~~~~~~~~~~~~~~^^^^^^^^^^^^^^^^^^^^^^^^^^
  File "/Users/rozhchenko/PycharmProjects/Book_shop/.venv/lib/python3.14/site-packages/redis/client.py", line 867, in execute_command
    return self._execute_command(*args, **options)
           ~~~~~~~~~~~~~~~~~~~~~^^^^^^^^^^^^^^^^^^
  File "/Users/rozhchenko/PycharmProjects/Book_shop/.venv/lib/python3.14/site-packages/redis/client.py", line 873, in _execute_command
    conn = self.connection or pool.get_connection()
                              ~~~~~~~~~~~~~~~~~~~^^
  File "/Users/rozhchenko/PycharmProjects/Book_shop/.venv/lib/python3.14/site-packages/redis/utils.py", line 258, in wrapper
    return func(*args, **kwargs)
  File "/Users/rozhchenko/PycharmProjects/Book_shop/.venv/lib/python3.14/site-packages/redis/connection.py", line 3273, in get_connection
    connection.connect()
    ~~~~~~~~~~~~~~~~~~^^
  File "/Users/rozhchenko/PycharmProjects/Book_shop/.venv/lib/python3.14/site-packages/redis/connection.py", line 1028, in connect
    self.retry.call_with_retry(
    ~~~~~~~~~~~~~~~~~~~~~~~~~~^
        lambda: self.connect_check_health(
        ^^^^^^^^^^^^^^^^^^^^^^^^^^^^^^^^^^
    ...<2 lines>...
        lambda error: self.disconnect(error),
        ^^^^^^^^^^^^^^^^^^^^^^^^^^^^^^^^^^^^^
    )
    ^
  File "/Users/rozhchenko/PycharmProjects/Book_shop/.venv/lib/python3.14/site-packages/redis/retry.py", line 132, in call_with_retry
    raise error
  File "/Users/rozhchenko/PycharmProjects/Book_shop/.venv/lib/python3.14/site-packages/redis/retry.py", line 120, in call_with_retry
    return do()
  File "/Users/rozhchenko/PycharmProjects/Book_shop/.venv/lib/python3.14/site-packages/redis/connection.py", line 1029, in <lambda>
    lambda: self.connect_check_health(
            ~~~~~~~~~~~~~~~~~~~~~~~~~^
        check_health=True, retry_socket_connect=False
        ^^^^^^^^^^^^^^^^^^^^^^^^^^^^^^^^^^^^^^^^^^^^^
    ),
    ^
  File "/Users/rozhchenko/PycharmProjects/Book_shop/.venv/lib/python3.14/site-packages/redis/connection.py", line 1077, in connect_check_health
    raise e
redis.exceptions.ConnectionError: Error 8 connecting to redis:6379. nodename nor servname provided, or not known.
ERROR | 2026-09-10 08:08:21,214 | log | Internal Server Error: /api/books/
Traceback (most recent call last):
  File "/Users/rozhchenko/PycharmProjects/Book_shop/.venv/lib/python3.14/site-packages/django_redis/cache.py", line 48, in _decorator
    return method(self, *args, **kwargs)
  File "/Users/rozhchenko/PycharmProjects/Book_shop/.venv/lib/python3.14/site-packages/django_redis/cache.py", line 124, in _get
    return self.client.get(key, default=default, version=version, client=client)
           ~~~~~~~~~~~~~~~^^^^^^^^^^^^^^^^^^^^^^^^^^^^^^^^^^^^^^^^^^^^^^^^^^^^^^
  File "/Users/rozhchenko/PycharmProjects/Book_shop/.venv/lib/python3.14/site-packages/django_redis/client/default.py", line 362, in get
    raise ConnectionInterrupted(connection=client) from e
django_redis.exceptions.ConnectionInterrupted: Redis ConnectionError: Error 8 connecting to redis:6379. nodename nor servname provided, or not known.

During handling of the above exception, another exception occurred:

Traceback (most recent call last):
  File "/Users/rozhchenko/PycharmProjects/Book_shop/.venv/lib/python3.14/site-packages/django/core/handlers/exception.py", line 55, in inner
    response = get_response(request)
  File "/Users/rozhchenko/PycharmProjects/Book_shop/.venv/lib/python3.14/site-packages/django/core/handlers/base.py", line 198, in _get_response
    response = wrapped_callback(request, *callback_args, **callback_kwargs)
  File "/Users/rozhchenko/PycharmProjects/Book_shop/.venv/lib/python3.14/site-packages/django/views/decorators/csrf.py", line 65, in _view_wrapper
    return view_func(request, *args, **kwargs)
  File "/Users/rozhchenko/PycharmProjects/Book_shop/.venv/lib/python3.14/site-packages/rest_framework/viewsets.py", line 124, in view
    return self.dispatch(request, *args, **kwargs)
           ~~~~~~~~~~~~~^^^^^^^^^^^^^^^^^^^^^^^^^^
  File "/Users/rozhchenko/PycharmProjects/Book_shop/.venv/lib/python3.14/site-packages/rest_framework/views.py", line 526, in dispatch
    response = self.handle_exception(exc)
  File "/Users/rozhchenko/PycharmProjects/Book_shop/.venv/lib/python3.14/site-packages/rest_framework/views.py", line 474, in handle_exception
    self.raise_uncaught_exception(exc)
    ~~~~~~~~~~~~~~~~~~~~~~~~~~~~~^^^^^
  File "/Users/rozhchenko/PycharmProjects/Book_shop/.venv/lib/python3.14/site-packages/rest_framework/views.py", line 485, in raise_uncaught_exception
    raise exc
  File "/Users/rozhchenko/PycharmProjects/Book_shop/.venv/lib/python3.14/site-packages/rest_framework/views.py", line 514, in dispatch
    self.initial(request, *args, **kwargs)
    ~~~~~~~~~~~~^^^^^^^^^^^^^^^^^^^^^^^^^^
  File "/Users/rozhchenko/PycharmProjects/Book_shop/.venv/lib/python3.14/site-packages/rest_framework/views.py", line 421, in initial
    self.check_throttles(request)
    ~~~~~~~~~~~~~~~~~~~~^^^^^^^^^
  File "/Users/rozhchenko/PycharmProjects/Book_shop/.venv/lib/python3.14/site-packages/rest_framework/views.py", line 364, in check_throttles
    if not throttle.allow_request(request, self):
           ~~~~~~~~~~~~~~~~~~~~~~^^^^^^^^^^^^^^^
  File "/Users/rozhchenko/PycharmProjects/Book_shop/.venv/lib/python3.14/site-packages/rest_framework/throttling.py", line 123, in allow_request
    self.history = self.cache.get(self.key, [])
                   ~~~~~~~~~~~~~~^^^^^^^^^^^^^^
  File "/Users/rozhchenko/PycharmProjects/Book_shop/.venv/lib/python3.14/site-packages/django_redis/cache.py", line 117, in get
    value = self._get(key, default, version, client)
  File "/Users/rozhchenko/PycharmProjects/Book_shop/.venv/lib/python3.14/site-packages/django_redis/cache.py", line 55, in _decorator
    raise e.__cause__  # type: ignore[misc] # noqa: B904
    ^^^^^^^^^^^^^^^^^
  File "/Users/rozhchenko/PycharmProjects/Book_shop/.venv/lib/python3.14/site-packages/django_redis/client/default.py", line 360, in get
    value = client.get(key)
  File "/Users/rozhchenko/PycharmProjects/Book_shop/.venv/lib/python3.14/site-packages/redis/commands/core.py", line 3200, in get
    return self.execute_command("GET", name, keys=[name])
           ~~~~~~~~~~~~~~~~~~~~^^^^^^^^^^^^^^^^^^^^^^^^^^
  File "/Users/rozhchenko/PycharmProjects/Book_shop/.venv/lib/python3.14/site-packages/redis/client.py", line 867, in execute_command
    return self._execute_command(*args, **options)
           ~~~~~~~~~~~~~~~~~~~~~^^^^^^^^^^^^^^^^^^
  File "/Users/rozhchenko/PycharmProjects/Book_shop/.venv/lib/python3.14/site-packages/redis/client.py", line 873, in _execute_command
    conn = self.connection or pool.get_connection()
                              ~~~~~~~~~~~~~~~~~~~^^
  File "/Users/rozhchenko/PycharmProjects/Book_shop/.venv/lib/python3.14/site-packages/redis/utils.py", line 258, in wrapper
    return func(*args, **kwargs)
  File "/Users/rozhchenko/PycharmProjects/Book_shop/.venv/lib/python3.14/site-packages/redis/connection.py", line 3273, in get_connection
    connection.connect()
    ~~~~~~~~~~~~~~~~~~^^
  File "/Users/rozhchenko/PycharmProjects/Book_shop/.venv/lib/python3.14/site-packages/redis/connection.py", line 1028, in connect
    self.retry.call_with_retry(
    ~~~~~~~~~~~~~~~~~~~~~~~~~~^
        lambda: self.connect_check_health(
        ^^^^^^^^^^^^^^^^^^^^^^^^^^^^^^^^^^
    ...<2 lines>...
        lambda error: self.disconnect(error),
        ^^^^^^^^^^^^^^^^^^^^^^^^^^^^^^^^^^^^^
    )
    ^
  File "/Users/rozhchenko/PycharmProjects/Book_shop/.venv/lib/python3.14/site-packages/redis/retry.py", line 132, in call_with_retry
    raise error
  File "/Users/rozhchenko/PycharmProjects/Book_shop/.venv/lib/python3.14/site-packages/redis/retry.py", line 120, in call_with_retry
    return do()
  File "/Users/rozhchenko/PycharmProjects/Book_shop/.venv/lib/python3.14/site-packages/redis/connection.py", line 1029, in <lambda>
    lambda: self.connect_check_health(
            ~~~~~~~~~~~~~~~~~~~~~~~~~^
        check_health=True, retry_socket_connect=False
        ^^^^^^^^^^^^^^^^^^^^^^^^^^^^^^^^^^^^^^^^^^^^^
    ),
    ^
  File "/Users/rozhchenko/PycharmProjects/Book_shop/.venv/lib/python3.14/site-packages/redis/connection.py", line 1077, in connect_check_health
    raise e
redis.exceptions.ConnectionError: Error 8 connecting to redis:6379. nodename nor servname provided, or not known.
ERROR | 2026-09-10 08:08:21,844 | log | Internal Server Error: /api/books/
Traceback (most recent call last):
  File "/Users/rozhchenko/PycharmProjects/Book_shop/.venv/lib/python3.14/site-packages/django_redis/cache.py", line 48, in _decorator
    return method(self, *args, **kwargs)
  File "/Users/rozhchenko/PycharmProjects/Book_shop/.venv/lib/python3.14/site-packages/django_redis/cache.py", line 124, in _get
    return self.client.get(key, default=default, version=version, client=client)
           ~~~~~~~~~~~~~~~^^^^^^^^^^^^^^^^^^^^^^^^^^^^^^^^^^^^^^^^^^^^^^^^^^^^^^
  File "/Users/rozhchenko/PycharmProjects/Book_shop/.venv/lib/python3.14/site-packages/django_redis/client/default.py", line 362, in get
    raise ConnectionInterrupted(connection=client) from e
django_redis.exceptions.ConnectionInterrupted: Redis ConnectionError: Error 8 connecting to redis:6379. nodename nor servname provided, or not known.

During handling of the above exception, another exception occurred:

Traceback (most recent call last):
  File "/Users/rozhchenko/PycharmProjects/Book_shop/.venv/lib/python3.14/site-packages/django/core/handlers/exception.py", line 55, in inner
    response = get_response(request)
  File "/Users/rozhchenko/PycharmProjects/Book_shop/.venv/lib/python3.14/site-packages/django/core/handlers/base.py", line 198, in _get_response
    response = wrapped_callback(request, *callback_args, **callback_kwargs)
  File "/Users/rozhchenko/PycharmProjects/Book_shop/.venv/lib/python3.14/site-packages/django/views/decorators/csrf.py", line 65, in _view_wrapper
    return view_func(request, *args, **kwargs)
  File "/Users/rozhchenko/PycharmProjects/Book_shop/.venv/lib/python3.14/site-packages/rest_framework/viewsets.py", line 124, in view
    return self.dispatch(request, *args, **kwargs)
           ~~~~~~~~~~~~~^^^^^^^^^^^^^^^^^^^^^^^^^^
  File "/Users/rozhchenko/PycharmProjects/Book_shop/.venv/lib/python3.14/site-packages/rest_framework/views.py", line 526, in dispatch
    response = self.handle_exception(exc)
  File "/Users/rozhchenko/PycharmProjects/Book_shop/.venv/lib/python3.14/site-packages/rest_framework/views.py", line 474, in handle_exception
    self.raise_uncaught_exception(exc)
    ~~~~~~~~~~~~~~~~~~~~~~~~~~~~~^^^^^
  File "/Users/rozhchenko/PycharmProjects/Book_shop/.venv/lib/python3.14/site-packages/rest_framework/views.py", line 485, in raise_uncaught_exception
    raise exc
  File "/Users/rozhchenko/PycharmProjects/Book_shop/.venv/lib/python3.14/site-packages/rest_framework/views.py", line 514, in dispatch
    self.initial(request, *args, **kwargs)
    ~~~~~~~~~~~~^^^^^^^^^^^^^^^^^^^^^^^^^^
  File "/Users/rozhchenko/PycharmProjects/Book_shop/.venv/lib/python3.14/site-packages/rest_framework/views.py", line 421, in initial
    self.check_throttles(request)
    ~~~~~~~~~~~~~~~~~~~~^^^^^^^^^
  File "/Users/rozhchenko/PycharmProjects/Book_shop/.venv/lib/python3.14/site-packages/rest_framework/views.py", line 364, in check_throttles
    if not throttle.allow_request(request, self):
           ~~~~~~~~~~~~~~~~~~~~~~^^^^^^^^^^^^^^^
  File "/Users/rozhchenko/PycharmProjects/Book_shop/.venv/lib/python3.14/site-packages/rest_framework/throttling.py", line 123, in allow_request
    self.history = self.cache.get(self.key, [])
                   ~~~~~~~~~~~~~~^^^^^^^^^^^^^^
  File "/Users/rozhchenko/PycharmProjects/Book_shop/.venv/lib/python3.14/site-packages/django_redis/cache.py", line 117, in get
    value = self._get(key, default, version, client)
  File "/Users/rozhchenko/PycharmProjects/Book_shop/.venv/lib/python3.14/site-packages/django_redis/cache.py", line 55, in _decorator
    raise e.__cause__  # type: ignore[misc] # noqa: B904
    ^^^^^^^^^^^^^^^^^
  File "/Users/rozhchenko/PycharmProjects/Book_shop/.venv/lib/python3.14/site-packages/django_redis/client/default.py", line 360, in get
    value = client.get(key)
  File "/Users/rozhchenko/PycharmProjects/Book_shop/.venv/lib/python3.14/site-packages/redis/commands/core.py", line 3200, in get
    return self.execute_command("GET", name, keys=[name])
           ~~~~~~~~~~~~~~~~~~~~^^^^^^^^^^^^^^^^^^^^^^^^^^
  File "/Users/rozhchenko/PycharmProjects/Book_shop/.venv/lib/python3.14/site-packages/redis/client.py", line 867, in execute_command
    return self._execute_command(*args, **options)
           ~~~~~~~~~~~~~~~~~~~~~^^^^^^^^^^^^^^^^^^
  File "/Users/rozhchenko/PycharmProjects/Book_shop/.venv/lib/python3.14/site-packages/redis/client.py", line 873, in _execute_command
    conn = self.connection or pool.get_connection()
                              ~~~~~~~~~~~~~~~~~~~^^
  File "/Users/rozhchenko/PycharmProjects/Book_shop/.venv/lib/python3.14/site-packages/redis/utils.py", line 258, in wrapper
    return func(*args, **kwargs)
  File "/Users/rozhchenko/PycharmProjects/Book_shop/.venv/lib/python3.14/site-packages/redis/connection.py", line 3273, in get_connection
    connection.connect()
    ~~~~~~~~~~~~~~~~~~^^
  File "/Users/rozhchenko/PycharmProjects/Book_shop/.venv/lib/python3.14/site-packages/redis/connection.py", line 1028, in connect
    self.retry.call_with_retry(
    ~~~~~~~~~~~~~~~~~~~~~~~~~~^
        lambda: self.connect_check_health(
        ^^^^^^^^^^^^^^^^^^^^^^^^^^^^^^^^^^
    ...<2 lines>...
        lambda error: self.disconnect(error),
        ^^^^^^^^^^^^^^^^^^^^^^^^^^^^^^^^^^^^^
    )
    ^
  File "/Users/rozhchenko/PycharmProjects/Book_shop/.venv/lib/python3.14/site-packages/redis/retry.py", line 132, in call_with_retry
    raise error
  File "/Users/rozhchenko/PycharmProjects/Book_shop/.venv/lib/python3.14/site-packages/redis/retry.py", line 120, in call_with_retry
    return do()
  File "/Users/rozhchenko/PycharmProjects/Book_shop/.venv/lib/python3.14/site-packages/redis/connection.py", line 1029, in <lambda>
    lambda: self.connect_check_health(
            ~~~~~~~~~~~~~~~~~~~~~~~~~^
        check_health=True, retry_socket_connect=False
        ^^^^^^^^^^^^^^^^^^^^^^^^^^^^^^^^^^^^^^^^^^^^^
    ),
    ^
  File "/Users/rozhchenko/PycharmProjects/Book_shop/.venv/lib/python3.14/site-packages/redis/connection.py", line 1077, in connect_check_health
    raise e
redis.exceptions.ConnectionError: Error 8 connecting to redis:6379. nodename nor servname provided, or not known.
ERROR | 2026-09-10 08:08:22,442 | log | Internal Server Error: /api/books/
Traceback (most recent call last):
  File "/Users/rozhchenko/PycharmProjects/Book_shop/.venv/lib/python3.14/site-packages/django_redis/cache.py", line 48, in _decorator
    return method(self, *args, **kwargs)
  File "/Users/rozhchenko/PycharmProjects/Book_shop/.venv/lib/python3.14/site-packages/django_redis/cache.py", line 124, in _get
    return self.client.get(key, default=default, version=version, client=client)
           ~~~~~~~~~~~~~~~^^^^^^^^^^^^^^^^^^^^^^^^^^^^^^^^^^^^^^^^^^^^^^^^^^^^^^
  File "/Users/rozhchenko/PycharmProjects/Book_shop/.venv/lib/python3.14/site-packages/django_redis/client/default.py", line 362, in get
    raise ConnectionInterrupted(connection=client) from e
django_redis.exceptions.ConnectionInterrupted: Redis ConnectionError: Error 8 connecting to redis:6379. nodename nor servname provided, or not known.

During handling of the above exception, another exception occurred:

Traceback (most recent call last):
  File "/Users/rozhchenko/PycharmProjects/Book_shop/.venv/lib/python3.14/site-packages/django/core/handlers/exception.py", line 55, in inner
    response = get_response(request)
  File "/Users/rozhchenko/PycharmProjects/Book_shop/.venv/lib/python3.14/site-packages/django/core/handlers/base.py", line 198, in _get_response
    response = wrapped_callback(request, *callback_args, **callback_kwargs)
  File "/Users/rozhchenko/PycharmProjects/Book_shop/.venv/lib/python3.14/site-packages/django/views/decorators/csrf.py", line 65, in _view_wrapper
    return view_func(request, *args, **kwargs)
  File "/Users/rozhchenko/PycharmProjects/Book_shop/.venv/lib/python3.14/site-packages/rest_framework/viewsets.py", line 124, in view
    return self.dispatch(request, *args, **kwargs)
           ~~~~~~~~~~~~~^^^^^^^^^^^^^^^^^^^^^^^^^^
  File "/Users/rozhchenko/PycharmProjects/Book_shop/.venv/lib/python3.14/site-packages/rest_framework/views.py", line 526, in dispatch
    response = self.handle_exception(exc)
  File "/Users/rozhchenko/PycharmProjects/Book_shop/.venv/lib/python3.14/site-packages/rest_framework/views.py", line 474, in handle_exception
    self.raise_uncaught_exception(exc)
    ~~~~~~~~~~~~~~~~~~~~~~~~~~~~~^^^^^
  File "/Users/rozhchenko/PycharmProjects/Book_shop/.venv/lib/python3.14/site-packages/rest_framework/views.py", line 485, in raise_uncaught_exception
    raise exc
  File "/Users/rozhchenko/PycharmProjects/Book_shop/.venv/lib/python3.14/site-packages/rest_framework/views.py", line 514, in dispatch
    self.initial(request, *args, **kwargs)
    ~~~~~~~~~~~~^^^^^^^^^^^^^^^^^^^^^^^^^^
  File "/Users/rozhchenko/PycharmProjects/Book_shop/.venv/lib/python3.14/site-packages/rest_framework/views.py", line 421, in initial
    self.check_throttles(request)
    ~~~~~~~~~~~~~~~~~~~~^^^^^^^^^
  File "/Users/rozhchenko/PycharmProjects/Book_shop/.venv/lib/python3.14/site-packages/rest_framework/views.py", line 364, in check_throttles
    if not throttle.allow_request(request, self):
           ~~~~~~~~~~~~~~~~~~~~~~^^^^^^^^^^^^^^^
  File "/Users/rozhchenko/PycharmProjects/Book_shop/.venv/lib/python3.14/site-packages/rest_framework/throttling.py", line 123, in allow_request
    self.history = self.cache.get(self.key, [])
                   ~~~~~~~~~~~~~~^^^^^^^^^^^^^^
  File "/Users/rozhchenko/PycharmProjects/Book_shop/.venv/lib/python3.14/site-packages/django_redis/cache.py", line 117, in get
    value = self._get(key, default, version, client)
  File "/Users/rozhchenko/PycharmProjects/Book_shop/.venv/lib/python3.14/site-packages/django_redis/cache.py", line 55, in _decorator
    raise e.__cause__  # type: ignore[misc] # noqa: B904
    ^^^^^^^^^^^^^^^^^
  File "/Users/rozhchenko/PycharmProjects/Book_shop/.venv/lib/python3.14/site-packages/django_redis/client/default.py", line 360, in get
    value = client.get(key)
  File "/Users/rozhchenko/PycharmProjects/Book_shop/.venv/lib/python3.14/site-packages/redis/commands/core.py", line 3200, in get
    return self.execute_command("GET", name, keys=[name])
           ~~~~~~~~~~~~~~~~~~~~^^^^^^^^^^^^^^^^^^^^^^^^^^
  File "/Users/rozhchenko/PycharmProjects/Book_shop/.venv/lib/python3.14/site-packages/redis/client.py", line 867, in execute_command
    return self._execute_command(*args, **options)
           ~~~~~~~~~~~~~~~~~~~~~^^^^^^^^^^^^^^^^^^
  File "/Users/rozhchenko/PycharmProjects/Book_shop/.venv/lib/python3.14/site-packages/redis/client.py", line 873, in _execute_command
    conn = self.connection or pool.get_connection()
                              ~~~~~~~~~~~~~~~~~~~^^
  File "/Users/rozhchenko/PycharmProjects/Book_shop/.venv/lib/python3.14/site-packages/redis/utils.py", line 258, in wrapper
    return func(*args, **kwargs)
  File "/Users/rozhchenko/PycharmProjects/Book_shop/.venv/lib/python3.14/site-packages/redis/connection.py", line 3273, in get_connection
    connection.connect()
    ~~~~~~~~~~~~~~~~~~^^
  File "/Users/rozhchenko/PycharmProjects/Book_shop/.venv/lib/python3.14/site-packages/redis/connection.py", line 1028, in connect
    self.retry.call_with_retry(
    ~~~~~~~~~~~~~~~~~~~~~~~~~~^
        lambda: self.connect_check_health(
        ^^^^^^^^^^^^^^^^^^^^^^^^^^^^^^^^^^
    ...<2 lines>...
        lambda error: self.disconnect(error),
        ^^^^^^^^^^^^^^^^^^^^^^^^^^^^^^^^^^^^^
    )
    ^
  File "/Users/rozhchenko/PycharmProjects/Book_shop/.venv/lib/python3.14/site-packages/redis/retry.py", line 132, in call_with_retry
    raise error
  File "/Users/rozhchenko/PycharmProjects/Book_shop/.venv/lib/python3.14/site-packages/redis/retry.py", line 120, in call_with_retry
    return do()
  File "/Users/rozhchenko/PycharmProjects/Book_shop/.venv/lib/python3.14/site-packages/redis/connection.py", line 1029, in <lambda>
    lambda: self.connect_check_health(
            ~~~~~~~~~~~~~~~~~~~~~~~~~^
        check_health=True, retry_socket_connect=False
        ^^^^^^^^^^^^^^^^^^^^^^^^^^^^^^^^^^^^^^^^^^^^^
    ),
    ^
  File "/Users/rozhchenko/PycharmProjects/Book_shop/.venv/lib/python3.14/site-packages/redis/connection.py", line 1077, in connect_check_health
    raise e
redis.exceptions.ConnectionError: Error 8 connecting to redis:6379. nodename nor servname provided, or not known.
ERROR | 2026-09-10 08:08:46,638 | log | Internal Server Error: /
Traceback (most recent call last):
  File "/Users/rozhchenko/PycharmProjects/Book_shop/.venv/lib/python3.14/site-packages/django_redis/cache.py", line 48, in _decorator
    return method(self, *args, **kwargs)
  File "/Users/rozhchenko/PycharmProjects/Book_shop/.venv/lib/python3.14/site-packages/django_redis/cache.py", line 124, in _get
    return self.client.get(key, default=default, version=version, client=client)
           ~~~~~~~~~~~~~~~^^^^^^^^^^^^^^^^^^^^^^^^^^^^^^^^^^^^^^^^^^^^^^^^^^^^^^
  File "/Users/rozhchenko/PycharmProjects/Book_shop/.venv/lib/python3.14/site-packages/django_redis/client/default.py", line 362, in get
    raise ConnectionInterrupted(connection=client) from e
django_redis.exceptions.ConnectionInterrupted: Redis ConnectionError: Error 8 connecting to redis:6379. nodename nor servname provided, or not known.

During handling of the above exception, another exception occurred:

Traceback (most recent call last):
  File "/Users/rozhchenko/PycharmProjects/Book_shop/.venv/lib/python3.14/site-packages/django/core/handlers/exception.py", line 55, in inner
    response = get_response(request)
  File "/Users/rozhchenko/PycharmProjects/Book_shop/.venv/lib/python3.14/site-packages/django/core/handlers/base.py", line 198, in _get_response
    response = wrapped_callback(request, *callback_args, **callback_kwargs)
  File "/Users/rozhchenko/PycharmProjects/Book_shop/.venv/lib/python3.14/site-packages/asgiref/sync.py", line 325, in __call__
    return call_result.result()
           ~~~~~~~~~~~~~~~~~~^^
  File "/Library/Frameworks/Python.framework/Versions/3.14/lib/python3.14/concurrent/futures/_base.py", line 443, in result
    return self.__get_result()
           ~~~~~~~~~~~~~~~~~^^
  File "/Library/Frameworks/Python.framework/Versions/3.14/lib/python3.14/concurrent/futures/_base.py", line 395, in __get_result
    raise self._exception
  File "/Users/rozhchenko/PycharmProjects/Book_shop/.venv/lib/python3.14/site-packages/asgiref/sync.py", line 365, in main_wrap
    result = await awaitable
             ^^^^^^^^^^^^^^^
  File "/Users/rozhchenko/PycharmProjects/Book_shop/shop/views.py", line 61, in async_book_list
    return render(request, 'shop/book_list.html', context)
  File "/Users/rozhchenko/PycharmProjects/Book_shop/.venv/lib/python3.14/site-packages/django/shortcuts.py", line 25, in render
    content = loader.render_to_string(template_name, context, request, using=using)
  File "/Users/rozhchenko/PycharmProjects/Book_shop/.venv/lib/python3.14/site-packages/django/template/loader.py", line 62, in render_to_string
    return template.render(context, request)
           ~~~~~~~~~~~~~~~^^^^^^^^^^^^^^^^^^
  File "/Users/rozhchenko/PycharmProjects/Book_shop/.venv/lib/python3.14/site-packages/django/template/backends/django.py", line 107, in render
    return self.template.render(context)
           ~~~~~~~~~~~~~~~~~~~~^^^^^^^^^
  File "/Users/rozhchenko/PycharmProjects/Book_shop/.venv/lib/python3.14/site-packages/django/template/base.py", line 174, in render
    return self._render(context)
           ~~~~~~~~~~~~^^^^^^^^^
  File "/Users/rozhchenko/PycharmProjects/Book_shop/.venv/lib/python3.14/site-packages/django/test/utils.py", line 114, in instrumented_test_render
    return self.nodelist.render(context)
           ~~~~~~~~~~~~~~~~~~~~^^^^^^^^^
  File "/Users/rozhchenko/PycharmProjects/Book_shop/.venv/lib/python3.14/site-packages/django/template/base.py", line 1091, in render
    return SafeString("".join([node.render_annotated(context) for node in self]))
                               ~~~~~~~~~~~~~~~~~~~~~^^^^^^^^^
  File "/Users/rozhchenko/PycharmProjects/Book_shop/.venv/lib/python3.14/site-packages/django/template/base.py", line 1052, in render_annotated
    return self.render(context)
           ~~~~~~~~~~~^^^^^^^^^
  File "/Users/rozhchenko/PycharmProjects/Book_shop/.venv/lib/python3.14/site-packages/django/template/loader_tags.py", line 160, in render
    return compiled_parent._render(context)
           ~~~~~~~~~~~~~~~~~~~~~~~^^^^^^^^^
  File "/Users/rozhchenko/PycharmProjects/Book_shop/.venv/lib/python3.14/site-packages/django/test/utils.py", line 114, in instrumented_test_render
    return self.nodelist.render(context)
           ~~~~~~~~~~~~~~~~~~~~^^^^^^^^^
  File "/Users/rozhchenko/PycharmProjects/Book_shop/.venv/lib/python3.14/site-packages/django/template/base.py", line 1091, in render
    return SafeString("".join([node.render_annotated(context) for node in self]))
                               ~~~~~~~~~~~~~~~~~~~~~^^^^^^^^^
  File "/Users/rozhchenko/PycharmProjects/Book_shop/.venv/lib/python3.14/site-packages/django/template/base.py", line 1052, in render_annotated
    return self.render(context)
           ~~~~~~~~~~~^^^^^^^^^
  File "/Users/rozhchenko/PycharmProjects/Book_shop/.venv/lib/python3.14/site-packages/django/template/loader_tags.py", line 66, in render
    result = block.nodelist.render(context)
  File "/Users/rozhchenko/PycharmProjects/Book_shop/.venv/lib/python3.14/site-packages/django/template/base.py", line 1091, in render
    return SafeString("".join([node.render_annotated(context) for node in self]))
                               ~~~~~~~~~~~~~~~~~~~~~^^^^^^^^^
  File "/Users/rozhchenko/PycharmProjects/Book_shop/.venv/lib/python3.14/site-packages/django/template/base.py", line 1052, in render_annotated
    return self.render(context)
           ~~~~~~~~~~~^^^^^^^^^
  File "/Users/rozhchenko/PycharmProjects/Book_shop/.venv/lib/python3.14/site-packages/django/templatetags/cache.py", line 51, in render
    value = fragment_cache.get(cache_key)
  File "/Users/rozhchenko/PycharmProjects/Book_shop/.venv/lib/python3.14/site-packages/django_redis/cache.py", line 117, in get
    value = self._get(key, default, version, client)
  File "/Users/rozhchenko/PycharmProjects/Book_shop/.venv/lib/python3.14/site-packages/django_redis/cache.py", line 55, in _decorator
    raise e.__cause__  # type: ignore[misc] # noqa: B904
    ^^^^^^^^^^^^^^^^^
  File "/Users/rozhchenko/PycharmProjects/Book_shop/.venv/lib/python3.14/site-packages/django_redis/client/default.py", line 360, in get
    value = client.get(key)
  File "/Users/rozhchenko/PycharmProjects/Book_shop/.venv/lib/python3.14/site-packages/redis/commands/core.py", line 3200, in get
    return self.execute_command("GET", name, keys=[name])
           ~~~~~~~~~~~~~~~~~~~~^^^^^^^^^^^^^^^^^^^^^^^^^^
  File "/Users/rozhchenko/PycharmProjects/Book_shop/.venv/lib/python3.14/site-packages/redis/client.py", line 867, in execute_command
    return self._execute_command(*args, **options)
           ~~~~~~~~~~~~~~~~~~~~~^^^^^^^^^^^^^^^^^^
  File "/Users/rozhchenko/PycharmProjects/Book_shop/.venv/lib/python3.14/site-packages/redis/client.py", line 873, in _execute_command
    conn = self.connection or pool.get_connection()
                              ~~~~~~~~~~~~~~~~~~~^^
  File "/Users/rozhchenko/PycharmProjects/Book_shop/.venv/lib/python3.14/site-packages/redis/utils.py", line 258, in wrapper
    return func(*args, **kwargs)
  File "/Users/rozhchenko/PycharmProjects/Book_shop/.venv/lib/python3.14/site-packages/redis/connection.py", line 3273, in get_connection
    connection.connect()
    ~~~~~~~~~~~~~~~~~~^^
  File "/Users/rozhchenko/PycharmProjects/Book_shop/.venv/lib/python3.14/site-packages/redis/connection.py", line 1028, in connect
    self.retry.call_with_retry(
    ~~~~~~~~~~~~~~~~~~~~~~~~~~^
        lambda: self.connect_check_health(
        ^^^^^^^^^^^^^^^^^^^^^^^^^^^^^^^^^^
    ...<2 lines>...
        lambda error: self.disconnect(error),
        ^^^^^^^^^^^^^^^^^^^^^^^^^^^^^^^^^^^^^
    )
    ^
  File "/Users/rozhchenko/PycharmProjects/Book_shop/.venv/lib/python3.14/site-packages/redis/retry.py", line 132, in call_with_retry
    raise error
  File "/Users/rozhchenko/PycharmProjects/Book_shop/.venv/lib/python3.14/site-packages/redis/retry.py", line 120, in call_with_retry
    return do()
  File "/Users/rozhchenko/PycharmProjects/Book_shop/.venv/lib/python3.14/site-packages/redis/connection.py", line 1029, in <lambda>
    lambda: self.connect_check_health(
            ~~~~~~~~~~~~~~~~~~~~~~~~~^
        check_health=True, retry_socket_connect=False
        ^^^^^^^^^^^^^^^^^^^^^^^^^^^^^^^^^^^^^^^^^^^^^
    ),
    ^
  File "/Users/rozhchenko/PycharmProjects/Book_shop/.venv/lib/python3.14/site-packages/redis/connection.py", line 1077, in connect_check_health
    raise e
redis.exceptions.ConnectionError: Error 8 connecting to redis:6379. nodename nor servname provided, or not known.
WARNING | 2026-09-10 08:08:47,969 | log | Not Found: /books/999
WARNING | 2026-09-10 08:08:52,250 | log | Forbidden (Permission denied): /books/add
Traceback (most recent call last):
  File "/Users/rozhchenko/PycharmProjects/Book_shop/.venv/lib/python3.14/site-packages/django/core/handlers/exception.py", line 55, in inner
    response = get_response(request)
  File "/Users/rozhchenko/PycharmProjects/Book_shop/.venv/lib/python3.14/site-packages/django/core/handlers/base.py", line 198, in _get_response
    response = wrapped_callback(request, *callback_args, **callback_kwargs)
  File "/Users/rozhchenko/PycharmProjects/Book_shop/.venv/lib/python3.14/site-packages/django/views/generic/base.py", line 106, in view
    return self.dispatch(request, *args, **kwargs)
           ~~~~~~~~~~~~~^^^^^^^^^^^^^^^^^^^^^^^^^^
  File "/Users/rozhchenko/PycharmProjects/Book_shop/.venv/lib/python3.14/site-packages/django/contrib/auth/mixins.py", line 135, in dispatch
    return self.handle_no_permission()
           ~~~~~~~~~~~~~~~~~~~~~~~~~^^
  File "/Users/rozhchenko/PycharmProjects/Book_shop/.venv/lib/python3.14/site-packages/django/contrib/auth/mixins.py", line 49, in handle_no_permission
    raise PermissionDenied(self.get_permission_denied_message())
django.core.exceptions.PermissionDenied
WARNING | 2026-09-10 08:08:56,007 | log | Not Found: /non-existent-url-12345/
ERROR | 2026-09-10 08:11:02,195 | log | Internal Server Error: /api/books/
Traceback (most recent call last):
  File "/Users/rozhchenko/PycharmProjects/Book_shop/.venv/lib/python3.14/site-packages/django_redis/cache.py", line 48, in _decorator
    return method(self, *args, **kwargs)
  File "/Users/rozhchenko/PycharmProjects/Book_shop/.venv/lib/python3.14/site-packages/django_redis/cache.py", line 124, in _get
    return self.client.get(key, default=default, version=version, client=client)
           ~~~~~~~~~~~~~~~^^^^^^^^^^^^^^^^^^^^^^^^^^^^^^^^^^^^^^^^^^^^^^^^^^^^^^
  File "/Users/rozhchenko/PycharmProjects/Book_shop/.venv/lib/python3.14/site-packages/django_redis/client/default.py", line 362, in get
    raise ConnectionInterrupted(connection=client) from e
django_redis.exceptions.ConnectionInterrupted: Redis ConnectionError: Error 8 connecting to redis:6379. nodename nor servname provided, or not known.

During handling of the above exception, another exception occurred:

Traceback (most recent call last):
  File "/Users/rozhchenko/PycharmProjects/Book_shop/.venv/lib/python3.14/site-packages/django/core/handlers/exception.py", line 55, in inner
    response = get_response(request)
  File "/Users/rozhchenko/PycharmProjects/Book_shop/.venv/lib/python3.14/site-packages/django/core/handlers/base.py", line 198, in _get_response
    response = wrapped_callback(request, *callback_args, **callback_kwargs)
  File "/Users/rozhchenko/PycharmProjects/Book_shop/.venv/lib/python3.14/site-packages/django/views/decorators/csrf.py", line 65, in _view_wrapper
    return view_func(request, *args, **kwargs)
  File "/Users/rozhchenko/PycharmProjects/Book_shop/.venv/lib/python3.14/site-packages/rest_framework/viewsets.py", line 124, in view
    return self.dispatch(request, *args, **kwargs)
           ~~~~~~~~~~~~~^^^^^^^^^^^^^^^^^^^^^^^^^^
  File "/Users/rozhchenko/PycharmProjects/Book_shop/.venv/lib/python3.14/site-packages/rest_framework/views.py", line 526, in dispatch
    response = self.handle_exception(exc)
  File "/Users/rozhchenko/PycharmProjects/Book_shop/.venv/lib/python3.14/site-packages/rest_framework/views.py", line 474, in handle_exception
    self.raise_uncaught_exception(exc)
    ~~~~~~~~~~~~~~~~~~~~~~~~~~~~~^^^^^
  File "/Users/rozhchenko/PycharmProjects/Book_shop/.venv/lib/python3.14/site-packages/rest_framework/views.py", line 485, in raise_uncaught_exception
    raise exc
  File "/Users/rozhchenko/PycharmProjects/Book_shop/.venv/lib/python3.14/site-packages/rest_framework/views.py", line 514, in dispatch
    self.initial(request, *args, **kwargs)
    ~~~~~~~~~~~~^^^^^^^^^^^^^^^^^^^^^^^^^^
  File "/Users/rozhchenko/PycharmProjects/Book_shop/.venv/lib/python3.14/site-packages/rest_framework/views.py", line 421, in initial
    self.check_throttles(request)
    ~~~~~~~~~~~~~~~~~~~~^^^^^^^^^
  File "/Users/rozhchenko/PycharmProjects/Book_shop/.venv/lib/python3.14/site-packages/rest_framework/views.py", line 364, in check_throttles
    if not throttle.allow_request(request, self):
           ~~~~~~~~~~~~~~~~~~~~~~^^^^^^^^^^^^^^^
  File "/Users/rozhchenko/PycharmProjects/Book_shop/.venv/lib/python3.14/site-packages/rest_framework/throttling.py", line 123, in allow_request
    self.history = self.cache.get(self.key, [])
                   ~~~~~~~~~~~~~~^^^^^^^^^^^^^^
  File "/Users/rozhchenko/PycharmProjects/Book_shop/.venv/lib/python3.14/site-packages/django_redis/cache.py", line 117, in get
    value = self._get(key, default, version, client)
  File "/Users/rozhchenko/PycharmProjects/Book_shop/.venv/lib/python3.14/site-packages/django_redis/cache.py", line 55, in _decorator
    raise e.__cause__  # type: ignore[misc] # noqa: B904
    ^^^^^^^^^^^^^^^^^
  File "/Users/rozhchenko/PycharmProjects/Book_shop/.venv/lib/python3.14/site-packages/django_redis/client/default.py", line 360, in get
    value = client.get(key)
  File "/Users/rozhchenko/PycharmProjects/Book_shop/.venv/lib/python3.14/site-packages/redis/commands/core.py", line 3200, in get
    return self.execute_command("GET", name, keys=[name])
           ~~~~~~~~~~~~~~~~~~~~^^^^^^^^^^^^^^^^^^^^^^^^^^
  File "/Users/rozhchenko/PycharmProjects/Book_shop/.venv/lib/python3.14/site-packages/redis/client.py", line 867, in execute_command
    return self._execute_command(*args, **options)
           ~~~~~~~~~~~~~~~~~~~~~^^^^^^^^^^^^^^^^^^
  File "/Users/rozhchenko/PycharmProjects/Book_shop/.venv/lib/python3.14/site-packages/redis/client.py", line 873, in _execute_command
    conn = self.connection or pool.get_connection()
                              ~~~~~~~~~~~~~~~~~~~^^
  File "/Users/rozhchenko/PycharmProjects/Book_shop/.venv/lib/python3.14/site-packages/redis/utils.py", line 258, in wrapper
    return func(*args, **kwargs)
  File "/Users/rozhchenko/PycharmProjects/Book_shop/.venv/lib/python3.14/site-packages/redis/connection.py", line 3273, in get_connection
    connection.connect()
    ~~~~~~~~~~~~~~~~~~^^
  File "/Users/rozhchenko/PycharmProjects/Book_shop/.venv/lib/python3.14/site-packages/redis/connection.py", line 1028, in connect
    self.retry.call_with_retry(
    ~~~~~~~~~~~~~~~~~~~~~~~~~~^
        lambda: self.connect_check_health(
        ^^^^^^^^^^^^^^^^^^^^^^^^^^^^^^^^^^
    ...<2 lines>...
        lambda error: self.disconnect(error),
        ^^^^^^^^^^^^^^^^^^^^^^^^^^^^^^^^^^^^^
    )
    ^
  File "/Users/rozhchenko/PycharmProjects/Book_shop/.venv/lib/python3.14/site-packages/redis/retry.py", line 132, in call_with_retry
    raise error
  File "/Users/rozhchenko/PycharmProjects/Book_shop/.venv/lib/python3.14/site-packages/redis/retry.py", line 120, in call_with_retry
    return do()
  File "/Users/rozhchenko/PycharmProjects/Book_shop/.venv/lib/python3.14/site-packages/redis/connection.py", line 1029, in <lambda>
    lambda: self.connect_check_health(
            ~~~~~~~~~~~~~~~~~~~~~~~~~^
        check_health=True, retry_socket_connect=False
        ^^^^^^^^^^^^^^^^^^^^^^^^^^^^^^^^^^^^^^^^^^^^^
    ),
    ^
  File "/Users/rozhchenko/PycharmProjects/Book_shop/.venv/lib/python3.14/site-packages/redis/connection.py", line 1077, in connect_check_health
    raise e
redis.exceptions.ConnectionError: Error 8 connecting to redis:6379. nodename nor servname provided, or not known.
ERROR | 2026-09-10 08:11:03,058 | log | Internal Server Error: /api/categories/
Traceback (most recent call last):
  File "/Users/rozhchenko/PycharmProjects/Book_shop/.venv/lib/python3.14/site-packages/django_redis/cache.py", line 48, in _decorator
    return method(self, *args, **kwargs)
  File "/Users/rozhchenko/PycharmProjects/Book_shop/.venv/lib/python3.14/site-packages/django_redis/cache.py", line 124, in _get
    return self.client.get(key, default=default, version=version, client=client)
           ~~~~~~~~~~~~~~~^^^^^^^^^^^^^^^^^^^^^^^^^^^^^^^^^^^^^^^^^^^^^^^^^^^^^^
  File "/Users/rozhchenko/PycharmProjects/Book_shop/.venv/lib/python3.14/site-packages/django_redis/client/default.py", line 362, in get
    raise ConnectionInterrupted(connection=client) from e
django_redis.exceptions.ConnectionInterrupted: Redis ConnectionError: Error 8 connecting to redis:6379. nodename nor servname provided, or not known.

During handling of the above exception, another exception occurred:

Traceback (most recent call last):
  File "/Users/rozhchenko/PycharmProjects/Book_shop/.venv/lib/python3.14/site-packages/django/core/handlers/exception.py", line 55, in inner
    response = get_response(request)
  File "/Users/rozhchenko/PycharmProjects/Book_shop/.venv/lib/python3.14/site-packages/django/core/handlers/base.py", line 198, in _get_response
    response = wrapped_callback(request, *callback_args, **callback_kwargs)
  File "/Users/rozhchenko/PycharmProjects/Book_shop/.venv/lib/python3.14/site-packages/django/views/decorators/csrf.py", line 65, in _view_wrapper
    return view_func(request, *args, **kwargs)
  File "/Users/rozhchenko/PycharmProjects/Book_shop/.venv/lib/python3.14/site-packages/rest_framework/viewsets.py", line 124, in view
    return self.dispatch(request, *args, **kwargs)
           ~~~~~~~~~~~~~^^^^^^^^^^^^^^^^^^^^^^^^^^
  File "/Users/rozhchenko/PycharmProjects/Book_shop/.venv/lib/python3.14/site-packages/rest_framework/views.py", line 526, in dispatch
    response = self.handle_exception(exc)
  File "/Users/rozhchenko/PycharmProjects/Book_shop/.venv/lib/python3.14/site-packages/rest_framework/views.py", line 474, in handle_exception
    self.raise_uncaught_exception(exc)
    ~~~~~~~~~~~~~~~~~~~~~~~~~~~~~^^^^^
  File "/Users/rozhchenko/PycharmProjects/Book_shop/.venv/lib/python3.14/site-packages/rest_framework/views.py", line 485, in raise_uncaught_exception
    raise exc
  File "/Users/rozhchenko/PycharmProjects/Book_shop/.venv/lib/python3.14/site-packages/rest_framework/views.py", line 514, in dispatch
    self.initial(request, *args, **kwargs)
    ~~~~~~~~~~~~^^^^^^^^^^^^^^^^^^^^^^^^^^
  File "/Users/rozhchenko/PycharmProjects/Book_shop/.venv/lib/python3.14/site-packages/rest_framework/views.py", line 421, in initial
    self.check_throttles(request)
    ~~~~~~~~~~~~~~~~~~~~^^^^^^^^^
  File "/Users/rozhchenko/PycharmProjects/Book_shop/.venv/lib/python3.14/site-packages/rest_framework/views.py", line 364, in check_throttles
    if not throttle.allow_request(request, self):
           ~~~~~~~~~~~~~~~~~~~~~~^^^^^^^^^^^^^^^
  File "/Users/rozhchenko/PycharmProjects/Book_shop/.venv/lib/python3.14/site-packages/rest_framework/throttling.py", line 123, in allow_request
    self.history = self.cache.get(self.key, [])
                   ~~~~~~~~~~~~~~^^^^^^^^^^^^^^
  File "/Users/rozhchenko/PycharmProjects/Book_shop/.venv/lib/python3.14/site-packages/django_redis/cache.py", line 117, in get
    value = self._get(key, default, version, client)
  File "/Users/rozhchenko/PycharmProjects/Book_shop/.venv/lib/python3.14/site-packages/django_redis/cache.py", line 55, in _decorator
    raise e.__cause__  # type: ignore[misc] # noqa: B904
    ^^^^^^^^^^^^^^^^^
  File "/Users/rozhchenko/PycharmProjects/Book_shop/.venv/lib/python3.14/site-packages/django_redis/client/default.py", line 360, in get
    value = client.get(key)
  File "/Users/rozhchenko/PycharmProjects/Book_shop/.venv/lib/python3.14/site-packages/redis/commands/core.py", line 3200, in get
    return self.execute_command("GET", name, keys=[name])
           ~~~~~~~~~~~~~~~~~~~~^^^^^^^^^^^^^^^^^^^^^^^^^^
  File "/Users/rozhchenko/PycharmProjects/Book_shop/.venv/lib/python3.14/site-packages/redis/client.py", line 867, in execute_command
    return self._execute_command(*args, **options)
           ~~~~~~~~~~~~~~~~~~~~~^^^^^^^^^^^^^^^^^^
  File "/Users/rozhchenko/PycharmProjects/Book_shop/.venv/lib/python3.14/site-packages/redis/client.py", line 873, in _execute_command
    conn = self.connection or pool.get_connection()
                              ~~~~~~~~~~~~~~~~~~~^^
  File "/Users/rozhchenko/PycharmProjects/Book_shop/.venv/lib/python3.14/site-packages/redis/utils.py", line 258, in wrapper
    return func(*args, **kwargs)
  File "/Users/rozhchenko/PycharmProjects/Book_shop/.venv/lib/python3.14/site-packages/redis/connection.py", line 3273, in get_connection
    connection.connect()
    ~~~~~~~~~~~~~~~~~~^^
  File "/Users/rozhchenko/PycharmProjects/Book_shop/.venv/lib/python3.14/site-packages/redis/connection.py", line 1028, in connect
    self.retry.call_with_retry(
    ~~~~~~~~~~~~~~~~~~~~~~~~~~^
        lambda: self.connect_check_health(
        ^^^^^^^^^^^^^^^^^^^^^^^^^^^^^^^^^^
    ...<2 lines>...
        lambda error: self.disconnect(error),
        ^^^^^^^^^^^^^^^^^^^^^^^^^^^^^^^^^^^^^
    )
    ^
  File "/Users/rozhchenko/PycharmProjects/Book_shop/.venv/lib/python3.14/site-packages/redis/retry.py", line 132, in call_with_retry
    raise error
  File "/Users/rozhchenko/PycharmProjects/Book_shop/.venv/lib/python3.14/site-packages/redis/retry.py", line 120, in call_with_retry
    return do()
  File "/Users/rozhchenko/PycharmProjects/Book_shop/.venv/lib/python3.14/site-packages/redis/connection.py", line 1029, in <lambda>
    lambda: self.connect_check_health(
            ~~~~~~~~~~~~~~~~~~~~~~~~~^
        check_health=True, retry_socket_connect=False
        ^^^^^^^^^^^^^^^^^^^^^^^^^^^^^^^^^^^^^^^^^^^^^
    ),
    ^
  File "/Users/rozhchenko/PycharmProjects/Book_shop/.venv/lib/python3.14/site-packages/redis/connection.py", line 1077, in connect_check_health
    raise e
redis.exceptions.ConnectionError: Error 8 connecting to redis:6379. nodename nor servname provided, or not known.
ERROR | 2026-09-10 08:11:03,698 | log | Internal Server Error: /api/docs/
Traceback (most recent call last):
  File "/Users/rozhchenko/PycharmProjects/Book_shop/.venv/lib/python3.14/site-packages/django_redis/cache.py", line 48, in _decorator
    return method(self, *args, **kwargs)
  File "/Users/rozhchenko/PycharmProjects/Book_shop/.venv/lib/python3.14/site-packages/django_redis/cache.py", line 124, in _get
    return self.client.get(key, default=default, version=version, client=client)
           ~~~~~~~~~~~~~~~^^^^^^^^^^^^^^^^^^^^^^^^^^^^^^^^^^^^^^^^^^^^^^^^^^^^^^
  File "/Users/rozhchenko/PycharmProjects/Book_shop/.venv/lib/python3.14/site-packages/django_redis/client/default.py", line 362, in get
    raise ConnectionInterrupted(connection=client) from e
django_redis.exceptions.ConnectionInterrupted: Redis ConnectionError: Error 8 connecting to redis:6379. nodename nor servname provided, or not known.

During handling of the above exception, another exception occurred:

Traceback (most recent call last):
  File "/Users/rozhchenko/PycharmProjects/Book_shop/.venv/lib/python3.14/site-packages/django/core/handlers/exception.py", line 55, in inner
    response = get_response(request)
  File "/Users/rozhchenko/PycharmProjects/Book_shop/.venv/lib/python3.14/site-packages/django/core/handlers/base.py", line 198, in _get_response
    response = wrapped_callback(request, *callback_args, **callback_kwargs)
  File "/Users/rozhchenko/PycharmProjects/Book_shop/.venv/lib/python3.14/site-packages/django/views/decorators/csrf.py", line 65, in _view_wrapper
    return view_func(request, *args, **kwargs)
  File "/Users/rozhchenko/PycharmProjects/Book_shop/.venv/lib/python3.14/site-packages/django/views/generic/base.py", line 106, in view
    return self.dispatch(request, *args, **kwargs)
           ~~~~~~~~~~~~~^^^^^^^^^^^^^^^^^^^^^^^^^^
  File "/Users/rozhchenko/PycharmProjects/Book_shop/.venv/lib/python3.14/site-packages/rest_framework/views.py", line 526, in dispatch
    response = self.handle_exception(exc)
  File "/Users/rozhchenko/PycharmProjects/Book_shop/.venv/lib/python3.14/site-packages/rest_framework/views.py", line 474, in handle_exception
    self.raise_uncaught_exception(exc)
    ~~~~~~~~~~~~~~~~~~~~~~~~~~~~~^^^^^
  File "/Users/rozhchenko/PycharmProjects/Book_shop/.venv/lib/python3.14/site-packages/rest_framework/views.py", line 485, in raise_uncaught_exception
    raise exc
  File "/Users/rozhchenko/PycharmProjects/Book_shop/.venv/lib/python3.14/site-packages/rest_framework/views.py", line 514, in dispatch
    self.initial(request, *args, **kwargs)
    ~~~~~~~~~~~~^^^^^^^^^^^^^^^^^^^^^^^^^^
  File "/Users/rozhchenko/PycharmProjects/Book_shop/.venv/lib/python3.14/site-packages/rest_framework/views.py", line 421, in initial
    self.check_throttles(request)
    ~~~~~~~~~~~~~~~~~~~~^^^^^^^^^
  File "/Users/rozhchenko/PycharmProjects/Book_shop/.venv/lib/python3.14/site-packages/rest_framework/views.py", line 364, in check_throttles
    if not throttle.allow_request(request, self):
           ~~~~~~~~~~~~~~~~~~~~~~^^^^^^^^^^^^^^^
  File "/Users/rozhchenko/PycharmProjects/Book_shop/.venv/lib/python3.14/site-packages/rest_framework/throttling.py", line 123, in allow_request
    self.history = self.cache.get(self.key, [])
                   ~~~~~~~~~~~~~~^^^^^^^^^^^^^^
  File "/Users/rozhchenko/PycharmProjects/Book_shop/.venv/lib/python3.14/site-packages/django_redis/cache.py", line 117, in get
    value = self._get(key, default, version, client)
  File "/Users/rozhchenko/PycharmProjects/Book_shop/.venv/lib/python3.14/site-packages/django_redis/cache.py", line 55, in _decorator
    raise e.__cause__  # type: ignore[misc] # noqa: B904
    ^^^^^^^^^^^^^^^^^
  File "/Users/rozhchenko/PycharmProjects/Book_shop/.venv/lib/python3.14/site-packages/django_redis/client/default.py", line 360, in get
    value = client.get(key)
  File "/Users/rozhchenko/PycharmProjects/Book_shop/.venv/lib/python3.14/site-packages/redis/commands/core.py", line 3200, in get
    return self.execute_command("GET", name, keys=[name])
           ~~~~~~~~~~~~~~~~~~~~^^^^^^^^^^^^^^^^^^^^^^^^^^
  File "/Users/rozhchenko/PycharmProjects/Book_shop/.venv/lib/python3.14/site-packages/redis/client.py", line 867, in execute_command
    return self._execute_command(*args, **options)
           ~~~~~~~~~~~~~~~~~~~~~^^^^^^^^^^^^^^^^^^
  File "/Users/rozhchenko/PycharmProjects/Book_shop/.venv/lib/python3.14/site-packages/redis/client.py", line 873, in _execute_command
    conn = self.connection or pool.get_connection()
                              ~~~~~~~~~~~~~~~~~~~^^
  File "/Users/rozhchenko/PycharmProjects/Book_shop/.venv/lib/python3.14/site-packages/redis/utils.py", line 258, in wrapper
    return func(*args, **kwargs)
  File "/Users/rozhchenko/PycharmProjects/Book_shop/.venv/lib/python3.14/site-packages/redis/connection.py", line 3273, in get_connection
    connection.connect()
    ~~~~~~~~~~~~~~~~~~^^
  File "/Users/rozhchenko/PycharmProjects/Book_shop/.venv/lib/python3.14/site-packages/redis/connection.py", line 1028, in connect
    self.retry.call_with_retry(
    ~~~~~~~~~~~~~~~~~~~~~~~~~~^
        lambda: self.connect_check_health(
        ^^^^^^^^^^^^^^^^^^^^^^^^^^^^^^^^^^
    ...<2 lines>...
        lambda error: self.disconnect(error),
        ^^^^^^^^^^^^^^^^^^^^^^^^^^^^^^^^^^^^^
    )
    ^
  File "/Users/rozhchenko/PycharmProjects/Book_shop/.venv/lib/python3.14/site-packages/redis/retry.py", line 132, in call_with_retry
    raise error
  File "/Users/rozhchenko/PycharmProjects/Book_shop/.venv/lib/python3.14/site-packages/redis/retry.py", line 120, in call_with_retry
    return do()
  File "/Users/rozhchenko/PycharmProjects/Book_shop/.venv/lib/python3.14/site-packages/redis/connection.py", line 1029, in <lambda>
    lambda: self.connect_check_health(
            ~~~~~~~~~~~~~~~~~~~~~~~~~^
        check_health=True, retry_socket_connect=False
        ^^^^^^^^^^^^^^^^^^^^^^^^^^^^^^^^^^^^^^^^^^^^^
    ),
    ^
  File "/Users/rozhchenko/PycharmProjects/Book_shop/.venv/lib/python3.14/site-packages/redis/connection.py", line 1077, in connect_check_health
    raise e
redis.exceptions.ConnectionError: Error 8 connecting to redis:6379. nodename nor servname provided, or not known.
WARNING | 2026-09-10 08:11:04,331 | log | Unauthorized: /api/orders/
WARNING | 2026-09-10 08:11:04,366 | log | Unauthorized: /api/carts/
ERROR | 2026-09-10 08:11:05,682 | log | Internal Server Error: /api/orders/
Traceback (most recent call last):
  File "/Users/rozhchenko/PycharmProjects/Book_shop/.venv/lib/python3.14/site-packages/django_redis/cache.py", line 48, in _decorator
    return method(self, *args, **kwargs)
  File "/Users/rozhchenko/PycharmProjects/Book_shop/.venv/lib/python3.14/site-packages/django_redis/cache.py", line 124, in _get
    return self.client.get(key, default=default, version=version, client=client)
           ~~~~~~~~~~~~~~~^^^^^^^^^^^^^^^^^^^^^^^^^^^^^^^^^^^^^^^^^^^^^^^^^^^^^^
  File "/Users/rozhchenko/PycharmProjects/Book_shop/.venv/lib/python3.14/site-packages/django_redis/client/default.py", line 362, in get
    raise ConnectionInterrupted(connection=client) from e
django_redis.exceptions.ConnectionInterrupted: Redis ConnectionError: Error 8 connecting to redis:6379. nodename nor servname provided, or not known.

During handling of the above exception, another exception occurred:

Traceback (most recent call last):
  File "/Users/rozhchenko/PycharmProjects/Book_shop/.venv/lib/python3.14/site-packages/django/core/handlers/exception.py", line 55, in inner
    response = get_response(request)
  File "/Users/rozhchenko/PycharmProjects/Book_shop/.venv/lib/python3.14/site-packages/django/core/handlers/base.py", line 198, in _get_response
    response = wrapped_callback(request, *callback_args, **callback_kwargs)
  File "/Users/rozhchenko/PycharmProjects/Book_shop/.venv/lib/python3.14/site-packages/django/views/decorators/csrf.py", line 65, in _view_wrapper
    return view_func(request, *args, **kwargs)
  File "/Users/rozhchenko/PycharmProjects/Book_shop/.venv/lib/python3.14/site-packages/rest_framework/viewsets.py", line 124, in view
    return self.dispatch(request, *args, **kwargs)
           ~~~~~~~~~~~~~^^^^^^^^^^^^^^^^^^^^^^^^^^
  File "/Users/rozhchenko/PycharmProjects/Book_shop/.venv/lib/python3.14/site-packages/rest_framework/views.py", line 526, in dispatch
    response = self.handle_exception(exc)
  File "/Users/rozhchenko/PycharmProjects/Book_shop/.venv/lib/python3.14/site-packages/rest_framework/views.py", line 474, in handle_exception
    self.raise_uncaught_exception(exc)
    ~~~~~~~~~~~~~~~~~~~~~~~~~~~~~^^^^^
  File "/Users/rozhchenko/PycharmProjects/Book_shop/.venv/lib/python3.14/site-packages/rest_framework/views.py", line 485, in raise_uncaught_exception
    raise exc
  File "/Users/rozhchenko/PycharmProjects/Book_shop/.venv/lib/python3.14/site-packages/rest_framework/views.py", line 514, in dispatch
    self.initial(request, *args, **kwargs)
    ~~~~~~~~~~~~^^^^^^^^^^^^^^^^^^^^^^^^^^
  File "/Users/rozhchenko/PycharmProjects/Book_shop/.venv/lib/python3.14/site-packages/rest_framework/views.py", line 421, in initial
    self.check_throttles(request)
    ~~~~~~~~~~~~~~~~~~~~^^^^^^^^^
  File "/Users/rozhchenko/PycharmProjects/Book_shop/.venv/lib/python3.14/site-packages/rest_framework/views.py", line 364, in check_throttles
    if not throttle.allow_request(request, self):
           ~~~~~~~~~~~~~~~~~~~~~~^^^^^^^^^^^^^^^
  File "/Users/rozhchenko/PycharmProjects/Book_shop/.venv/lib/python3.14/site-packages/rest_framework/throttling.py", line 123, in allow_request
    self.history = self.cache.get(self.key, [])
                   ~~~~~~~~~~~~~~^^^^^^^^^^^^^^
  File "/Users/rozhchenko/PycharmProjects/Book_shop/.venv/lib/python3.14/site-packages/django_redis/cache.py", line 117, in get
    value = self._get(key, default, version, client)
  File "/Users/rozhchenko/PycharmProjects/Book_shop/.venv/lib/python3.14/site-packages/django_redis/cache.py", line 55, in _decorator
    raise e.__cause__  # type: ignore[misc] # noqa: B904
    ^^^^^^^^^^^^^^^^^
  File "/Users/rozhchenko/PycharmProjects/Book_shop/.venv/lib/python3.14/site-packages/django_redis/client/default.py", line 360, in get
    value = client.get(key)
  File "/Users/rozhchenko/PycharmProjects/Book_shop/.venv/lib/python3.14/site-packages/redis/commands/core.py", line 3200, in get
    return self.execute_command("GET", name, keys=[name])
           ~~~~~~~~~~~~~~~~~~~~^^^^^^^^^^^^^^^^^^^^^^^^^^
  File "/Users/rozhchenko/PycharmProjects/Book_shop/.venv/lib/python3.14/site-packages/redis/client.py", line 867, in execute_command
    return self._execute_command(*args, **options)
           ~~~~~~~~~~~~~~~~~~~~~^^^^^^^^^^^^^^^^^^
  File "/Users/rozhchenko/PycharmProjects/Book_shop/.venv/lib/python3.14/site-packages/redis/client.py", line 873, in _execute_command
    conn = self.connection or pool.get_connection()
                              ~~~~~~~~~~~~~~~~~~~^^
  File "/Users/rozhchenko/PycharmProjects/Book_shop/.venv/lib/python3.14/site-packages/redis/utils.py", line 258, in wrapper
    return func(*args, **kwargs)
  File "/Users/rozhchenko/PycharmProjects/Book_shop/.venv/lib/python3.14/site-packages/redis/connection.py", line 3273, in get_connection
    connection.connect()
    ~~~~~~~~~~~~~~~~~~^^
  File "/Users/rozhchenko/PycharmProjects/Book_shop/.venv/lib/python3.14/site-packages/redis/connection.py", line 1028, in connect
    self.retry.call_with_retry(
    ~~~~~~~~~~~~~~~~~~~~~~~~~~^
        lambda: self.connect_check_health(
        ^^^^^^^^^^^^^^^^^^^^^^^^^^^^^^^^^^
    ...<2 lines>...
        lambda error: self.disconnect(error),
        ^^^^^^^^^^^^^^^^^^^^^^^^^^^^^^^^^^^^^
    )
    ^
  File "/Users/rozhchenko/PycharmProjects/Book_shop/.venv/lib/python3.14/site-packages/redis/retry.py", line 132, in call_with_retry
    raise error
  File "/Users/rozhchenko/PycharmProjects/Book_shop/.venv/lib/python3.14/site-packages/redis/retry.py", line 120, in call_with_retry
    return do()
  File "/Users/rozhchenko/PycharmProjects/Book_shop/.venv/lib/python3.14/site-packages/redis/connection.py", line 1029, in <lambda>
    lambda: self.connect_check_health(
            ~~~~~~~~~~~~~~~~~~~~~~~~~^
        check_health=True, retry_socket_connect=False
        ^^^^^^^^^^^^^^^^^^^^^^^^^^^^^^^^^^^^^^^^^^^^^
    ),
    ^
  File "/Users/rozhchenko/PycharmProjects/Book_shop/.venv/lib/python3.14/site-packages/redis/connection.py", line 1077, in connect_check_health
    raise e
redis.exceptions.ConnectionError: Error 8 connecting to redis:6379. nodename nor servname provided, or not known.
ERROR | 2026-09-10 08:11:07,576 | log | Internal Server Error: /api/carts/
Traceback (most recent call last):
  File "/Users/rozhchenko/PycharmProjects/Book_shop/.venv/lib/python3.14/site-packages/django_redis/cache.py", line 48, in _decorator
    return method(self, *args, **kwargs)
  File "/Users/rozhchenko/PycharmProjects/Book_shop/.venv/lib/python3.14/site-packages/django_redis/cache.py", line 124, in _get
    return self.client.get(key, default=default, version=version, client=client)
           ~~~~~~~~~~~~~~~^^^^^^^^^^^^^^^^^^^^^^^^^^^^^^^^^^^^^^^^^^^^^^^^^^^^^^
  File "/Users/rozhchenko/PycharmProjects/Book_shop/.venv/lib/python3.14/site-packages/django_redis/client/default.py", line 362, in get
    raise ConnectionInterrupted(connection=client) from e
django_redis.exceptions.ConnectionInterrupted: Redis ConnectionError: Error 8 connecting to redis:6379. nodename nor servname provided, or not known.

During handling of the above exception, another exception occurred:

Traceback (most recent call last):
  File "/Users/rozhchenko/PycharmProjects/Book_shop/.venv/lib/python3.14/site-packages/django/core/handlers/exception.py", line 55, in inner
    response = get_response(request)
  File "/Users/rozhchenko/PycharmProjects/Book_shop/.venv/lib/python3.14/site-packages/django/core/handlers/base.py", line 198, in _get_response
    response = wrapped_callback(request, *callback_args, **callback_kwargs)
  File "/Users/rozhchenko/PycharmProjects/Book_shop/.venv/lib/python3.14/site-packages/django/views/decorators/csrf.py", line 65, in _view_wrapper
    return view_func(request, *args, **kwargs)
  File "/Users/rozhchenko/PycharmProjects/Book_shop/.venv/lib/python3.14/site-packages/rest_framework/viewsets.py", line 124, in view
    return self.dispatch(request, *args, **kwargs)
           ~~~~~~~~~~~~~^^^^^^^^^^^^^^^^^^^^^^^^^^
  File "/Users/rozhchenko/PycharmProjects/Book_shop/.venv/lib/python3.14/site-packages/rest_framework/views.py", line 526, in dispatch
    response = self.handle_exception(exc)
  File "/Users/rozhchenko/PycharmProjects/Book_shop/.venv/lib/python3.14/site-packages/rest_framework/views.py", line 474, in handle_exception
    self.raise_uncaught_exception(exc)
    ~~~~~~~~~~~~~~~~~~~~~~~~~~~~~^^^^^
  File "/Users/rozhchenko/PycharmProjects/Book_shop/.venv/lib/python3.14/site-packages/rest_framework/views.py", line 485, in raise_uncaught_exception
    raise exc
  File "/Users/rozhchenko/PycharmProjects/Book_shop/.venv/lib/python3.14/site-packages/rest_framework/views.py", line 514, in dispatch
    self.initial(request, *args, **kwargs)
    ~~~~~~~~~~~~^^^^^^^^^^^^^^^^^^^^^^^^^^
  File "/Users/rozhchenko/PycharmProjects/Book_shop/.venv/lib/python3.14/site-packages/rest_framework/views.py", line 421, in initial
    self.check_throttles(request)
    ~~~~~~~~~~~~~~~~~~~~^^^^^^^^^
  File "/Users/rozhchenko/PycharmProjects/Book_shop/.venv/lib/python3.14/site-packages/rest_framework/views.py", line 364, in check_throttles
    if not throttle.allow_request(request, self):
           ~~~~~~~~~~~~~~~~~~~~~~^^^^^^^^^^^^^^^
  File "/Users/rozhchenko/PycharmProjects/Book_shop/.venv/lib/python3.14/site-packages/rest_framework/throttling.py", line 123, in allow_request
    self.history = self.cache.get(self.key, [])
                   ~~~~~~~~~~~~~~^^^^^^^^^^^^^^
  File "/Users/rozhchenko/PycharmProjects/Book_shop/.venv/lib/python3.14/site-packages/django_redis/cache.py", line 117, in get
    value = self._get(key, default, version, client)
  File "/Users/rozhchenko/PycharmProjects/Book_shop/.venv/lib/python3.14/site-packages/django_redis/cache.py", line 55, in _decorator
    raise e.__cause__  # type: ignore[misc] # noqa: B904
    ^^^^^^^^^^^^^^^^^
  File "/Users/rozhchenko/PycharmProjects/Book_shop/.venv/lib/python3.14/site-packages/django_redis/client/default.py", line 360, in get
    value = client.get(key)
  File "/Users/rozhchenko/PycharmProjects/Book_shop/.venv/lib/python3.14/site-packages/redis/commands/core.py", line 3200, in get
    return self.execute_command("GET", name, keys=[name])
           ~~~~~~~~~~~~~~~~~~~~^^^^^^^^^^^^^^^^^^^^^^^^^^
  File "/Users/rozhchenko/PycharmProjects/Book_shop/.venv/lib/python3.14/site-packages/redis/client.py", line 867, in execute_command
    return self._execute_command(*args, **options)
           ~~~~~~~~~~~~~~~~~~~~~^^^^^^^^^^^^^^^^^^
  File "/Users/rozhchenko/PycharmProjects/Book_shop/.venv/lib/python3.14/site-packages/redis/client.py", line 873, in _execute_command
    conn = self.connection or pool.get_connection()
                              ~~~~~~~~~~~~~~~~~~~^^
  File "/Users/rozhchenko/PycharmProjects/Book_shop/.venv/lib/python3.14/site-packages/redis/utils.py", line 258, in wrapper
    return func(*args, **kwargs)
  File "/Users/rozhchenko/PycharmProjects/Book_shop/.venv/lib/python3.14/site-packages/redis/connection.py", line 3273, in get_connection
    connection.connect()
    ~~~~~~~~~~~~~~~~~~^^
  File "/Users/rozhchenko/PycharmProjects/Book_shop/.venv/lib/python3.14/site-packages/redis/connection.py", line 1028, in connect
    self.retry.call_with_retry(
    ~~~~~~~~~~~~~~~~~~~~~~~~~~^
        lambda: self.connect_check_health(
        ^^^^^^^^^^^^^^^^^^^^^^^^^^^^^^^^^^
    ...<2 lines>...
        lambda error: self.disconnect(error),
        ^^^^^^^^^^^^^^^^^^^^^^^^^^^^^^^^^^^^^
    )
    ^
  File "/Users/rozhchenko/PycharmProjects/Book_shop/.venv/lib/python3.14/site-packages/redis/retry.py", line 132, in call_with_retry
    raise error
  File "/Users/rozhchenko/PycharmProjects/Book_shop/.venv/lib/python3.14/site-packages/redis/retry.py", line 120, in call_with_retry
    return do()
  File "/Users/rozhchenko/PycharmProjects/Book_shop/.venv/lib/python3.14/site-packages/redis/connection.py", line 1029, in <lambda>
    lambda: self.connect_check_health(
            ~~~~~~~~~~~~~~~~~~~~~~~~~^
        check_health=True, retry_socket_connect=False
        ^^^^^^^^^^^^^^^^^^^^^^^^^^^^^^^^^^^^^^^^^^^^^
    ),
    ^
  File "/Users/rozhchenko/PycharmProjects/Book_shop/.venv/lib/python3.14/site-packages/redis/connection.py", line 1077, in connect_check_health
    raise e
redis.exceptions.ConnectionError: Error 8 connecting to redis:6379. nodename nor servname provided, or not known.
ERROR | 2026-09-10 08:11:09,465 | log | Internal Server Error: /api/token/
Traceback (most recent call last):
  File "/Users/rozhchenko/PycharmProjects/Book_shop/.venv/lib/python3.14/site-packages/django_redis/cache.py", line 48, in _decorator
    return method(self, *args, **kwargs)
  File "/Users/rozhchenko/PycharmProjects/Book_shop/.venv/lib/python3.14/site-packages/django_redis/cache.py", line 124, in _get
    return self.client.get(key, default=default, version=version, client=client)
           ~~~~~~~~~~~~~~~^^^^^^^^^^^^^^^^^^^^^^^^^^^^^^^^^^^^^^^^^^^^^^^^^^^^^^
  File "/Users/rozhchenko/PycharmProjects/Book_shop/.venv/lib/python3.14/site-packages/django_redis/client/default.py", line 362, in get
    raise ConnectionInterrupted(connection=client) from e
django_redis.exceptions.ConnectionInterrupted: Redis ConnectionError: Error 8 connecting to redis:6379. nodename nor servname provided, or not known.

During handling of the above exception, another exception occurred:

Traceback (most recent call last):
  File "/Users/rozhchenko/PycharmProjects/Book_shop/.venv/lib/python3.14/site-packages/django/core/handlers/exception.py", line 55, in inner
    response = get_response(request)
  File "/Users/rozhchenko/PycharmProjects/Book_shop/.venv/lib/python3.14/site-packages/django/core/handlers/base.py", line 198, in _get_response
    response = wrapped_callback(request, *callback_args, **callback_kwargs)
  File "/Users/rozhchenko/PycharmProjects/Book_shop/.venv/lib/python3.14/site-packages/django/views/decorators/csrf.py", line 65, in _view_wrapper
    return view_func(request, *args, **kwargs)
  File "/Users/rozhchenko/PycharmProjects/Book_shop/.venv/lib/python3.14/site-packages/django/views/generic/base.py", line 106, in view
    return self.dispatch(request, *args, **kwargs)
           ~~~~~~~~~~~~~^^^^^^^^^^^^^^^^^^^^^^^^^^
  File "/Users/rozhchenko/PycharmProjects/Book_shop/.venv/lib/python3.14/site-packages/rest_framework/views.py", line 526, in dispatch
    response = self.handle_exception(exc)
  File "/Users/rozhchenko/PycharmProjects/Book_shop/.venv/lib/python3.14/site-packages/rest_framework/views.py", line 474, in handle_exception
    self.raise_uncaught_exception(exc)
    ~~~~~~~~~~~~~~~~~~~~~~~~~~~~~^^^^^
  File "/Users/rozhchenko/PycharmProjects/Book_shop/.venv/lib/python3.14/site-packages/rest_framework/views.py", line 485, in raise_uncaught_exception
    raise exc
  File "/Users/rozhchenko/PycharmProjects/Book_shop/.venv/lib/python3.14/site-packages/rest_framework/views.py", line 514, in dispatch
    self.initial(request, *args, **kwargs)
    ~~~~~~~~~~~~^^^^^^^^^^^^^^^^^^^^^^^^^^
  File "/Users/rozhchenko/PycharmProjects/Book_shop/.venv/lib/python3.14/site-packages/rest_framework/views.py", line 421, in initial
    self.check_throttles(request)
    ~~~~~~~~~~~~~~~~~~~~^^^^^^^^^
  File "/Users/rozhchenko/PycharmProjects/Book_shop/.venv/lib/python3.14/site-packages/rest_framework/views.py", line 364, in check_throttles
    if not throttle.allow_request(request, self):
           ~~~~~~~~~~~~~~~~~~~~~~^^^^^^^^^^^^^^^
  File "/Users/rozhchenko/PycharmProjects/Book_shop/.venv/lib/python3.14/site-packages/rest_framework/throttling.py", line 123, in allow_request
    self.history = self.cache.get(self.key, [])
                   ~~~~~~~~~~~~~~^^^^^^^^^^^^^^
  File "/Users/rozhchenko/PycharmProjects/Book_shop/.venv/lib/python3.14/site-packages/django_redis/cache.py", line 117, in get
    value = self._get(key, default, version, client)
  File "/Users/rozhchenko/PycharmProjects/Book_shop/.venv/lib/python3.14/site-packages/django_redis/cache.py", line 55, in _decorator
    raise e.__cause__  # type: ignore[misc] # noqa: B904
    ^^^^^^^^^^^^^^^^^
  File "/Users/rozhchenko/PycharmProjects/Book_shop/.venv/lib/python3.14/site-packages/django_redis/client/default.py", line 360, in get
    value = client.get(key)
  File "/Users/rozhchenko/PycharmProjects/Book_shop/.venv/lib/python3.14/site-packages/redis/commands/core.py", line 3200, in get
    return self.execute_command("GET", name, keys=[name])
           ~~~~~~~~~~~~~~~~~~~~^^^^^^^^^^^^^^^^^^^^^^^^^^
  File "/Users/rozhchenko/PycharmProjects/Book_shop/.venv/lib/python3.14/site-packages/redis/client.py", line 867, in execute_command
    return self._execute_command(*args, **options)
           ~~~~~~~~~~~~~~~~~~~~~^^^^^^^^^^^^^^^^^^
  File "/Users/rozhchenko/PycharmProjects/Book_shop/.venv/lib/python3.14/site-packages/redis/client.py", line 873, in _execute_command
    conn = self.connection or pool.get_connection()
                              ~~~~~~~~~~~~~~~~~~~^^
  File "/Users/rozhchenko/PycharmProjects/Book_shop/.venv/lib/python3.14/site-packages/redis/utils.py", line 258, in wrapper
    return func(*args, **kwargs)
  File "/Users/rozhchenko/PycharmProjects/Book_shop/.venv/lib/python3.14/site-packages/redis/connection.py", line 3273, in get_connection
    connection.connect()
    ~~~~~~~~~~~~~~~~~~^^
  File "/Users/rozhchenko/PycharmProjects/Book_shop/.venv/lib/python3.14/site-packages/redis/connection.py", line 1028, in connect
    self.retry.call_with_retry(
    ~~~~~~~~~~~~~~~~~~~~~~~~~~^
        lambda: self.connect_check_health(
        ^^^^^^^^^^^^^^^^^^^^^^^^^^^^^^^^^^
    ...<2 lines>...
        lambda error: self.disconnect(error),
        ^^^^^^^^^^^^^^^^^^^^^^^^^^^^^^^^^^^^^
    )
    ^
  File "/Users/rozhchenko/PycharmProjects/Book_shop/.venv/lib/python3.14/site-packages/redis/retry.py", line 132, in call_with_retry
    raise error
  File "/Users/rozhchenko/PycharmProjects/Book_shop/.venv/lib/python3.14/site-packages/redis/retry.py", line 120, in call_with_retry
    return do()
  File "/Users/rozhchenko/PycharmProjects/Book_shop/.venv/lib/python3.14/site-packages/redis/connection.py", line 1029, in <lambda>
    lambda: self.connect_check_health(
            ~~~~~~~~~~~~~~~~~~~~~~~~~^
        check_health=True, retry_socket_connect=False
        ^^^^^^^^^^^^^^^^^^^^^^^^^^^^^^^^^^^^^^^^^^^^^
    ),
    ^
  File "/Users/rozhchenko/PycharmProjects/Book_shop/.venv/lib/python3.14/site-packages/redis/connection.py", line 1077, in connect_check_health
    raise e
redis.exceptions.ConnectionError: Error 8 connecting to redis:6379. nodename nor servname provided, or not known.
ERROR | 2026-09-10 08:11:10,069 | log | Internal Server Error: /api/token/
Traceback (most recent call last):
  File "/Users/rozhchenko/PycharmProjects/Book_shop/.venv/lib/python3.14/site-packages/django_redis/cache.py", line 48, in _decorator
    return method(self, *args, **kwargs)
  File "/Users/rozhchenko/PycharmProjects/Book_shop/.venv/lib/python3.14/site-packages/django_redis/cache.py", line 124, in _get
    return self.client.get(key, default=default, version=version, client=client)
           ~~~~~~~~~~~~~~~^^^^^^^^^^^^^^^^^^^^^^^^^^^^^^^^^^^^^^^^^^^^^^^^^^^^^^
  File "/Users/rozhchenko/PycharmProjects/Book_shop/.venv/lib/python3.14/site-packages/django_redis/client/default.py", line 362, in get
    raise ConnectionInterrupted(connection=client) from e
django_redis.exceptions.ConnectionInterrupted: Redis ConnectionError: Error 8 connecting to redis:6379. nodename nor servname provided, or not known.

During handling of the above exception, another exception occurred:

Traceback (most recent call last):
  File "/Users/rozhchenko/PycharmProjects/Book_shop/.venv/lib/python3.14/site-packages/django/core/handlers/exception.py", line 55, in inner
    response = get_response(request)
  File "/Users/rozhchenko/PycharmProjects/Book_shop/.venv/lib/python3.14/site-packages/django/core/handlers/base.py", line 198, in _get_response
    response = wrapped_callback(request, *callback_args, **callback_kwargs)
  File "/Users/rozhchenko/PycharmProjects/Book_shop/.venv/lib/python3.14/site-packages/django/views/decorators/csrf.py", line 65, in _view_wrapper
    return view_func(request, *args, **kwargs)
  File "/Users/rozhchenko/PycharmProjects/Book_shop/.venv/lib/python3.14/site-packages/django/views/generic/base.py", line 106, in view
    return self.dispatch(request, *args, **kwargs)
           ~~~~~~~~~~~~~^^^^^^^^^^^^^^^^^^^^^^^^^^
  File "/Users/rozhchenko/PycharmProjects/Book_shop/.venv/lib/python3.14/site-packages/rest_framework/views.py", line 526, in dispatch
    response = self.handle_exception(exc)
  File "/Users/rozhchenko/PycharmProjects/Book_shop/.venv/lib/python3.14/site-packages/rest_framework/views.py", line 474, in handle_exception
    self.raise_uncaught_exception(exc)
    ~~~~~~~~~~~~~~~~~~~~~~~~~~~~~^^^^^
  File "/Users/rozhchenko/PycharmProjects/Book_shop/.venv/lib/python3.14/site-packages/rest_framework/views.py", line 485, in raise_uncaught_exception
    raise exc
  File "/Users/rozhchenko/PycharmProjects/Book_shop/.venv/lib/python3.14/site-packages/rest_framework/views.py", line 514, in dispatch
    self.initial(request, *args, **kwargs)
    ~~~~~~~~~~~~^^^^^^^^^^^^^^^^^^^^^^^^^^
  File "/Users/rozhchenko/PycharmProjects/Book_shop/.venv/lib/python3.14/site-packages/rest_framework/views.py", line 421, in initial
    self.check_throttles(request)
    ~~~~~~~~~~~~~~~~~~~~^^^^^^^^^
  File "/Users/rozhchenko/PycharmProjects/Book_shop/.venv/lib/python3.14/site-packages/rest_framework/views.py", line 364, in check_throttles
    if not throttle.allow_request(request, self):
           ~~~~~~~~~~~~~~~~~~~~~~^^^^^^^^^^^^^^^
  File "/Users/rozhchenko/PycharmProjects/Book_shop/.venv/lib/python3.14/site-packages/rest_framework/throttling.py", line 123, in allow_request
    self.history = self.cache.get(self.key, [])
                   ~~~~~~~~~~~~~~^^^^^^^^^^^^^^
  File "/Users/rozhchenko/PycharmProjects/Book_shop/.venv/lib/python3.14/site-packages/django_redis/cache.py", line 117, in get
    value = self._get(key, default, version, client)
  File "/Users/rozhchenko/PycharmProjects/Book_shop/.venv/lib/python3.14/site-packages/django_redis/cache.py", line 55, in _decorator
    raise e.__cause__  # type: ignore[misc] # noqa: B904
    ^^^^^^^^^^^^^^^^^
  File "/Users/rozhchenko/PycharmProjects/Book_shop/.venv/lib/python3.14/site-packages/django_redis/client/default.py", line 360, in get
    value = client.get(key)
  File "/Users/rozhchenko/PycharmProjects/Book_shop/.venv/lib/python3.14/site-packages/redis/commands/core.py", line 3200, in get
    return self.execute_command("GET", name, keys=[name])
           ~~~~~~~~~~~~~~~~~~~~^^^^^^^^^^^^^^^^^^^^^^^^^^
  File "/Users/rozhchenko/PycharmProjects/Book_shop/.venv/lib/python3.14/site-packages/redis/client.py", line 867, in execute_command
    return self._execute_command(*args, **options)
           ~~~~~~~~~~~~~~~~~~~~~^^^^^^^^^^^^^^^^^^
  File "/Users/rozhchenko/PycharmProjects/Book_shop/.venv/lib/python3.14/site-packages/redis/client.py", line 873, in _execute_command
    conn = self.connection or pool.get_connection()
                              ~~~~~~~~~~~~~~~~~~~^^
  File "/Users/rozhchenko/PycharmProjects/Book_shop/.venv/lib/python3.14/site-packages/redis/utils.py", line 258, in wrapper
    return func(*args, **kwargs)
  File "/Users/rozhchenko/PycharmProjects/Book_shop/.venv/lib/python3.14/site-packages/redis/connection.py", line 3273, in get_connection
    connection.connect()
    ~~~~~~~~~~~~~~~~~~^^
  File "/Users/rozhchenko/PycharmProjects/Book_shop/.venv/lib/python3.14/site-packages/redis/connection.py", line 1028, in connect
    self.retry.call_with_retry(
    ~~~~~~~~~~~~~~~~~~~~~~~~~~^
        lambda: self.connect_check_health(
        ^^^^^^^^^^^^^^^^^^^^^^^^^^^^^^^^^^
    ...<2 lines>...
        lambda error: self.disconnect(error),
        ^^^^^^^^^^^^^^^^^^^^^^^^^^^^^^^^^^^^^
    )
    ^
  File "/Users/rozhchenko/PycharmProjects/Book_shop/.venv/lib/python3.14/site-packages/redis/retry.py", line 132, in call_with_retry
    raise error
  File "/Users/rozhchenko/PycharmProjects/Book_shop/.venv/lib/python3.14/site-packages/redis/retry.py", line 120, in call_with_retry
    return do()
  File "/Users/rozhchenko/PycharmProjects/Book_shop/.venv/lib/python3.14/site-packages/redis/connection.py", line 1029, in <lambda>
    lambda: self.connect_check_health(
            ~~~~~~~~~~~~~~~~~~~~~~~~~^
        check_health=True, retry_socket_connect=False
        ^^^^^^^^^^^^^^^^^^^^^^^^^^^^^^^^^^^^^^^^^^^^^
    ),
    ^
  File "/Users/rozhchenko/PycharmProjects/Book_shop/.venv/lib/python3.14/site-packages/redis/connection.py", line 1077, in connect_check_health
    raise e
redis.exceptions.ConnectionError: Error 8 connecting to redis:6379. nodename nor servname provided, or not known.
WARNING | 2026-09-10 08:11:13,197 | log | Forbidden: /api/categories/
ERROR | 2026-09-10 08:11:13,230 | log | Internal Server Error: /api/categories/
Traceback (most recent call last):
  File "/Users/rozhchenko/PycharmProjects/Book_shop/.venv/lib/python3.14/site-packages/django_redis/cache.py", line 48, in _decorator
    return method(self, *args, **kwargs)
  File "/Users/rozhchenko/PycharmProjects/Book_shop/.venv/lib/python3.14/site-packages/django_redis/cache.py", line 124, in _get
    return self.client.get(key, default=default, version=version, client=client)
           ~~~~~~~~~~~~~~~^^^^^^^^^^^^^^^^^^^^^^^^^^^^^^^^^^^^^^^^^^^^^^^^^^^^^^
  File "/Users/rozhchenko/PycharmProjects/Book_shop/.venv/lib/python3.14/site-packages/django_redis/client/default.py", line 362, in get
    raise ConnectionInterrupted(connection=client) from e
django_redis.exceptions.ConnectionInterrupted: Redis ConnectionError: Error 8 connecting to redis:6379. nodename nor servname provided, or not known.

During handling of the above exception, another exception occurred:

Traceback (most recent call last):
  File "/Users/rozhchenko/PycharmProjects/Book_shop/.venv/lib/python3.14/site-packages/django/core/handlers/exception.py", line 55, in inner
    response = get_response(request)
  File "/Users/rozhchenko/PycharmProjects/Book_shop/.venv/lib/python3.14/site-packages/django/core/handlers/base.py", line 198, in _get_response
    response = wrapped_callback(request, *callback_args, **callback_kwargs)
  File "/Users/rozhchenko/PycharmProjects/Book_shop/.venv/lib/python3.14/site-packages/django/views/decorators/csrf.py", line 65, in _view_wrapper
    return view_func(request, *args, **kwargs)
  File "/Users/rozhchenko/PycharmProjects/Book_shop/.venv/lib/python3.14/site-packages/rest_framework/viewsets.py", line 124, in view
    return self.dispatch(request, *args, **kwargs)
           ~~~~~~~~~~~~~^^^^^^^^^^^^^^^^^^^^^^^^^^
  File "/Users/rozhchenko/PycharmProjects/Book_shop/.venv/lib/python3.14/site-packages/rest_framework/views.py", line 526, in dispatch
    response = self.handle_exception(exc)
  File "/Users/rozhchenko/PycharmProjects/Book_shop/.venv/lib/python3.14/site-packages/rest_framework/views.py", line 474, in handle_exception
    self.raise_uncaught_exception(exc)
    ~~~~~~~~~~~~~~~~~~~~~~~~~~~~~^^^^^
  File "/Users/rozhchenko/PycharmProjects/Book_shop/.venv/lib/python3.14/site-packages/rest_framework/views.py", line 485, in raise_uncaught_exception
    raise exc
  File "/Users/rozhchenko/PycharmProjects/Book_shop/.venv/lib/python3.14/site-packages/rest_framework/views.py", line 514, in dispatch
    self.initial(request, *args, **kwargs)
    ~~~~~~~~~~~~^^^^^^^^^^^^^^^^^^^^^^^^^^
  File "/Users/rozhchenko/PycharmProjects/Book_shop/.venv/lib/python3.14/site-packages/rest_framework/views.py", line 421, in initial
    self.check_throttles(request)
    ~~~~~~~~~~~~~~~~~~~~^^^^^^^^^
  File "/Users/rozhchenko/PycharmProjects/Book_shop/.venv/lib/python3.14/site-packages/rest_framework/views.py", line 364, in check_throttles
    if not throttle.allow_request(request, self):
           ~~~~~~~~~~~~~~~~~~~~~~^^^^^^^^^^^^^^^
  File "/Users/rozhchenko/PycharmProjects/Book_shop/.venv/lib/python3.14/site-packages/rest_framework/throttling.py", line 123, in allow_request
    self.history = self.cache.get(self.key, [])
                   ~~~~~~~~~~~~~~^^^^^^^^^^^^^^
  File "/Users/rozhchenko/PycharmProjects/Book_shop/.venv/lib/python3.14/site-packages/django_redis/cache.py", line 117, in get
    value = self._get(key, default, version, client)
  File "/Users/rozhchenko/PycharmProjects/Book_shop/.venv/lib/python3.14/site-packages/django_redis/cache.py", line 55, in _decorator
    raise e.__cause__  # type: ignore[misc] # noqa: B904
    ^^^^^^^^^^^^^^^^^
  File "/Users/rozhchenko/PycharmProjects/Book_shop/.venv/lib/python3.14/site-packages/django_redis/client/default.py", line 360, in get
    value = client.get(key)
  File "/Users/rozhchenko/PycharmProjects/Book_shop/.venv/lib/python3.14/site-packages/redis/commands/core.py", line 3200, in get
    return self.execute_command("GET", name, keys=[name])
           ~~~~~~~~~~~~~~~~~~~~^^^^^^^^^^^^^^^^^^^^^^^^^^
  File "/Users/rozhchenko/PycharmProjects/Book_shop/.venv/lib/python3.14/site-packages/redis/client.py", line 867, in execute_command
    return self._execute_command(*args, **options)
           ~~~~~~~~~~~~~~~~~~~~~^^^^^^^^^^^^^^^^^^
  File "/Users/rozhchenko/PycharmProjects/Book_shop/.venv/lib/python3.14/site-packages/redis/client.py", line 873, in _execute_command
    conn = self.connection or pool.get_connection()
                              ~~~~~~~~~~~~~~~~~~~^^
  File "/Users/rozhchenko/PycharmProjects/Book_shop/.venv/lib/python3.14/site-packages/redis/utils.py", line 258, in wrapper
    return func(*args, **kwargs)
  File "/Users/rozhchenko/PycharmProjects/Book_shop/.venv/lib/python3.14/site-packages/redis/connection.py", line 3273, in get_connection
    connection.connect()
    ~~~~~~~~~~~~~~~~~~^^
  File "/Users/rozhchenko/PycharmProjects/Book_shop/.venv/lib/python3.14/site-packages/redis/connection.py", line 1028, in connect
    self.retry.call_with_retry(
    ~~~~~~~~~~~~~~~~~~~~~~~~~~^
        lambda: self.connect_check_health(
        ^^^^^^^^^^^^^^^^^^^^^^^^^^^^^^^^^^
    ...<2 lines>...
        lambda error: self.disconnect(error),
        ^^^^^^^^^^^^^^^^^^^^^^^^^^^^^^^^^^^^^
    )
    ^
  File "/Users/rozhchenko/PycharmProjects/Book_shop/.venv/lib/python3.14/site-packages/redis/retry.py", line 132, in call_with_retry
    raise error
  File "/Users/rozhchenko/PycharmProjects/Book_shop/.venv/lib/python3.14/site-packages/redis/retry.py", line 120, in call_with_retry
    return do()
  File "/Users/rozhchenko/PycharmProjects/Book_shop/.venv/lib/python3.14/site-packages/redis/connection.py", line 1029, in <lambda>
    lambda: self.connect_check_health(
            ~~~~~~~~~~~~~~~~~~~~~~~~~^
        check_health=True, retry_socket_connect=False
        ^^^^^^^^^^^^^^^^^^^^^^^^^^^^^^^^^^^^^^^^^^^^^
    ),
    ^
  File "/Users/rozhchenko/PycharmProjects/Book_shop/.venv/lib/python3.14/site-packages/redis/connection.py", line 1077, in connect_check_health
    raise e
redis.exceptions.ConnectionError: Error 8 connecting to redis:6379. nodename nor servname provided, or not known.
WARNING | 2026-09-10 08:11:16,358 | log | Forbidden: /api/categories/999/
ERROR | 2026-09-10 08:11:16,393 | log | Internal Server Error: /api/categories/999/
Traceback (most recent call last):
  File "/Users/rozhchenko/PycharmProjects/Book_shop/.venv/lib/python3.14/site-packages/django_redis/cache.py", line 48, in _decorator
    return method(self, *args, **kwargs)
  File "/Users/rozhchenko/PycharmProjects/Book_shop/.venv/lib/python3.14/site-packages/django_redis/cache.py", line 124, in _get
    return self.client.get(key, default=default, version=version, client=client)
           ~~~~~~~~~~~~~~~^^^^^^^^^^^^^^^^^^^^^^^^^^^^^^^^^^^^^^^^^^^^^^^^^^^^^^
  File "/Users/rozhchenko/PycharmProjects/Book_shop/.venv/lib/python3.14/site-packages/django_redis/client/default.py", line 362, in get
    raise ConnectionInterrupted(connection=client) from e
django_redis.exceptions.ConnectionInterrupted: Redis ConnectionError: Error 8 connecting to redis:6379. nodename nor servname provided, or not known.

During handling of the above exception, another exception occurred:

Traceback (most recent call last):
  File "/Users/rozhchenko/PycharmProjects/Book_shop/.venv/lib/python3.14/site-packages/django/core/handlers/exception.py", line 55, in inner
    response = get_response(request)
  File "/Users/rozhchenko/PycharmProjects/Book_shop/.venv/lib/python3.14/site-packages/django/core/handlers/base.py", line 198, in _get_response
    response = wrapped_callback(request, *callback_args, **callback_kwargs)
  File "/Users/rozhchenko/PycharmProjects/Book_shop/.venv/lib/python3.14/site-packages/django/views/decorators/csrf.py", line 65, in _view_wrapper
    return view_func(request, *args, **kwargs)
  File "/Users/rozhchenko/PycharmProjects/Book_shop/.venv/lib/python3.14/site-packages/rest_framework/viewsets.py", line 124, in view
    return self.dispatch(request, *args, **kwargs)
           ~~~~~~~~~~~~~^^^^^^^^^^^^^^^^^^^^^^^^^^
  File "/Users/rozhchenko/PycharmProjects/Book_shop/.venv/lib/python3.14/site-packages/rest_framework/views.py", line 526, in dispatch
    response = self.handle_exception(exc)
  File "/Users/rozhchenko/PycharmProjects/Book_shop/.venv/lib/python3.14/site-packages/rest_framework/views.py", line 474, in handle_exception
    self.raise_uncaught_exception(exc)
    ~~~~~~~~~~~~~~~~~~~~~~~~~~~~~^^^^^
  File "/Users/rozhchenko/PycharmProjects/Book_shop/.venv/lib/python3.14/site-packages/rest_framework/views.py", line 485, in raise_uncaught_exception
    raise exc
  File "/Users/rozhchenko/PycharmProjects/Book_shop/.venv/lib/python3.14/site-packages/rest_framework/views.py", line 514, in dispatch
    self.initial(request, *args, **kwargs)
    ~~~~~~~~~~~~^^^^^^^^^^^^^^^^^^^^^^^^^^
  File "/Users/rozhchenko/PycharmProjects/Book_shop/.venv/lib/python3.14/site-packages/rest_framework/views.py", line 421, in initial
    self.check_throttles(request)
    ~~~~~~~~~~~~~~~~~~~~^^^^^^^^^
  File "/Users/rozhchenko/PycharmProjects/Book_shop/.venv/lib/python3.14/site-packages/rest_framework/views.py", line 364, in check_throttles
    if not throttle.allow_request(request, self):
           ~~~~~~~~~~~~~~~~~~~~~~^^^^^^^^^^^^^^^
  File "/Users/rozhchenko/PycharmProjects/Book_shop/.venv/lib/python3.14/site-packages/rest_framework/throttling.py", line 123, in allow_request
    self.history = self.cache.get(self.key, [])
                   ~~~~~~~~~~~~~~^^^^^^^^^^^^^^
  File "/Users/rozhchenko/PycharmProjects/Book_shop/.venv/lib/python3.14/site-packages/django_redis/cache.py", line 117, in get
    value = self._get(key, default, version, client)
  File "/Users/rozhchenko/PycharmProjects/Book_shop/.venv/lib/python3.14/site-packages/django_redis/cache.py", line 55, in _decorator
    raise e.__cause__  # type: ignore[misc] # noqa: B904
    ^^^^^^^^^^^^^^^^^
  File "/Users/rozhchenko/PycharmProjects/Book_shop/.venv/lib/python3.14/site-packages/django_redis/client/default.py", line 360, in get
    value = client.get(key)
  File "/Users/rozhchenko/PycharmProjects/Book_shop/.venv/lib/python3.14/site-packages/redis/commands/core.py", line 3200, in get
    return self.execute_command("GET", name, keys=[name])
           ~~~~~~~~~~~~~~~~~~~~^^^^^^^^^^^^^^^^^^^^^^^^^^
  File "/Users/rozhchenko/PycharmProjects/Book_shop/.venv/lib/python3.14/site-packages/redis/client.py", line 867, in execute_command
    return self._execute_command(*args, **options)
           ~~~~~~~~~~~~~~~~~~~~~^^^^^^^^^^^^^^^^^^
  File "/Users/rozhchenko/PycharmProjects/Book_shop/.venv/lib/python3.14/site-packages/redis/client.py", line 873, in _execute_command
    conn = self.connection or pool.get_connection()
                              ~~~~~~~~~~~~~~~~~~~^^
  File "/Users/rozhchenko/PycharmProjects/Book_shop/.venv/lib/python3.14/site-packages/redis/utils.py", line 258, in wrapper
    return func(*args, **kwargs)
  File "/Users/rozhchenko/PycharmProjects/Book_shop/.venv/lib/python3.14/site-packages/redis/connection.py", line 3273, in get_connection
    connection.connect()
    ~~~~~~~~~~~~~~~~~~^^
  File "/Users/rozhchenko/PycharmProjects/Book_shop/.venv/lib/python3.14/site-packages/redis/connection.py", line 1028, in connect
    self.retry.call_with_retry(
    ~~~~~~~~~~~~~~~~~~~~~~~~~~^
        lambda: self.connect_check_health(
        ^^^^^^^^^^^^^^^^^^^^^^^^^^^^^^^^^^
    ...<2 lines>...
        lambda error: self.disconnect(error),
        ^^^^^^^^^^^^^^^^^^^^^^^^^^^^^^^^^^^^^
    )
    ^
  File "/Users/rozhchenko/PycharmProjects/Book_shop/.venv/lib/python3.14/site-packages/redis/retry.py", line 132, in call_with_retry
    raise error
  File "/Users/rozhchenko/PycharmProjects/Book_shop/.venv/lib/python3.14/site-packages/redis/retry.py", line 120, in call_with_retry
    return do()
  File "/Users/rozhchenko/PycharmProjects/Book_shop/.venv/lib/python3.14/site-packages/redis/connection.py", line 1029, in <lambda>
    lambda: self.connect_check_health(
            ~~~~~~~~~~~~~~~~~~~~~~~~~^
        check_health=True, retry_socket_connect=False
        ^^^^^^^^^^^^^^^^^^^^^^^^^^^^^^^^^^^^^^^^^^^^^
    ),
    ^
  File "/Users/rozhchenko/PycharmProjects/Book_shop/.venv/lib/python3.14/site-packages/redis/connection.py", line 1077, in connect_check_health
    raise e
redis.exceptions.ConnectionError: Error 8 connecting to redis:6379. nodename nor servname provided, or not known.
WARNING | 2026-09-10 08:11:19,553 | log | Forbidden: /api/books/
ERROR | 2026-09-10 08:11:19,587 | log | Internal Server Error: /api/books/
Traceback (most recent call last):
  File "/Users/rozhchenko/PycharmProjects/Book_shop/.venv/lib/python3.14/site-packages/django_redis/cache.py", line 48, in _decorator
    return method(self, *args, **kwargs)
  File "/Users/rozhchenko/PycharmProjects/Book_shop/.venv/lib/python3.14/site-packages/django_redis/cache.py", line 124, in _get
    return self.client.get(key, default=default, version=version, client=client)
           ~~~~~~~~~~~~~~~^^^^^^^^^^^^^^^^^^^^^^^^^^^^^^^^^^^^^^^^^^^^^^^^^^^^^^
  File "/Users/rozhchenko/PycharmProjects/Book_shop/.venv/lib/python3.14/site-packages/django_redis/client/default.py", line 362, in get
    raise ConnectionInterrupted(connection=client) from e
django_redis.exceptions.ConnectionInterrupted: Redis ConnectionError: Error 8 connecting to redis:6379. nodename nor servname provided, or not known.

During handling of the above exception, another exception occurred:

Traceback (most recent call last):
  File "/Users/rozhchenko/PycharmProjects/Book_shop/.venv/lib/python3.14/site-packages/django/core/handlers/exception.py", line 55, in inner
    response = get_response(request)
  File "/Users/rozhchenko/PycharmProjects/Book_shop/.venv/lib/python3.14/site-packages/django/core/handlers/base.py", line 198, in _get_response
    response = wrapped_callback(request, *callback_args, **callback_kwargs)
  File "/Users/rozhchenko/PycharmProjects/Book_shop/.venv/lib/python3.14/site-packages/django/views/decorators/csrf.py", line 65, in _view_wrapper
    return view_func(request, *args, **kwargs)
  File "/Users/rozhchenko/PycharmProjects/Book_shop/.venv/lib/python3.14/site-packages/rest_framework/viewsets.py", line 124, in view
    return self.dispatch(request, *args, **kwargs)
           ~~~~~~~~~~~~~^^^^^^^^^^^^^^^^^^^^^^^^^^
  File "/Users/rozhchenko/PycharmProjects/Book_shop/.venv/lib/python3.14/site-packages/rest_framework/views.py", line 526, in dispatch
    response = self.handle_exception(exc)
  File "/Users/rozhchenko/PycharmProjects/Book_shop/.venv/lib/python3.14/site-packages/rest_framework/views.py", line 474, in handle_exception
    self.raise_uncaught_exception(exc)
    ~~~~~~~~~~~~~~~~~~~~~~~~~~~~~^^^^^
  File "/Users/rozhchenko/PycharmProjects/Book_shop/.venv/lib/python3.14/site-packages/rest_framework/views.py", line 485, in raise_uncaught_exception
    raise exc
  File "/Users/rozhchenko/PycharmProjects/Book_shop/.venv/lib/python3.14/site-packages/rest_framework/views.py", line 514, in dispatch
    self.initial(request, *args, **kwargs)
    ~~~~~~~~~~~~^^^^^^^^^^^^^^^^^^^^^^^^^^
  File "/Users/rozhchenko/PycharmProjects/Book_shop/.venv/lib/python3.14/site-packages/rest_framework/views.py", line 421, in initial
    self.check_throttles(request)
    ~~~~~~~~~~~~~~~~~~~~^^^^^^^^^
  File "/Users/rozhchenko/PycharmProjects/Book_shop/.venv/lib/python3.14/site-packages/rest_framework/views.py", line 364, in check_throttles
    if not throttle.allow_request(request, self):
           ~~~~~~~~~~~~~~~~~~~~~~^^^^^^^^^^^^^^^
  File "/Users/rozhchenko/PycharmProjects/Book_shop/.venv/lib/python3.14/site-packages/rest_framework/throttling.py", line 123, in allow_request
    self.history = self.cache.get(self.key, [])
                   ~~~~~~~~~~~~~~^^^^^^^^^^^^^^
  File "/Users/rozhchenko/PycharmProjects/Book_shop/.venv/lib/python3.14/site-packages/django_redis/cache.py", line 117, in get
    value = self._get(key, default, version, client)
  File "/Users/rozhchenko/PycharmProjects/Book_shop/.venv/lib/python3.14/site-packages/django_redis/cache.py", line 55, in _decorator
    raise e.__cause__  # type: ignore[misc] # noqa: B904
    ^^^^^^^^^^^^^^^^^
  File "/Users/rozhchenko/PycharmProjects/Book_shop/.venv/lib/python3.14/site-packages/django_redis/client/default.py", line 360, in get
    value = client.get(key)
  File "/Users/rozhchenko/PycharmProjects/Book_shop/.venv/lib/python3.14/site-packages/redis/commands/core.py", line 3200, in get
    return self.execute_command("GET", name, keys=[name])
           ~~~~~~~~~~~~~~~~~~~~^^^^^^^^^^^^^^^^^^^^^^^^^^
  File "/Users/rozhchenko/PycharmProjects/Book_shop/.venv/lib/python3.14/site-packages/redis/client.py", line 867, in execute_command
    return self._execute_command(*args, **options)
           ~~~~~~~~~~~~~~~~~~~~~^^^^^^^^^^^^^^^^^^
  File "/Users/rozhchenko/PycharmProjects/Book_shop/.venv/lib/python3.14/site-packages/redis/client.py", line 873, in _execute_command
    conn = self.connection or pool.get_connection()
                              ~~~~~~~~~~~~~~~~~~~^^
  File "/Users/rozhchenko/PycharmProjects/Book_shop/.venv/lib/python3.14/site-packages/redis/utils.py", line 258, in wrapper
    return func(*args, **kwargs)
  File "/Users/rozhchenko/PycharmProjects/Book_shop/.venv/lib/python3.14/site-packages/redis/connection.py", line 3273, in get_connection
    connection.connect()
    ~~~~~~~~~~~~~~~~~~^^
  File "/Users/rozhchenko/PycharmProjects/Book_shop/.venv/lib/python3.14/site-packages/redis/connection.py", line 1028, in connect
    self.retry.call_with_retry(
    ~~~~~~~~~~~~~~~~~~~~~~~~~~^
        lambda: self.connect_check_health(
        ^^^^^^^^^^^^^^^^^^^^^^^^^^^^^^^^^^
    ...<2 lines>...
        lambda error: self.disconnect(error),
        ^^^^^^^^^^^^^^^^^^^^^^^^^^^^^^^^^^^^^
    )
    ^
  File "/Users/rozhchenko/PycharmProjects/Book_shop/.venv/lib/python3.14/site-packages/redis/retry.py", line 132, in call_with_retry
    raise error
  File "/Users/rozhchenko/PycharmProjects/Book_shop/.venv/lib/python3.14/site-packages/redis/retry.py", line 120, in call_with_retry
    return do()
  File "/Users/rozhchenko/PycharmProjects/Book_shop/.venv/lib/python3.14/site-packages/redis/connection.py", line 1029, in <lambda>
    lambda: self.connect_check_health(
            ~~~~~~~~~~~~~~~~~~~~~~~~~^
        check_health=True, retry_socket_connect=False
        ^^^^^^^^^^^^^^^^^^^^^^^^^^^^^^^^^^^^^^^^^^^^^
    ),
    ^
  File "/Users/rozhchenko/PycharmProjects/Book_shop/.venv/lib/python3.14/site-packages/redis/connection.py", line 1077, in connect_check_health
    raise e
redis.exceptions.ConnectionError: Error 8 connecting to redis:6379. nodename nor servname provided, or not known.
WARNING | 2026-09-10 08:11:22,706 | log | Forbidden: /api/books/999/
ERROR | 2026-09-10 08:11:22,740 | log | Internal Server Error: /api/books/999/
Traceback (most recent call last):
  File "/Users/rozhchenko/PycharmProjects/Book_shop/.venv/lib/python3.14/site-packages/django_redis/cache.py", line 48, in _decorator
    return method(self, *args, **kwargs)
  File "/Users/rozhchenko/PycharmProjects/Book_shop/.venv/lib/python3.14/site-packages/django_redis/cache.py", line 124, in _get
    return self.client.get(key, default=default, version=version, client=client)
           ~~~~~~~~~~~~~~~^^^^^^^^^^^^^^^^^^^^^^^^^^^^^^^^^^^^^^^^^^^^^^^^^^^^^^
  File "/Users/rozhchenko/PycharmProjects/Book_shop/.venv/lib/python3.14/site-packages/django_redis/client/default.py", line 362, in get
    raise ConnectionInterrupted(connection=client) from e
django_redis.exceptions.ConnectionInterrupted: Redis ConnectionError: Error 8 connecting to redis:6379. nodename nor servname provided, or not known.

During handling of the above exception, another exception occurred:

Traceback (most recent call last):
  File "/Users/rozhchenko/PycharmProjects/Book_shop/.venv/lib/python3.14/site-packages/django/core/handlers/exception.py", line 55, in inner
    response = get_response(request)
  File "/Users/rozhchenko/PycharmProjects/Book_shop/.venv/lib/python3.14/site-packages/django/core/handlers/base.py", line 198, in _get_response
    response = wrapped_callback(request, *callback_args, **callback_kwargs)
  File "/Users/rozhchenko/PycharmProjects/Book_shop/.venv/lib/python3.14/site-packages/django/views/decorators/csrf.py", line 65, in _view_wrapper
    return view_func(request, *args, **kwargs)
  File "/Users/rozhchenko/PycharmProjects/Book_shop/.venv/lib/python3.14/site-packages/rest_framework/viewsets.py", line 124, in view
    return self.dispatch(request, *args, **kwargs)
           ~~~~~~~~~~~~~^^^^^^^^^^^^^^^^^^^^^^^^^^
  File "/Users/rozhchenko/PycharmProjects/Book_shop/.venv/lib/python3.14/site-packages/rest_framework/views.py", line 526, in dispatch
    response = self.handle_exception(exc)
  File "/Users/rozhchenko/PycharmProjects/Book_shop/.venv/lib/python3.14/site-packages/rest_framework/views.py", line 474, in handle_exception
    self.raise_uncaught_exception(exc)
    ~~~~~~~~~~~~~~~~~~~~~~~~~~~~~^^^^^
  File "/Users/rozhchenko/PycharmProjects/Book_shop/.venv/lib/python3.14/site-packages/rest_framework/views.py", line 485, in raise_uncaught_exception
    raise exc
  File "/Users/rozhchenko/PycharmProjects/Book_shop/.venv/lib/python3.14/site-packages/rest_framework/views.py", line 514, in dispatch
    self.initial(request, *args, **kwargs)
    ~~~~~~~~~~~~^^^^^^^^^^^^^^^^^^^^^^^^^^
  File "/Users/rozhchenko/PycharmProjects/Book_shop/.venv/lib/python3.14/site-packages/rest_framework/views.py", line 421, in initial
    self.check_throttles(request)
    ~~~~~~~~~~~~~~~~~~~~^^^^^^^^^
  File "/Users/rozhchenko/PycharmProjects/Book_shop/.venv/lib/python3.14/site-packages/rest_framework/views.py", line 364, in check_throttles
    if not throttle.allow_request(request, self):
           ~~~~~~~~~~~~~~~~~~~~~~^^^^^^^^^^^^^^^
  File "/Users/rozhchenko/PycharmProjects/Book_shop/.venv/lib/python3.14/site-packages/rest_framework/throttling.py", line 123, in allow_request
    self.history = self.cache.get(self.key, [])
                   ~~~~~~~~~~~~~~^^^^^^^^^^^^^^
  File "/Users/rozhchenko/PycharmProjects/Book_shop/.venv/lib/python3.14/site-packages/django_redis/cache.py", line 117, in get
    value = self._get(key, default, version, client)
  File "/Users/rozhchenko/PycharmProjects/Book_shop/.venv/lib/python3.14/site-packages/django_redis/cache.py", line 55, in _decorator
    raise e.__cause__  # type: ignore[misc] # noqa: B904
    ^^^^^^^^^^^^^^^^^
  File "/Users/rozhchenko/PycharmProjects/Book_shop/.venv/lib/python3.14/site-packages/django_redis/client/default.py", line 360, in get
    value = client.get(key)
  File "/Users/rozhchenko/PycharmProjects/Book_shop/.venv/lib/python3.14/site-packages/redis/commands/core.py", line 3200, in get
    return self.execute_command("GET", name, keys=[name])
           ~~~~~~~~~~~~~~~~~~~~^^^^^^^^^^^^^^^^^^^^^^^^^^
  File "/Users/rozhchenko/PycharmProjects/Book_shop/.venv/lib/python3.14/site-packages/redis/client.py", line 867, in execute_command
    return self._execute_command(*args, **options)
           ~~~~~~~~~~~~~~~~~~~~~^^^^^^^^^^^^^^^^^^
  File "/Users/rozhchenko/PycharmProjects/Book_shop/.venv/lib/python3.14/site-packages/redis/client.py", line 873, in _execute_command
    conn = self.connection or pool.get_connection()
                              ~~~~~~~~~~~~~~~~~~~^^
  File "/Users/rozhchenko/PycharmProjects/Book_shop/.venv/lib/python3.14/site-packages/redis/utils.py", line 258, in wrapper
    return func(*args, **kwargs)
  File "/Users/rozhchenko/PycharmProjects/Book_shop/.venv/lib/python3.14/site-packages/redis/connection.py", line 3273, in get_connection
    connection.connect()
    ~~~~~~~~~~~~~~~~~~^^
  File "/Users/rozhchenko/PycharmProjects/Book_shop/.venv/lib/python3.14/site-packages/redis/connection.py", line 1028, in connect
    self.retry.call_with_retry(
    ~~~~~~~~~~~~~~~~~~~~~~~~~~^
        lambda: self.connect_check_health(
        ^^^^^^^^^^^^^^^^^^^^^^^^^^^^^^^^^^
    ...<2 lines>...
        lambda error: self.disconnect(error),
        ^^^^^^^^^^^^^^^^^^^^^^^^^^^^^^^^^^^^^
    )
    ^
  File "/Users/rozhchenko/PycharmProjects/Book_shop/.venv/lib/python3.14/site-packages/redis/retry.py", line 132, in call_with_retry
    raise error
  File "/Users/rozhchenko/PycharmProjects/Book_shop/.venv/lib/python3.14/site-packages/redis/retry.py", line 120, in call_with_retry
    return do()
  File "/Users/rozhchenko/PycharmProjects/Book_shop/.venv/lib/python3.14/site-packages/redis/connection.py", line 1029, in <lambda>
    lambda: self.connect_check_health(
            ~~~~~~~~~~~~~~~~~~~~~~~~~^
        check_health=True, retry_socket_connect=False
        ^^^^^^^^^^^^^^^^^^^^^^^^^^^^^^^^^^^^^^^^^^^^^
    ),
    ^
  File "/Users/rozhchenko/PycharmProjects/Book_shop/.venv/lib/python3.14/site-packages/redis/connection.py", line 1077, in connect_check_health
    raise e
redis.exceptions.ConnectionError: Error 8 connecting to redis:6379. nodename nor servname provided, or not known.
ERROR | 2026-09-10 08:11:24,613 | log | Internal Server Error: /api/carts/
Traceback (most recent call last):
  File "/Users/rozhchenko/PycharmProjects/Book_shop/.venv/lib/python3.14/site-packages/django_redis/cache.py", line 48, in _decorator
    return method(self, *args, **kwargs)
  File "/Users/rozhchenko/PycharmProjects/Book_shop/.venv/lib/python3.14/site-packages/django_redis/cache.py", line 124, in _get
    return self.client.get(key, default=default, version=version, client=client)
           ~~~~~~~~~~~~~~~^^^^^^^^^^^^^^^^^^^^^^^^^^^^^^^^^^^^^^^^^^^^^^^^^^^^^^
  File "/Users/rozhchenko/PycharmProjects/Book_shop/.venv/lib/python3.14/site-packages/django_redis/client/default.py", line 362, in get
    raise ConnectionInterrupted(connection=client) from e
django_redis.exceptions.ConnectionInterrupted: Redis ConnectionError: Error 8 connecting to redis:6379. nodename nor servname provided, or not known.

During handling of the above exception, another exception occurred:

Traceback (most recent call last):
  File "/Users/rozhchenko/PycharmProjects/Book_shop/.venv/lib/python3.14/site-packages/django/core/handlers/exception.py", line 55, in inner
    response = get_response(request)
  File "/Users/rozhchenko/PycharmProjects/Book_shop/.venv/lib/python3.14/site-packages/django/core/handlers/base.py", line 198, in _get_response
    response = wrapped_callback(request, *callback_args, **callback_kwargs)
  File "/Users/rozhchenko/PycharmProjects/Book_shop/.venv/lib/python3.14/site-packages/django/views/decorators/csrf.py", line 65, in _view_wrapper
    return view_func(request, *args, **kwargs)
  File "/Users/rozhchenko/PycharmProjects/Book_shop/.venv/lib/python3.14/site-packages/rest_framework/viewsets.py", line 124, in view
    return self.dispatch(request, *args, **kwargs)
           ~~~~~~~~~~~~~^^^^^^^^^^^^^^^^^^^^^^^^^^
  File "/Users/rozhchenko/PycharmProjects/Book_shop/.venv/lib/python3.14/site-packages/rest_framework/views.py", line 526, in dispatch
    response = self.handle_exception(exc)
  File "/Users/rozhchenko/PycharmProjects/Book_shop/.venv/lib/python3.14/site-packages/rest_framework/views.py", line 474, in handle_exception
    self.raise_uncaught_exception(exc)
    ~~~~~~~~~~~~~~~~~~~~~~~~~~~~~^^^^^
  File "/Users/rozhchenko/PycharmProjects/Book_shop/.venv/lib/python3.14/site-packages/rest_framework/views.py", line 485, in raise_uncaught_exception
    raise exc
  File "/Users/rozhchenko/PycharmProjects/Book_shop/.venv/lib/python3.14/site-packages/rest_framework/views.py", line 514, in dispatch
    self.initial(request, *args, **kwargs)
    ~~~~~~~~~~~~^^^^^^^^^^^^^^^^^^^^^^^^^^
  File "/Users/rozhchenko/PycharmProjects/Book_shop/.venv/lib/python3.14/site-packages/rest_framework/views.py", line 421, in initial
    self.check_throttles(request)
    ~~~~~~~~~~~~~~~~~~~~^^^^^^^^^
  File "/Users/rozhchenko/PycharmProjects/Book_shop/.venv/lib/python3.14/site-packages/rest_framework/views.py", line 364, in check_throttles
    if not throttle.allow_request(request, self):
           ~~~~~~~~~~~~~~~~~~~~~~^^^^^^^^^^^^^^^
  File "/Users/rozhchenko/PycharmProjects/Book_shop/.venv/lib/python3.14/site-packages/rest_framework/throttling.py", line 123, in allow_request
    self.history = self.cache.get(self.key, [])
                   ~~~~~~~~~~~~~~^^^^^^^^^^^^^^
  File "/Users/rozhchenko/PycharmProjects/Book_shop/.venv/lib/python3.14/site-packages/django_redis/cache.py", line 117, in get
    value = self._get(key, default, version, client)
  File "/Users/rozhchenko/PycharmProjects/Book_shop/.venv/lib/python3.14/site-packages/django_redis/cache.py", line 55, in _decorator
    raise e.__cause__  # type: ignore[misc] # noqa: B904
    ^^^^^^^^^^^^^^^^^
  File "/Users/rozhchenko/PycharmProjects/Book_shop/.venv/lib/python3.14/site-packages/django_redis/client/default.py", line 360, in get
    value = client.get(key)
  File "/Users/rozhchenko/PycharmProjects/Book_shop/.venv/lib/python3.14/site-packages/redis/commands/core.py", line 3200, in get
    return self.execute_command("GET", name, keys=[name])
           ~~~~~~~~~~~~~~~~~~~~^^^^^^^^^^^^^^^^^^^^^^^^^^
  File "/Users/rozhchenko/PycharmProjects/Book_shop/.venv/lib/python3.14/site-packages/redis/client.py", line 867, in execute_command
    return self._execute_command(*args, **options)
           ~~~~~~~~~~~~~~~~~~~~~^^^^^^^^^^^^^^^^^^
  File "/Users/rozhchenko/PycharmProjects/Book_shop/.venv/lib/python3.14/site-packages/redis/client.py", line 873, in _execute_command
    conn = self.connection or pool.get_connection()
                              ~~~~~~~~~~~~~~~~~~~^^
  File "/Users/rozhchenko/PycharmProjects/Book_shop/.venv/lib/python3.14/site-packages/redis/utils.py", line 258, in wrapper
    return func(*args, **kwargs)
  File "/Users/rozhchenko/PycharmProjects/Book_shop/.venv/lib/python3.14/site-packages/redis/connection.py", line 3273, in get_connection
    connection.connect()
    ~~~~~~~~~~~~~~~~~~^^
  File "/Users/rozhchenko/PycharmProjects/Book_shop/.venv/lib/python3.14/site-packages/redis/connection.py", line 1028, in connect
    self.retry.call_with_retry(
    ~~~~~~~~~~~~~~~~~~~~~~~~~~^
        lambda: self.connect_check_health(
        ^^^^^^^^^^^^^^^^^^^^^^^^^^^^^^^^^^
    ...<2 lines>...
        lambda error: self.disconnect(error),
        ^^^^^^^^^^^^^^^^^^^^^^^^^^^^^^^^^^^^^
    )
    ^
  File "/Users/rozhchenko/PycharmProjects/Book_shop/.venv/lib/python3.14/site-packages/redis/retry.py", line 132, in call_with_retry
    raise error
  File "/Users/rozhchenko/PycharmProjects/Book_shop/.venv/lib/python3.14/site-packages/redis/retry.py", line 120, in call_with_retry
    return do()
  File "/Users/rozhchenko/PycharmProjects/Book_shop/.venv/lib/python3.14/site-packages/redis/connection.py", line 1029, in <lambda>
    lambda: self.connect_check_health(
            ~~~~~~~~~~~~~~~~~~~~~~~~~^
        check_health=True, retry_socket_connect=False
        ^^^^^^^^^^^^^^^^^^^^^^^^^^^^^^^^^^^^^^^^^^^^^
    ),
    ^
  File "/Users/rozhchenko/PycharmProjects/Book_shop/.venv/lib/python3.14/site-packages/redis/connection.py", line 1077, in connect_check_health
    raise e
redis.exceptions.ConnectionError: Error 8 connecting to redis:6379. nodename nor servname provided, or not known.
ERROR | 2026-09-10 08:11:26,485 | log | Internal Server Error: /api/carts/
Traceback (most recent call last):
  File "/Users/rozhchenko/PycharmProjects/Book_shop/.venv/lib/python3.14/site-packages/django_redis/cache.py", line 48, in _decorator
    return method(self, *args, **kwargs)
  File "/Users/rozhchenko/PycharmProjects/Book_shop/.venv/lib/python3.14/site-packages/django_redis/cache.py", line 124, in _get
    return self.client.get(key, default=default, version=version, client=client)
           ~~~~~~~~~~~~~~~^^^^^^^^^^^^^^^^^^^^^^^^^^^^^^^^^^^^^^^^^^^^^^^^^^^^^^
  File "/Users/rozhchenko/PycharmProjects/Book_shop/.venv/lib/python3.14/site-packages/django_redis/client/default.py", line 362, in get
    raise ConnectionInterrupted(connection=client) from e
django_redis.exceptions.ConnectionInterrupted: Redis ConnectionError: Error 8 connecting to redis:6379. nodename nor servname provided, or not known.

During handling of the above exception, another exception occurred:

Traceback (most recent call last):
  File "/Users/rozhchenko/PycharmProjects/Book_shop/.venv/lib/python3.14/site-packages/django/core/handlers/exception.py", line 55, in inner
    response = get_response(request)
  File "/Users/rozhchenko/PycharmProjects/Book_shop/.venv/lib/python3.14/site-packages/django/core/handlers/base.py", line 198, in _get_response
    response = wrapped_callback(request, *callback_args, **callback_kwargs)
  File "/Users/rozhchenko/PycharmProjects/Book_shop/.venv/lib/python3.14/site-packages/django/views/decorators/csrf.py", line 65, in _view_wrapper
    return view_func(request, *args, **kwargs)
  File "/Users/rozhchenko/PycharmProjects/Book_shop/.venv/lib/python3.14/site-packages/rest_framework/viewsets.py", line 124, in view
    return self.dispatch(request, *args, **kwargs)
           ~~~~~~~~~~~~~^^^^^^^^^^^^^^^^^^^^^^^^^^
  File "/Users/rozhchenko/PycharmProjects/Book_shop/.venv/lib/python3.14/site-packages/rest_framework/views.py", line 526, in dispatch
    response = self.handle_exception(exc)
  File "/Users/rozhchenko/PycharmProjects/Book_shop/.venv/lib/python3.14/site-packages/rest_framework/views.py", line 474, in handle_exception
    self.raise_uncaught_exception(exc)
    ~~~~~~~~~~~~~~~~~~~~~~~~~~~~~^^^^^
  File "/Users/rozhchenko/PycharmProjects/Book_shop/.venv/lib/python3.14/site-packages/rest_framework/views.py", line 485, in raise_uncaught_exception
    raise exc
  File "/Users/rozhchenko/PycharmProjects/Book_shop/.venv/lib/python3.14/site-packages/rest_framework/views.py", line 514, in dispatch
    self.initial(request, *args, **kwargs)
    ~~~~~~~~~~~~^^^^^^^^^^^^^^^^^^^^^^^^^^
  File "/Users/rozhchenko/PycharmProjects/Book_shop/.venv/lib/python3.14/site-packages/rest_framework/views.py", line 421, in initial
    self.check_throttles(request)
    ~~~~~~~~~~~~~~~~~~~~^^^^^^^^^
  File "/Users/rozhchenko/PycharmProjects/Book_shop/.venv/lib/python3.14/site-packages/rest_framework/views.py", line 364, in check_throttles
    if not throttle.allow_request(request, self):
           ~~~~~~~~~~~~~~~~~~~~~~^^^^^^^^^^^^^^^
  File "/Users/rozhchenko/PycharmProjects/Book_shop/.venv/lib/python3.14/site-packages/rest_framework/throttling.py", line 123, in allow_request
    self.history = self.cache.get(self.key, [])
                   ~~~~~~~~~~~~~~^^^^^^^^^^^^^^
  File "/Users/rozhchenko/PycharmProjects/Book_shop/.venv/lib/python3.14/site-packages/django_redis/cache.py", line 117, in get
    value = self._get(key, default, version, client)
  File "/Users/rozhchenko/PycharmProjects/Book_shop/.venv/lib/python3.14/site-packages/django_redis/cache.py", line 55, in _decorator
    raise e.__cause__  # type: ignore[misc] # noqa: B904
    ^^^^^^^^^^^^^^^^^
  File "/Users/rozhchenko/PycharmProjects/Book_shop/.venv/lib/python3.14/site-packages/django_redis/client/default.py", line 360, in get
    value = client.get(key)
  File "/Users/rozhchenko/PycharmProjects/Book_shop/.venv/lib/python3.14/site-packages/redis/commands/core.py", line 3200, in get
    return self.execute_command("GET", name, keys=[name])
           ~~~~~~~~~~~~~~~~~~~~^^^^^^^^^^^^^^^^^^^^^^^^^^
  File "/Users/rozhchenko/PycharmProjects/Book_shop/.venv/lib/python3.14/site-packages/redis/client.py", line 867, in execute_command
    return self._execute_command(*args, **options)
           ~~~~~~~~~~~~~~~~~~~~~^^^^^^^^^^^^^^^^^^
  File "/Users/rozhchenko/PycharmProjects/Book_shop/.venv/lib/python3.14/site-packages/redis/client.py", line 873, in _execute_command
    conn = self.connection or pool.get_connection()
                              ~~~~~~~~~~~~~~~~~~~^^
  File "/Users/rozhchenko/PycharmProjects/Book_shop/.venv/lib/python3.14/site-packages/redis/utils.py", line 258, in wrapper
    return func(*args, **kwargs)
  File "/Users/rozhchenko/PycharmProjects/Book_shop/.venv/lib/python3.14/site-packages/redis/connection.py", line 3273, in get_connection
    connection.connect()
    ~~~~~~~~~~~~~~~~~~^^
  File "/Users/rozhchenko/PycharmProjects/Book_shop/.venv/lib/python3.14/site-packages/redis/connection.py", line 1028, in connect
    self.retry.call_with_retry(
    ~~~~~~~~~~~~~~~~~~~~~~~~~~^
        lambda: self.connect_check_health(
        ^^^^^^^^^^^^^^^^^^^^^^^^^^^^^^^^^^
    ...<2 lines>...
        lambda error: self.disconnect(error),
        ^^^^^^^^^^^^^^^^^^^^^^^^^^^^^^^^^^^^^
    )
    ^
  File "/Users/rozhchenko/PycharmProjects/Book_shop/.venv/lib/python3.14/site-packages/redis/retry.py", line 132, in call_with_retry
    raise error
  File "/Users/rozhchenko/PycharmProjects/Book_shop/.venv/lib/python3.14/site-packages/redis/retry.py", line 120, in call_with_retry
    return do()
  File "/Users/rozhchenko/PycharmProjects/Book_shop/.venv/lib/python3.14/site-packages/redis/connection.py", line 1029, in <lambda>
    lambda: self.connect_check_health(
            ~~~~~~~~~~~~~~~~~~~~~~~~~^
        check_health=True, retry_socket_connect=False
        ^^^^^^^^^^^^^^^^^^^^^^^^^^^^^^^^^^^^^^^^^^^^^
    ),
    ^
  File "/Users/rozhchenko/PycharmProjects/Book_shop/.venv/lib/python3.14/site-packages/redis/connection.py", line 1077, in connect_check_health
    raise e
redis.exceptions.ConnectionError: Error 8 connecting to redis:6379. nodename nor servname provided, or not known.
WARNING | 2026-09-10 08:11:27,085 | log | Unauthorized: /api/carts/
WARNING | 2026-09-10 08:11:27,119 | log | Unauthorized: /api/carts/
ERROR | 2026-09-10 08:11:27,160 | log | Internal Server Error: /api/books/
Traceback (most recent call last):
  File "/Users/rozhchenko/PycharmProjects/Book_shop/.venv/lib/python3.14/site-packages/django_redis/cache.py", line 48, in _decorator
    return method(self, *args, **kwargs)
  File "/Users/rozhchenko/PycharmProjects/Book_shop/.venv/lib/python3.14/site-packages/django_redis/cache.py", line 124, in _get
    return self.client.get(key, default=default, version=version, client=client)
           ~~~~~~~~~~~~~~~^^^^^^^^^^^^^^^^^^^^^^^^^^^^^^^^^^^^^^^^^^^^^^^^^^^^^^
  File "/Users/rozhchenko/PycharmProjects/Book_shop/.venv/lib/python3.14/site-packages/django_redis/client/default.py", line 362, in get
    raise ConnectionInterrupted(connection=client) from e
django_redis.exceptions.ConnectionInterrupted: Redis ConnectionError: Error 8 connecting to redis:6379. nodename nor servname provided, or not known.

During handling of the above exception, another exception occurred:

Traceback (most recent call last):
  File "/Users/rozhchenko/PycharmProjects/Book_shop/.venv/lib/python3.14/site-packages/django/core/handlers/exception.py", line 55, in inner
    response = get_response(request)
  File "/Users/rozhchenko/PycharmProjects/Book_shop/.venv/lib/python3.14/site-packages/django/core/handlers/base.py", line 198, in _get_response
    response = wrapped_callback(request, *callback_args, **callback_kwargs)
  File "/Users/rozhchenko/PycharmProjects/Book_shop/.venv/lib/python3.14/site-packages/django/views/decorators/csrf.py", line 65, in _view_wrapper
    return view_func(request, *args, **kwargs)
  File "/Users/rozhchenko/PycharmProjects/Book_shop/.venv/lib/python3.14/site-packages/rest_framework/viewsets.py", line 124, in view
    return self.dispatch(request, *args, **kwargs)
           ~~~~~~~~~~~~~^^^^^^^^^^^^^^^^^^^^^^^^^^
  File "/Users/rozhchenko/PycharmProjects/Book_shop/.venv/lib/python3.14/site-packages/rest_framework/views.py", line 526, in dispatch
    response = self.handle_exception(exc)
  File "/Users/rozhchenko/PycharmProjects/Book_shop/.venv/lib/python3.14/site-packages/rest_framework/views.py", line 474, in handle_exception
    self.raise_uncaught_exception(exc)
    ~~~~~~~~~~~~~~~~~~~~~~~~~~~~~^^^^^
  File "/Users/rozhchenko/PycharmProjects/Book_shop/.venv/lib/python3.14/site-packages/rest_framework/views.py", line 485, in raise_uncaught_exception
    raise exc
  File "/Users/rozhchenko/PycharmProjects/Book_shop/.venv/lib/python3.14/site-packages/rest_framework/views.py", line 514, in dispatch
    self.initial(request, *args, **kwargs)
    ~~~~~~~~~~~~^^^^^^^^^^^^^^^^^^^^^^^^^^
  File "/Users/rozhchenko/PycharmProjects/Book_shop/.venv/lib/python3.14/site-packages/rest_framework/views.py", line 421, in initial
    self.check_throttles(request)
    ~~~~~~~~~~~~~~~~~~~~^^^^^^^^^
  File "/Users/rozhchenko/PycharmProjects/Book_shop/.venv/lib/python3.14/site-packages/rest_framework/views.py", line 364, in check_throttles
    if not throttle.allow_request(request, self):
           ~~~~~~~~~~~~~~~~~~~~~~^^^^^^^^^^^^^^^
  File "/Users/rozhchenko/PycharmProjects/Book_shop/.venv/lib/python3.14/site-packages/rest_framework/throttling.py", line 123, in allow_request
    self.history = self.cache.get(self.key, [])
                   ~~~~~~~~~~~~~~^^^^^^^^^^^^^^
  File "/Users/rozhchenko/PycharmProjects/Book_shop/.venv/lib/python3.14/site-packages/django_redis/cache.py", line 117, in get
    value = self._get(key, default, version, client)
  File "/Users/rozhchenko/PycharmProjects/Book_shop/.venv/lib/python3.14/site-packages/django_redis/cache.py", line 55, in _decorator
    raise e.__cause__  # type: ignore[misc] # noqa: B904
    ^^^^^^^^^^^^^^^^^
  File "/Users/rozhchenko/PycharmProjects/Book_shop/.venv/lib/python3.14/site-packages/django_redis/client/default.py", line 360, in get
    value = client.get(key)
  File "/Users/rozhchenko/PycharmProjects/Book_shop/.venv/lib/python3.14/site-packages/redis/commands/core.py", line 3200, in get
    return self.execute_command("GET", name, keys=[name])
           ~~~~~~~~~~~~~~~~~~~~^^^^^^^^^^^^^^^^^^^^^^^^^^
  File "/Users/rozhchenko/PycharmProjects/Book_shop/.venv/lib/python3.14/site-packages/redis/client.py", line 867, in execute_command
    return self._execute_command(*args, **options)
           ~~~~~~~~~~~~~~~~~~~~~^^^^^^^^^^^^^^^^^^
  File "/Users/rozhchenko/PycharmProjects/Book_shop/.venv/lib/python3.14/site-packages/redis/client.py", line 873, in _execute_command
    conn = self.connection or pool.get_connection()
                              ~~~~~~~~~~~~~~~~~~~^^
  File "/Users/rozhchenko/PycharmProjects/Book_shop/.venv/lib/python3.14/site-packages/redis/utils.py", line 258, in wrapper
    return func(*args, **kwargs)
  File "/Users/rozhchenko/PycharmProjects/Book_shop/.venv/lib/python3.14/site-packages/redis/connection.py", line 3273, in get_connection
    connection.connect()
    ~~~~~~~~~~~~~~~~~~^^
  File "/Users/rozhchenko/PycharmProjects/Book_shop/.venv/lib/python3.14/site-packages/redis/connection.py", line 1028, in connect
    self.retry.call_with_retry(
    ~~~~~~~~~~~~~~~~~~~~~~~~~~^
        lambda: self.connect_check_health(
        ^^^^^^^^^^^^^^^^^^^^^^^^^^^^^^^^^^
    ...<2 lines>...
        lambda error: self.disconnect(error),
        ^^^^^^^^^^^^^^^^^^^^^^^^^^^^^^^^^^^^^
    )
    ^
  File "/Users/rozhchenko/PycharmProjects/Book_shop/.venv/lib/python3.14/site-packages/redis/retry.py", line 132, in call_with_retry
    raise error
  File "/Users/rozhchenko/PycharmProjects/Book_shop/.venv/lib/python3.14/site-packages/redis/retry.py", line 120, in call_with_retry
    return do()
  File "/Users/rozhchenko/PycharmProjects/Book_shop/.venv/lib/python3.14/site-packages/redis/connection.py", line 1029, in <lambda>
    lambda: self.connect_check_health(
            ~~~~~~~~~~~~~~~~~~~~~~~~~^
        check_health=True, retry_socket_connect=False
        ^^^^^^^^^^^^^^^^^^^^^^^^^^^^^^^^^^^^^^^^^^^^^
    ),
    ^
  File "/Users/rozhchenko/PycharmProjects/Book_shop/.venv/lib/python3.14/site-packages/redis/connection.py", line 1077, in connect_check_health
    raise e
redis.exceptions.ConnectionError: Error 8 connecting to redis:6379. nodename nor servname provided, or not known.
ERROR | 2026-09-10 08:11:27,791 | log | Internal Server Error: /api/books/
Traceback (most recent call last):
  File "/Users/rozhchenko/PycharmProjects/Book_shop/.venv/lib/python3.14/site-packages/django_redis/cache.py", line 48, in _decorator
    return method(self, *args, **kwargs)
  File "/Users/rozhchenko/PycharmProjects/Book_shop/.venv/lib/python3.14/site-packages/django_redis/cache.py", line 124, in _get
    return self.client.get(key, default=default, version=version, client=client)
           ~~~~~~~~~~~~~~~^^^^^^^^^^^^^^^^^^^^^^^^^^^^^^^^^^^^^^^^^^^^^^^^^^^^^^
  File "/Users/rozhchenko/PycharmProjects/Book_shop/.venv/lib/python3.14/site-packages/django_redis/client/default.py", line 362, in get
    raise ConnectionInterrupted(connection=client) from e
django_redis.exceptions.ConnectionInterrupted: Redis ConnectionError: Error 8 connecting to redis:6379. nodename nor servname provided, or not known.

During handling of the above exception, another exception occurred:

Traceback (most recent call last):
  File "/Users/rozhchenko/PycharmProjects/Book_shop/.venv/lib/python3.14/site-packages/django/core/handlers/exception.py", line 55, in inner
    response = get_response(request)
  File "/Users/rozhchenko/PycharmProjects/Book_shop/.venv/lib/python3.14/site-packages/django/core/handlers/base.py", line 198, in _get_response
    response = wrapped_callback(request, *callback_args, **callback_kwargs)
  File "/Users/rozhchenko/PycharmProjects/Book_shop/.venv/lib/python3.14/site-packages/django/views/decorators/csrf.py", line 65, in _view_wrapper
    return view_func(request, *args, **kwargs)
  File "/Users/rozhchenko/PycharmProjects/Book_shop/.venv/lib/python3.14/site-packages/rest_framework/viewsets.py", line 124, in view
    return self.dispatch(request, *args, **kwargs)
           ~~~~~~~~~~~~~^^^^^^^^^^^^^^^^^^^^^^^^^^
  File "/Users/rozhchenko/PycharmProjects/Book_shop/.venv/lib/python3.14/site-packages/rest_framework/views.py", line 526, in dispatch
    response = self.handle_exception(exc)
  File "/Users/rozhchenko/PycharmProjects/Book_shop/.venv/lib/python3.14/site-packages/rest_framework/views.py", line 474, in handle_exception
    self.raise_uncaught_exception(exc)
    ~~~~~~~~~~~~~~~~~~~~~~~~~~~~~^^^^^
  File "/Users/rozhchenko/PycharmProjects/Book_shop/.venv/lib/python3.14/site-packages/rest_framework/views.py", line 485, in raise_uncaught_exception
    raise exc
  File "/Users/rozhchenko/PycharmProjects/Book_shop/.venv/lib/python3.14/site-packages/rest_framework/views.py", line 514, in dispatch
    self.initial(request, *args, **kwargs)
    ~~~~~~~~~~~~^^^^^^^^^^^^^^^^^^^^^^^^^^
  File "/Users/rozhchenko/PycharmProjects/Book_shop/.venv/lib/python3.14/site-packages/rest_framework/views.py", line 421, in initial
    self.check_throttles(request)
    ~~~~~~~~~~~~~~~~~~~~^^^^^^^^^
  File "/Users/rozhchenko/PycharmProjects/Book_shop/.venv/lib/python3.14/site-packages/rest_framework/views.py", line 364, in check_throttles
    if not throttle.allow_request(request, self):
           ~~~~~~~~~~~~~~~~~~~~~~^^^^^^^^^^^^^^^
  File "/Users/rozhchenko/PycharmProjects/Book_shop/.venv/lib/python3.14/site-packages/rest_framework/throttling.py", line 123, in allow_request
    self.history = self.cache.get(self.key, [])
                   ~~~~~~~~~~~~~~^^^^^^^^^^^^^^
  File "/Users/rozhchenko/PycharmProjects/Book_shop/.venv/lib/python3.14/site-packages/django_redis/cache.py", line 117, in get
    value = self._get(key, default, version, client)
  File "/Users/rozhchenko/PycharmProjects/Book_shop/.venv/lib/python3.14/site-packages/django_redis/cache.py", line 55, in _decorator
    raise e.__cause__  # type: ignore[misc] # noqa: B904
    ^^^^^^^^^^^^^^^^^
  File "/Users/rozhchenko/PycharmProjects/Book_shop/.venv/lib/python3.14/site-packages/django_redis/client/default.py", line 360, in get
    value = client.get(key)
  File "/Users/rozhchenko/PycharmProjects/Book_shop/.venv/lib/python3.14/site-packages/redis/commands/core.py", line 3200, in get
    return self.execute_command("GET", name, keys=[name])
           ~~~~~~~~~~~~~~~~~~~~^^^^^^^^^^^^^^^^^^^^^^^^^^
  File "/Users/rozhchenko/PycharmProjects/Book_shop/.venv/lib/python3.14/site-packages/redis/client.py", line 867, in execute_command
    return self._execute_command(*args, **options)
           ~~~~~~~~~~~~~~~~~~~~~^^^^^^^^^^^^^^^^^^
  File "/Users/rozhchenko/PycharmProjects/Book_shop/.venv/lib/python3.14/site-packages/redis/client.py", line 873, in _execute_command
    conn = self.connection or pool.get_connection()
                              ~~~~~~~~~~~~~~~~~~~^^
  File "/Users/rozhchenko/PycharmProjects/Book_shop/.venv/lib/python3.14/site-packages/redis/utils.py", line 258, in wrapper
    return func(*args, **kwargs)
  File "/Users/rozhchenko/PycharmProjects/Book_shop/.venv/lib/python3.14/site-packages/redis/connection.py", line 3273, in get_connection
    connection.connect()
    ~~~~~~~~~~~~~~~~~~^^
  File "/Users/rozhchenko/PycharmProjects/Book_shop/.venv/lib/python3.14/site-packages/redis/connection.py", line 1028, in connect
    self.retry.call_with_retry(
    ~~~~~~~~~~~~~~~~~~~~~~~~~~^
        lambda: self.connect_check_health(
        ^^^^^^^^^^^^^^^^^^^^^^^^^^^^^^^^^^
    ...<2 lines>...
        lambda error: self.disconnect(error),
        ^^^^^^^^^^^^^^^^^^^^^^^^^^^^^^^^^^^^^
    )
    ^
  File "/Users/rozhchenko/PycharmProjects/Book_shop/.venv/lib/python3.14/site-packages/redis/retry.py", line 132, in call_with_retry
    raise error
  File "/Users/rozhchenko/PycharmProjects/Book_shop/.venv/lib/python3.14/site-packages/redis/retry.py", line 120, in call_with_retry
    return do()
  File "/Users/rozhchenko/PycharmProjects/Book_shop/.venv/lib/python3.14/site-packages/redis/connection.py", line 1029, in <lambda>
    lambda: self.connect_check_health(
            ~~~~~~~~~~~~~~~~~~~~~~~~~^
        check_health=True, retry_socket_connect=False
        ^^^^^^^^^^^^^^^^^^^^^^^^^^^^^^^^^^^^^^^^^^^^^
    ),
    ^
  File "/Users/rozhchenko/PycharmProjects/Book_shop/.venv/lib/python3.14/site-packages/redis/connection.py", line 1077, in connect_check_health
    raise e
redis.exceptions.ConnectionError: Error 8 connecting to redis:6379. nodename nor servname provided, or not known.
ERROR | 2026-09-10 08:11:28,431 | log | Internal Server Error: /api/books/
Traceback (most recent call last):
  File "/Users/rozhchenko/PycharmProjects/Book_shop/.venv/lib/python3.14/site-packages/django_redis/cache.py", line 48, in _decorator
    return method(self, *args, **kwargs)
  File "/Users/rozhchenko/PycharmProjects/Book_shop/.venv/lib/python3.14/site-packages/django_redis/cache.py", line 124, in _get
    return self.client.get(key, default=default, version=version, client=client)
           ~~~~~~~~~~~~~~~^^^^^^^^^^^^^^^^^^^^^^^^^^^^^^^^^^^^^^^^^^^^^^^^^^^^^^
  File "/Users/rozhchenko/PycharmProjects/Book_shop/.venv/lib/python3.14/site-packages/django_redis/client/default.py", line 362, in get
    raise ConnectionInterrupted(connection=client) from e
django_redis.exceptions.ConnectionInterrupted: Redis ConnectionError: Error 8 connecting to redis:6379. nodename nor servname provided, or not known.

During handling of the above exception, another exception occurred:

Traceback (most recent call last):
  File "/Users/rozhchenko/PycharmProjects/Book_shop/.venv/lib/python3.14/site-packages/django/core/handlers/exception.py", line 55, in inner
    response = get_response(request)
  File "/Users/rozhchenko/PycharmProjects/Book_shop/.venv/lib/python3.14/site-packages/django/core/handlers/base.py", line 198, in _get_response
    response = wrapped_callback(request, *callback_args, **callback_kwargs)
  File "/Users/rozhchenko/PycharmProjects/Book_shop/.venv/lib/python3.14/site-packages/django/views/decorators/csrf.py", line 65, in _view_wrapper
    return view_func(request, *args, **kwargs)
  File "/Users/rozhchenko/PycharmProjects/Book_shop/.venv/lib/python3.14/site-packages/rest_framework/viewsets.py", line 124, in view
    return self.dispatch(request, *args, **kwargs)
           ~~~~~~~~~~~~~^^^^^^^^^^^^^^^^^^^^^^^^^^
  File "/Users/rozhchenko/PycharmProjects/Book_shop/.venv/lib/python3.14/site-packages/rest_framework/views.py", line 526, in dispatch
    response = self.handle_exception(exc)
  File "/Users/rozhchenko/PycharmProjects/Book_shop/.venv/lib/python3.14/site-packages/rest_framework/views.py", line 474, in handle_exception
    self.raise_uncaught_exception(exc)
    ~~~~~~~~~~~~~~~~~~~~~~~~~~~~~^^^^^
  File "/Users/rozhchenko/PycharmProjects/Book_shop/.venv/lib/python3.14/site-packages/rest_framework/views.py", line 485, in raise_uncaught_exception
    raise exc
  File "/Users/rozhchenko/PycharmProjects/Book_shop/.venv/lib/python3.14/site-packages/rest_framework/views.py", line 514, in dispatch
    self.initial(request, *args, **kwargs)
    ~~~~~~~~~~~~^^^^^^^^^^^^^^^^^^^^^^^^^^
  File "/Users/rozhchenko/PycharmProjects/Book_shop/.venv/lib/python3.14/site-packages/rest_framework/views.py", line 421, in initial
    self.check_throttles(request)
    ~~~~~~~~~~~~~~~~~~~~^^^^^^^^^
  File "/Users/rozhchenko/PycharmProjects/Book_shop/.venv/lib/python3.14/site-packages/rest_framework/views.py", line 364, in check_throttles
    if not throttle.allow_request(request, self):
           ~~~~~~~~~~~~~~~~~~~~~~^^^^^^^^^^^^^^^
  File "/Users/rozhchenko/PycharmProjects/Book_shop/.venv/lib/python3.14/site-packages/rest_framework/throttling.py", line 123, in allow_request
    self.history = self.cache.get(self.key, [])
                   ~~~~~~~~~~~~~~^^^^^^^^^^^^^^
  File "/Users/rozhchenko/PycharmProjects/Book_shop/.venv/lib/python3.14/site-packages/django_redis/cache.py", line 117, in get
    value = self._get(key, default, version, client)
  File "/Users/rozhchenko/PycharmProjects/Book_shop/.venv/lib/python3.14/site-packages/django_redis/cache.py", line 55, in _decorator
    raise e.__cause__  # type: ignore[misc] # noqa: B904
    ^^^^^^^^^^^^^^^^^
  File "/Users/rozhchenko/PycharmProjects/Book_shop/.venv/lib/python3.14/site-packages/django_redis/client/default.py", line 360, in get
    value = client.get(key)
  File "/Users/rozhchenko/PycharmProjects/Book_shop/.venv/lib/python3.14/site-packages/redis/commands/core.py", line 3200, in get
    return self.execute_command("GET", name, keys=[name])
           ~~~~~~~~~~~~~~~~~~~~^^^^^^^^^^^^^^^^^^^^^^^^^^
  File "/Users/rozhchenko/PycharmProjects/Book_shop/.venv/lib/python3.14/site-packages/redis/client.py", line 867, in execute_command
    return self._execute_command(*args, **options)
           ~~~~~~~~~~~~~~~~~~~~~^^^^^^^^^^^^^^^^^^
  File "/Users/rozhchenko/PycharmProjects/Book_shop/.venv/lib/python3.14/site-packages/redis/client.py", line 873, in _execute_command
    conn = self.connection or pool.get_connection()
                              ~~~~~~~~~~~~~~~~~~~^^
  File "/Users/rozhchenko/PycharmProjects/Book_shop/.venv/lib/python3.14/site-packages/redis/utils.py", line 258, in wrapper
    return func(*args, **kwargs)
  File "/Users/rozhchenko/PycharmProjects/Book_shop/.venv/lib/python3.14/site-packages/redis/connection.py", line 3273, in get_connection
    connection.connect()
    ~~~~~~~~~~~~~~~~~~^^
  File "/Users/rozhchenko/PycharmProjects/Book_shop/.venv/lib/python3.14/site-packages/redis/connection.py", line 1028, in connect
    self.retry.call_with_retry(
    ~~~~~~~~~~~~~~~~~~~~~~~~~~^
        lambda: self.connect_check_health(
        ^^^^^^^^^^^^^^^^^^^^^^^^^^^^^^^^^^
    ...<2 lines>...
        lambda error: self.disconnect(error),
        ^^^^^^^^^^^^^^^^^^^^^^^^^^^^^^^^^^^^^
    )
    ^
  File "/Users/rozhchenko/PycharmProjects/Book_shop/.venv/lib/python3.14/site-packages/redis/retry.py", line 132, in call_with_retry
    raise error
  File "/Users/rozhchenko/PycharmProjects/Book_shop/.venv/lib/python3.14/site-packages/redis/retry.py", line 120, in call_with_retry
    return do()
  File "/Users/rozhchenko/PycharmProjects/Book_shop/.venv/lib/python3.14/site-packages/redis/connection.py", line 1029, in <lambda>
    lambda: self.connect_check_health(
            ~~~~~~~~~~~~~~~~~~~~~~~~~^
        check_health=True, retry_socket_connect=False
        ^^^^^^^^^^^^^^^^^^^^^^^^^^^^^^^^^^^^^^^^^^^^^
    ),
    ^
  File "/Users/rozhchenko/PycharmProjects/Book_shop/.venv/lib/python3.14/site-packages/redis/connection.py", line 1077, in connect_check_health
    raise e
redis.exceptions.ConnectionError: Error 8 connecting to redis:6379. nodename nor servname provided, or not known.
ERROR | 2026-09-10 08:11:29,160 | log | Internal Server Error: /api/books/
Traceback (most recent call last):
  File "/Users/rozhchenko/PycharmProjects/Book_shop/.venv/lib/python3.14/site-packages/django_redis/cache.py", line 48, in _decorator
    return method(self, *args, **kwargs)
  File "/Users/rozhchenko/PycharmProjects/Book_shop/.venv/lib/python3.14/site-packages/django_redis/cache.py", line 124, in _get
    return self.client.get(key, default=default, version=version, client=client)
           ~~~~~~~~~~~~~~~^^^^^^^^^^^^^^^^^^^^^^^^^^^^^^^^^^^^^^^^^^^^^^^^^^^^^^
  File "/Users/rozhchenko/PycharmProjects/Book_shop/.venv/lib/python3.14/site-packages/django_redis/client/default.py", line 362, in get
    raise ConnectionInterrupted(connection=client) from e
django_redis.exceptions.ConnectionInterrupted: Redis ConnectionError: Error 8 connecting to redis:6379. nodename nor servname provided, or not known.

During handling of the above exception, another exception occurred:

Traceback (most recent call last):
  File "/Users/rozhchenko/PycharmProjects/Book_shop/.venv/lib/python3.14/site-packages/django/core/handlers/exception.py", line 55, in inner
    response = get_response(request)
  File "/Users/rozhchenko/PycharmProjects/Book_shop/.venv/lib/python3.14/site-packages/django/core/handlers/base.py", line 198, in _get_response
    response = wrapped_callback(request, *callback_args, **callback_kwargs)
  File "/Users/rozhchenko/PycharmProjects/Book_shop/.venv/lib/python3.14/site-packages/django/views/decorators/csrf.py", line 65, in _view_wrapper
    return view_func(request, *args, **kwargs)
  File "/Users/rozhchenko/PycharmProjects/Book_shop/.venv/lib/python3.14/site-packages/rest_framework/viewsets.py", line 124, in view
    return self.dispatch(request, *args, **kwargs)
           ~~~~~~~~~~~~~^^^^^^^^^^^^^^^^^^^^^^^^^^
  File "/Users/rozhchenko/PycharmProjects/Book_shop/.venv/lib/python3.14/site-packages/rest_framework/views.py", line 526, in dispatch
    response = self.handle_exception(exc)
  File "/Users/rozhchenko/PycharmProjects/Book_shop/.venv/lib/python3.14/site-packages/rest_framework/views.py", line 474, in handle_exception
    self.raise_uncaught_exception(exc)
    ~~~~~~~~~~~~~~~~~~~~~~~~~~~~~^^^^^
  File "/Users/rozhchenko/PycharmProjects/Book_shop/.venv/lib/python3.14/site-packages/rest_framework/views.py", line 485, in raise_uncaught_exception
    raise exc
  File "/Users/rozhchenko/PycharmProjects/Book_shop/.venv/lib/python3.14/site-packages/rest_framework/views.py", line 514, in dispatch
    self.initial(request, *args, **kwargs)
    ~~~~~~~~~~~~^^^^^^^^^^^^^^^^^^^^^^^^^^
  File "/Users/rozhchenko/PycharmProjects/Book_shop/.venv/lib/python3.14/site-packages/rest_framework/views.py", line 421, in initial
    self.check_throttles(request)
    ~~~~~~~~~~~~~~~~~~~~^^^^^^^^^
  File "/Users/rozhchenko/PycharmProjects/Book_shop/.venv/lib/python3.14/site-packages/rest_framework/views.py", line 364, in check_throttles
    if not throttle.allow_request(request, self):
           ~~~~~~~~~~~~~~~~~~~~~~^^^^^^^^^^^^^^^
  File "/Users/rozhchenko/PycharmProjects/Book_shop/.venv/lib/python3.14/site-packages/rest_framework/throttling.py", line 123, in allow_request
    self.history = self.cache.get(self.key, [])
                   ~~~~~~~~~~~~~~^^^^^^^^^^^^^^
  File "/Users/rozhchenko/PycharmProjects/Book_shop/.venv/lib/python3.14/site-packages/django_redis/cache.py", line 117, in get
    value = self._get(key, default, version, client)
  File "/Users/rozhchenko/PycharmProjects/Book_shop/.venv/lib/python3.14/site-packages/django_redis/cache.py", line 55, in _decorator
    raise e.__cause__  # type: ignore[misc] # noqa: B904
    ^^^^^^^^^^^^^^^^^
  File "/Users/rozhchenko/PycharmProjects/Book_shop/.venv/lib/python3.14/site-packages/django_redis/client/default.py", line 360, in get
    value = client.get(key)
  File "/Users/rozhchenko/PycharmProjects/Book_shop/.venv/lib/python3.14/site-packages/redis/commands/core.py", line 3200, in get
    return self.execute_command("GET", name, keys=[name])
           ~~~~~~~~~~~~~~~~~~~~^^^^^^^^^^^^^^^^^^^^^^^^^^
  File "/Users/rozhchenko/PycharmProjects/Book_shop/.venv/lib/python3.14/site-packages/redis/client.py", line 867, in execute_command
    return self._execute_command(*args, **options)
           ~~~~~~~~~~~~~~~~~~~~~^^^^^^^^^^^^^^^^^^
  File "/Users/rozhchenko/PycharmProjects/Book_shop/.venv/lib/python3.14/site-packages/redis/client.py", line 873, in _execute_command
    conn = self.connection or pool.get_connection()
                              ~~~~~~~~~~~~~~~~~~~^^
  File "/Users/rozhchenko/PycharmProjects/Book_shop/.venv/lib/python3.14/site-packages/redis/utils.py", line 258, in wrapper
    return func(*args, **kwargs)
  File "/Users/rozhchenko/PycharmProjects/Book_shop/.venv/lib/python3.14/site-packages/redis/connection.py", line 3273, in get_connection
    connection.connect()
    ~~~~~~~~~~~~~~~~~~^^
  File "/Users/rozhchenko/PycharmProjects/Book_shop/.venv/lib/python3.14/site-packages/redis/connection.py", line 1028, in connect
    self.retry.call_with_retry(
    ~~~~~~~~~~~~~~~~~~~~~~~~~~^
        lambda: self.connect_check_health(
        ^^^^^^^^^^^^^^^^^^^^^^^^^^^^^^^^^^
    ...<2 lines>...
        lambda error: self.disconnect(error),
        ^^^^^^^^^^^^^^^^^^^^^^^^^^^^^^^^^^^^^
    )
    ^
  File "/Users/rozhchenko/PycharmProjects/Book_shop/.venv/lib/python3.14/site-packages/redis/retry.py", line 132, in call_with_retry
    raise error
  File "/Users/rozhchenko/PycharmProjects/Book_shop/.venv/lib/python3.14/site-packages/redis/retry.py", line 120, in call_with_retry
    return do()
  File "/Users/rozhchenko/PycharmProjects/Book_shop/.venv/lib/python3.14/site-packages/redis/connection.py", line 1029, in <lambda>
    lambda: self.connect_check_health(
            ~~~~~~~~~~~~~~~~~~~~~~~~~^
        check_health=True, retry_socket_connect=False
        ^^^^^^^^^^^^^^^^^^^^^^^^^^^^^^^^^^^^^^^^^^^^^
    ),
    ^
  File "/Users/rozhchenko/PycharmProjects/Book_shop/.venv/lib/python3.14/site-packages/redis/connection.py", line 1077, in connect_check_health
    raise e
redis.exceptions.ConnectionError: Error 8 connecting to redis:6379. nodename nor servname provided, or not known.
ERROR | 2026-09-10 08:11:54,583 | log | Internal Server Error: /
Traceback (most recent call last):
  File "/Users/rozhchenko/PycharmProjects/Book_shop/.venv/lib/python3.14/site-packages/django_redis/cache.py", line 48, in _decorator
    return method(self, *args, **kwargs)
  File "/Users/rozhchenko/PycharmProjects/Book_shop/.venv/lib/python3.14/site-packages/django_redis/cache.py", line 124, in _get
    return self.client.get(key, default=default, version=version, client=client)
           ~~~~~~~~~~~~~~~^^^^^^^^^^^^^^^^^^^^^^^^^^^^^^^^^^^^^^^^^^^^^^^^^^^^^^
  File "/Users/rozhchenko/PycharmProjects/Book_shop/.venv/lib/python3.14/site-packages/django_redis/client/default.py", line 362, in get
    raise ConnectionInterrupted(connection=client) from e
django_redis.exceptions.ConnectionInterrupted: Redis ConnectionError: Error 8 connecting to redis:6379. nodename nor servname provided, or not known.

During handling of the above exception, another exception occurred:

Traceback (most recent call last):
  File "/Users/rozhchenko/PycharmProjects/Book_shop/.venv/lib/python3.14/site-packages/django/core/handlers/exception.py", line 55, in inner
    response = get_response(request)
  File "/Users/rozhchenko/PycharmProjects/Book_shop/.venv/lib/python3.14/site-packages/django/core/handlers/base.py", line 198, in _get_response
    response = wrapped_callback(request, *callback_args, **callback_kwargs)
  File "/Users/rozhchenko/PycharmProjects/Book_shop/.venv/lib/python3.14/site-packages/asgiref/sync.py", line 325, in __call__
    return call_result.result()
           ~~~~~~~~~~~~~~~~~~^^
  File "/Library/Frameworks/Python.framework/Versions/3.14/lib/python3.14/concurrent/futures/_base.py", line 443, in result
    return self.__get_result()
           ~~~~~~~~~~~~~~~~~^^
  File "/Library/Frameworks/Python.framework/Versions/3.14/lib/python3.14/concurrent/futures/_base.py", line 395, in __get_result
    raise self._exception
  File "/Users/rozhchenko/PycharmProjects/Book_shop/.venv/lib/python3.14/site-packages/asgiref/sync.py", line 365, in main_wrap
    result = await awaitable
             ^^^^^^^^^^^^^^^
  File "/Users/rozhchenko/PycharmProjects/Book_shop/shop/views.py", line 61, in async_book_list
    return render(request, 'shop/book_list.html', context)
  File "/Users/rozhchenko/PycharmProjects/Book_shop/.venv/lib/python3.14/site-packages/django/shortcuts.py", line 25, in render
    content = loader.render_to_string(template_name, context, request, using=using)
  File "/Users/rozhchenko/PycharmProjects/Book_shop/.venv/lib/python3.14/site-packages/django/template/loader.py", line 62, in render_to_string
    return template.render(context, request)
           ~~~~~~~~~~~~~~~^^^^^^^^^^^^^^^^^^
  File "/Users/rozhchenko/PycharmProjects/Book_shop/.venv/lib/python3.14/site-packages/django/template/backends/django.py", line 107, in render
    return self.template.render(context)
           ~~~~~~~~~~~~~~~~~~~~^^^^^^^^^
  File "/Users/rozhchenko/PycharmProjects/Book_shop/.venv/lib/python3.14/site-packages/django/template/base.py", line 174, in render
    return self._render(context)
           ~~~~~~~~~~~~^^^^^^^^^
  File "/Users/rozhchenko/PycharmProjects/Book_shop/.venv/lib/python3.14/site-packages/django/test/utils.py", line 114, in instrumented_test_render
    return self.nodelist.render(context)
           ~~~~~~~~~~~~~~~~~~~~^^^^^^^^^
  File "/Users/rozhchenko/PycharmProjects/Book_shop/.venv/lib/python3.14/site-packages/django/template/base.py", line 1091, in render
    return SafeString("".join([node.render_annotated(context) for node in self]))
                               ~~~~~~~~~~~~~~~~~~~~~^^^^^^^^^
  File "/Users/rozhchenko/PycharmProjects/Book_shop/.venv/lib/python3.14/site-packages/django/template/base.py", line 1052, in render_annotated
    return self.render(context)
           ~~~~~~~~~~~^^^^^^^^^
  File "/Users/rozhchenko/PycharmProjects/Book_shop/.venv/lib/python3.14/site-packages/django/template/loader_tags.py", line 160, in render
    return compiled_parent._render(context)
           ~~~~~~~~~~~~~~~~~~~~~~~^^^^^^^^^
  File "/Users/rozhchenko/PycharmProjects/Book_shop/.venv/lib/python3.14/site-packages/django/test/utils.py", line 114, in instrumented_test_render
    return self.nodelist.render(context)
           ~~~~~~~~~~~~~~~~~~~~^^^^^^^^^
  File "/Users/rozhchenko/PycharmProjects/Book_shop/.venv/lib/python3.14/site-packages/django/template/base.py", line 1091, in render
    return SafeString("".join([node.render_annotated(context) for node in self]))
                               ~~~~~~~~~~~~~~~~~~~~~^^^^^^^^^
  File "/Users/rozhchenko/PycharmProjects/Book_shop/.venv/lib/python3.14/site-packages/django/template/base.py", line 1052, in render_annotated
    return self.render(context)
           ~~~~~~~~~~~^^^^^^^^^
  File "/Users/rozhchenko/PycharmProjects/Book_shop/.venv/lib/python3.14/site-packages/django/template/loader_tags.py", line 66, in render
    result = block.nodelist.render(context)
  File "/Users/rozhchenko/PycharmProjects/Book_shop/.venv/lib/python3.14/site-packages/django/template/base.py", line 1091, in render
    return SafeString("".join([node.render_annotated(context) for node in self]))
                               ~~~~~~~~~~~~~~~~~~~~~^^^^^^^^^
  File "/Users/rozhchenko/PycharmProjects/Book_shop/.venv/lib/python3.14/site-packages/django/template/base.py", line 1052, in render_annotated
    return self.render(context)
           ~~~~~~~~~~~^^^^^^^^^
  File "/Users/rozhchenko/PycharmProjects/Book_shop/.venv/lib/python3.14/site-packages/django/templatetags/cache.py", line 51, in render
    value = fragment_cache.get(cache_key)
  File "/Users/rozhchenko/PycharmProjects/Book_shop/.venv/lib/python3.14/site-packages/django_redis/cache.py", line 117, in get
    value = self._get(key, default, version, client)
  File "/Users/rozhchenko/PycharmProjects/Book_shop/.venv/lib/python3.14/site-packages/django_redis/cache.py", line 55, in _decorator
    raise e.__cause__  # type: ignore[misc] # noqa: B904
    ^^^^^^^^^^^^^^^^^
  File "/Users/rozhchenko/PycharmProjects/Book_shop/.venv/lib/python3.14/site-packages/django_redis/client/default.py", line 360, in get
    value = client.get(key)
  File "/Users/rozhchenko/PycharmProjects/Book_shop/.venv/lib/python3.14/site-packages/redis/commands/core.py", line 3200, in get
    return self.execute_command("GET", name, keys=[name])
           ~~~~~~~~~~~~~~~~~~~~^^^^^^^^^^^^^^^^^^^^^^^^^^
  File "/Users/rozhchenko/PycharmProjects/Book_shop/.venv/lib/python3.14/site-packages/redis/client.py", line 867, in execute_command
    return self._execute_command(*args, **options)
           ~~~~~~~~~~~~~~~~~~~~~^^^^^^^^^^^^^^^^^^
  File "/Users/rozhchenko/PycharmProjects/Book_shop/.venv/lib/python3.14/site-packages/redis/client.py", line 873, in _execute_command
    conn = self.connection or pool.get_connection()
                              ~~~~~~~~~~~~~~~~~~~^^
  File "/Users/rozhchenko/PycharmProjects/Book_shop/.venv/lib/python3.14/site-packages/redis/utils.py", line 258, in wrapper
    return func(*args, **kwargs)
  File "/Users/rozhchenko/PycharmProjects/Book_shop/.venv/lib/python3.14/site-packages/redis/connection.py", line 3273, in get_connection
    connection.connect()
    ~~~~~~~~~~~~~~~~~~^^
  File "/Users/rozhchenko/PycharmProjects/Book_shop/.venv/lib/python3.14/site-packages/redis/connection.py", line 1028, in connect
    self.retry.call_with_retry(
    ~~~~~~~~~~~~~~~~~~~~~~~~~~^
        lambda: self.connect_check_health(
        ^^^^^^^^^^^^^^^^^^^^^^^^^^^^^^^^^^
    ...<2 lines>...
        lambda error: self.disconnect(error),
        ^^^^^^^^^^^^^^^^^^^^^^^^^^^^^^^^^^^^^
    )
    ^
  File "/Users/rozhchenko/PycharmProjects/Book_shop/.venv/lib/python3.14/site-packages/redis/retry.py", line 132, in call_with_retry
    raise error
  File "/Users/rozhchenko/PycharmProjects/Book_shop/.venv/lib/python3.14/site-packages/redis/retry.py", line 120, in call_with_retry
    return do()
  File "/Users/rozhchenko/PycharmProjects/Book_shop/.venv/lib/python3.14/site-packages/redis/connection.py", line 1029, in <lambda>
    lambda: self.connect_check_health(
            ~~~~~~~~~~~~~~~~~~~~~~~~~^
        check_health=True, retry_socket_connect=False
        ^^^^^^^^^^^^^^^^^^^^^^^^^^^^^^^^^^^^^^^^^^^^^
    ),
    ^
  File "/Users/rozhchenko/PycharmProjects/Book_shop/.venv/lib/python3.14/site-packages/redis/connection.py", line 1077, in connect_check_health
    raise e
redis.exceptions.ConnectionError: Error 8 connecting to redis:6379. nodename nor servname provided, or not known.
WARNING | 2026-09-10 08:11:55,911 | log | Not Found: /books/999
WARNING | 2026-09-10 08:12:00,329 | log | Forbidden (Permission denied): /books/add
Traceback (most recent call last):
  File "/Users/rozhchenko/PycharmProjects/Book_shop/.venv/lib/python3.14/site-packages/django/core/handlers/exception.py", line 55, in inner
    response = get_response(request)
  File "/Users/rozhchenko/PycharmProjects/Book_shop/.venv/lib/python3.14/site-packages/django/core/handlers/base.py", line 198, in _get_response
    response = wrapped_callback(request, *callback_args, **callback_kwargs)
  File "/Users/rozhchenko/PycharmProjects/Book_shop/.venv/lib/python3.14/site-packages/django/views/generic/base.py", line 106, in view
    return self.dispatch(request, *args, **kwargs)
           ~~~~~~~~~~~~~^^^^^^^^^^^^^^^^^^^^^^^^^^
  File "/Users/rozhchenko/PycharmProjects/Book_shop/.venv/lib/python3.14/site-packages/django/contrib/auth/mixins.py", line 135, in dispatch
    return self.handle_no_permission()
           ~~~~~~~~~~~~~~~~~~~~~~~~~^^
  File "/Users/rozhchenko/PycharmProjects/Book_shop/.venv/lib/python3.14/site-packages/django/contrib/auth/mixins.py", line 49, in handle_no_permission
    raise PermissionDenied(self.get_permission_denied_message())
django.core.exceptions.PermissionDenied
WARNING | 2026-09-10 08:12:04,215 | log | Not Found: /non-existent-url-12345/
WARNING | 2026-09-10 18:46:10,294 | log | Unauthorized: /api/orders/
WARNING | 2026-09-10 18:46:10,444 | log | Unauthorized: /api/carts/
WARNING | 2026-09-10 18:46:18,019 | log | Unauthorized: /api/token/
WARNING | 2026-09-10 18:46:20,693 | log | Forbidden: /api/categories/
WARNING | 2026-09-10 18:46:23,240 | log | Forbidden: /api/categories/999/
WARNING | 2026-09-10 18:46:23,369 | log | Not Found: /api/categories/999/
WARNING | 2026-09-10 18:46:25,765 | log | Forbidden: /api/books/
WARNING | 2026-09-10 18:46:25,882 | log | Bad Request: /api/books/
WARNING | 2026-09-10 18:46:28,230 | log | Forbidden: /api/books/999/
WARNING | 2026-09-10 18:46:28,352 | log | Not Found: /api/books/999/
WARNING | 2026-09-10 18:46:31,130 | log | Not Found: /api/carts/
WARNING | 2026-09-10 18:46:31,284 | log | Unauthorized: /api/carts/
WARNING | 2026-09-10 18:46:31,428 | log | Unauthorized: /api/carts/
WARNING | 2026-09-10 18:46:49,353 | log | Not Found: /books/999
WARNING | 2026-09-10 18:46:52,754 | log | Forbidden (Permission denied): /books/add
Traceback (most recent call last):
  File "/usr/local/lib/python3.12/site-packages/django/core/handlers/exception.py", line 55, in inner
    response = get_response(request)
               ^^^^^^^^^^^^^^^^^^^^^
  File "/usr/local/lib/python3.12/site-packages/django/core/handlers/base.py", line 198, in _get_response
    response = wrapped_callback(request, *callback_args, **callback_kwargs)
               ^^^^^^^^^^^^^^^^^^^^^^^^^^^^^^^^^^^^^^^^^^^^^^^^^^^^^^^^^^^^
  File "/usr/local/lib/python3.12/site-packages/django/views/generic/base.py", line 106, in view
    return self.dispatch(request, *args, **kwargs)
           ^^^^^^^^^^^^^^^^^^^^^^^^^^^^^^^^^^^^^^^
  File "/usr/local/lib/python3.12/site-packages/django/contrib/auth/mixins.py", line 135, in dispatch
    return self.handle_no_permission()
           ^^^^^^^^^^^^^^^^^^^^^^^^^^^
  File "/usr/local/lib/python3.12/site-packages/django/contrib/auth/mixins.py", line 49, in handle_no_permission
    raise PermissionDenied(self.get_permission_denied_message())
django.core.exceptions.PermissionDenied
WARNING | 2026-09-10 18:46:56,002 | log | Not Found: /non-existent-url-12345/
WARNING | 2026-09-10 18:54:34,335 | log | Unauthorized: /api/orders/
WARNING | 2026-09-10 18:54:34,469 | log | Unauthorized: /api/carts/
WARNING | 2026-09-10 18:54:41,592 | log | Unauthorized: /api/token/
WARNING | 2026-09-10 18:54:43,832 | log | Forbidden: /api/categories/
WARNING | 2026-09-10 18:54:46,137 | log | Forbidden: /api/categories/999/
WARNING | 2026-09-10 18:54:46,257 | log | Not Found: /api/categories/999/
WARNING | 2026-09-10 18:54:48,507 | log | Forbidden: /api/books/
WARNING | 2026-09-10 18:54:48,613 | log | Bad Request: /api/books/
WARNING | 2026-09-10 18:54:51,064 | log | Forbidden: /api/books/999/
WARNING | 2026-09-10 18:54:51,216 | log | Not Found: /api/books/999/
WARNING | 2026-09-10 18:54:53,640 | log | Not Found: /api/carts/
WARNING | 2026-09-10 18:54:53,771 | log | Unauthorized: /api/carts/
WARNING | 2026-09-10 18:54:53,902 | log | Unauthorized: /api/carts/
WARNING | 2026-09-10 18:55:11,371 | log | Not Found: /books/999
WARNING | 2026-09-10 18:55:14,508 | log | Forbidden (Permission denied): /books/add
Traceback (most recent call last):
  File "/usr/local/lib/python3.12/site-packages/django/core/handlers/exception.py", line 55, in inner
    response = get_response(request)
               ^^^^^^^^^^^^^^^^^^^^^
  File "/usr/local/lib/python3.12/site-packages/django/core/handlers/base.py", line 198, in _get_response
    response = wrapped_callback(request, *callback_args, **callback_kwargs)
               ^^^^^^^^^^^^^^^^^^^^^^^^^^^^^^^^^^^^^^^^^^^^^^^^^^^^^^^^^^^^
  File "/usr/local/lib/python3.12/site-packages/django/views/generic/base.py", line 106, in view
    return self.dispatch(request, *args, **kwargs)
           ^^^^^^^^^^^^^^^^^^^^^^^^^^^^^^^^^^^^^^^
  File "/usr/local/lib/python3.12/site-packages/django/contrib/auth/mixins.py", line 135, in dispatch
    return self.handle_no_permission()
           ^^^^^^^^^^^^^^^^^^^^^^^^^^^
  File "/usr/local/lib/python3.12/site-packages/django/contrib/auth/mixins.py", line 49, in handle_no_permission
    raise PermissionDenied(self.get_permission_denied_message())
django.core.exceptions.PermissionDenied
WARNING | 2026-09-10 18:55:17,645 | log | Not Found: /non-existent-url-12345/
